0x5a0c,0x7a98,0101101000001100,0111101010011000,0010000010010100,4
0x98fe,0xcf48,1001100011111110,1100111101001000,0101011110110110,5
0xa3e7,0xfd23,1010001111100111,1111110100100011,0101111011000100,4
0x601f,0x3fbe,0110000000011111,0011111110111110,0101111110100001,4
0xcda1,0xf2c2,1100110110100001,1111001011000010,0011111101100011,3
0xd0d3,0xc91d,1101000011010011,1100100100011101,0001100111001110,3
0x2dee,0x7aec,0010110111101110,0111101011101100,0101011100000010,4
0x683f,0x4a8c,0110100000111111,0100101010001100,0010001010110011,5
0x3b97,0x23b2,0011101110010111,0010001110110010,0001100000100101,4
0xef3a,0xd0ff,1110111100111010,1101000011111111,0011111111000101,3
0x02d5,0x268c,0000001011010101,0010011010001100,0010010001011001,5
0x7945,0x2c8a,0111100101000101,0010110010001010,0101010111001111,5
0x9eb3,0x5593,1001111010110011,0101010110010011,1100101100100000,4
0x588f,0x4a8b,0101100010001111,0100101010001011,0001001000000100,3
0xf0af,0xf6a4,1111000010101111,1111011010100100,0000011000001011,3
0x282a,0xaa3e,0010100000101010,1010101000111110,1000001000010100,4
0xf656,0x85e8,1111011001010110,1000010111101000,0111001110111110,3
0x187a,0x53a9,0001100001111010,0101001110101001,0100101111010011,5
0x5688,0x5e66,0101011010001000,0101111001100110,0000100011101110,3
0x3c07,0x9047,0011110000000111,1001000001000111,1010110001000000,4
0xcf81,0x8bbc,1100111110000001,1000101110111100,0100010000111101,4
0x7490,0x34fc,0111010010010000,0011010011111100,0100000001101100,3
0x168b,0xf75c,0001011010001011,1111011101011100,1110000111010111,3|4
0x4883,0x8cce,0100100010000011,1000110011001110,1100010001001101,4|5
0x76ee,0x97a1,0111011011101110,1001011110100001,1110000101001111,3|4
0x0f61,0x2186,0000111101100001,0010000110000110,0010111011100111,4
0x2731,0xf2a4,0010011100110001,1111001010100100,1101010110010101,6|7
0xaf1c,0x9d92,1010111100011100,1001110110010010,0011001010001110,4
0x0159,0x30ea,0000000101011001,0011000011101010,0011000110110011,4
0x6c87,0xeab3,0110110010000111,1110101010110011,1000011000110100,4
0xaec0,0xd7a9,1010111011000000,1101011110101001,0111100101101001,5
0x5ebd,0xaa94,0101111010111101,1010101010010100,1111010000101001,4|5
0x25fc,0xc7e4,0010010111111100,1100011111100100,1110001000011000,3
0xe1b7,0x106d,1110000110110111,0001000001101101,1111000111011010,4
0xc208,0x1a53,1100001000001000,0001101001010011,1101100001011011,4|5
0x3ce5,0x28be,0011110011100101,0010100010111110,0001010001011011,5
0x41b1,0xf88d,0100000110110001,1111100010001101,1011100100111100,4
0x3fbf,0x119c,0011111110111111,0001000110011100,0010111000100011,4
0x9aa3,0x26bc,1001101010100011,0010011010111100,1011110000011111,2|3
0xe740,0x788a,1110011101000000,0111100010001010,1001111111001010,4
0x9732,0x543e,1001011100110010,0101010000111110,1100001100001100,3
0xa46e,0xb0ec,1010010001101110,1011000011101100,0001010010000010,4
0xa1f1,0x941f,1010000111110001,1001010000011111,0011010111101110,4
0xd61d,0x2b42,1101011000011101,0010101101000010,1111110101011111,3|4
0x15b8,0x80fc,0001010110111000,1000000011111100,1001010101000100,6
0x5762,0xe362,0101011101100010,1110001101100010,1011010000000000,3
0xbd37,0x0500,1011110100110111,0000010100000000,1011100000110111,3|4
0x9683,0xbf04,1001011010000011,1011111100000100,0010100110000111,4
0x8e76,0xee4e,1000111001110110,1110111001001110,0110000000111000,2
0x9125,0x9b36,1001000100100101,1001101100110110,0000101000010011,4
0x19a1,0x530e,0001100110100001,0101001100001110,0100101010101111,6
0x2b4c,0xd265,0010101101001100,1101001001100101,1111100100101001,4|5
0xb457,0x7576,1011010001010111,0111010101110110,1100000100100001,3|4
0x2575,0x11c7,0010010101110101,0001000111000111,0011010010110010,5
0x4e17,0x6900,0100111000010111,0110100100000000,0010011100010111,4
0x7546,0x9537,0111010101000110,1001010100110111,1110000001110001,2|3
0xd581,0xd66c,1101010110000001,1101011001101100,0000001111101101,3
0xcdb0,0x5850,1100110110110000,0101100001010000,1001010111100000,4
0x1012,0x0920,0001000000010010,0000100100100000,0001100100110010,4
0x0bb6,0xab66,0000101110110110,1010101101100110,1010000011010000,4
0xae68,0xf453,1010111001101000,1111010001010011,0101101000111011,5
0xdfa7,0x1530,1101111110100111,0001010100110000,1100101010010111,5|6
0x80a9,0x0f7c,1000000010101001,0000111101111100,1000111111010101,4|5
0x0e56,0xe5b7,0000111001010110,1110010110110111,1110101111100001,3|4
0x7bb9,0x69b7,0111101110111001,0110100110110111,0001001000001110,3
0xa1dc,0x8b77,1010000111011100,1000101101110111,0010101010101011,7
0x3584,0x979c,0011010110000100,1001011110011100,1010001000011000,4
0x2302,0xbde1,0010001100000010,1011110111100001,1001111011100011,3|4
0xb3d4,0xdbb5,1011001111010100,1101101110110101,0110100001100001,4
0x24e0,0x1607,0010010011100000,0001011000000111,0011001011100111,4
0x4265,0x018b,0100001001100101,0000000110001011,0100001111101110,3
0x8981,0xfd8b,1000100110000001,1111110110001011,0111010000001010,4
0xf668,0x2394,1111011001101000,0010001110010100,1101010111111100,4
0x13f4,0x9b81,0001001111110100,1001101110000001,1000100001110101,4|5
0xe6f7,0x08ba,1110011011110111,0000100010111010,1110111001001101,4|5
0xb990,0x0f07,1011100110010000,0000111100000111,1011011010010111,5|6
0x1fc9,0xe679,0001111111001001,1110011001111001,1111100110110000,3
0xc331,0x0105,1100001100110001,0000000100000101,1100001000110100,4
0x2de5,0xb7ec,0010110111100101,1011011111101100,1001101000001001,4|5
0x94f4,0x5500,1001010011110100,0101010100000000,1100000111110100,3
0x2fc4,0x20fc,0010111111000100,0010000011111100,0000111100111000,2
0xa8f8,0xfb6e,1010100011111000,1111101101101110,0101001110010110,5
0xf4f3,0x28be,1111010011110011,0010100010111110,1101110001001101,4|5
0x414f,0xae0d,0100000101001111,1010111000001101,1110111101000010,4
0x58ba,0x5cdd,0101100010111010,0101110011011101,0000010001100111,3
0x2399,0x0553,0010001110011001,0000010101010011,0010011011001010,5
0xeef0,0x8fe7,1110111011110000,1000111111100111,0110000100010111,4
0x99fd,0xa1b1,1001100111111101,1010000110110001,0011100001001100,3
0xdeab,0x4468,1101111010101011,0100010001101000,1001101011000011,4|5
0x14cb,0xaec2,0001010011001011,1010111011000010,1011101000001001,4|5
0x2a40,0x7bb7,0010101001000000,0111101110110111,0101000111110111,4
0xef73,0x0146,1110111101110011,0000000101000110,1110111000110101,4|5
0x7a95,0x417f,0111101010010101,0100000101111111,0011101111101010,4
0x13c4,0xbb18,0001001111000100,1011101100011000,1010100011011100,5
0x69e2,0xcfb9,0110100111100010,1100111110111001,1010011001011011,5|6
0x6ae2,0xde61,0110101011100010,1101111001100001,1011010010000011,4|5
0x0874,0xf527,0000100001110100,1111010100100111,1111110101010011,4|5
0xe9e2,0x7c08,1110100111100010,0111110000001000,1001010111101010,6
0x526a,0xe71d,0101001001101010,1110011100011101,1011010101110111,5|6
0x6366,0x793a,0110001101100110,0111100100111010,0001101001011100,4
0x8ccb,0xdba0,1000110011001011,1101101110100000,0101011101101011,6
0x2ecb,0x2a88,0010111011001011,0010101010001000,0000010001000011,3
0xcab9,0x0898,1100101010111001,0000100010011000,1100001000100001,3|4
0x6fb5,0xbff7,0110111110110101,1011111111110111,1101000001000010,4
0xae83,0xb870,1010111010000011,1011100001110000,0001011011110011,4
0x1a3a,0x3300,0001101000111010,0011001100000000,0010100100111010,5
0x8a85,0xe4ea,1000101010000101,1110010011101010,0110111001101111,4
0x8f2a,0xf65d,1000111100101010,1111011001011101,0111100101110111,4
0x4ff9,0xa64a,0100111111111001,1010011001001010,1110100110110011,4|5
0xe4fa,0xf3f2,1110010011111010,1111001111110010,0001011100001000,3
0x0cd3,0x9bfa,0000110011010011,1001101111111010,1001011100101001,5|6
0xa25d,0x58e5,1010001001011101,0101100011100101,1111101010111000,4
0xcbe0,0x2349,1100101111100000,0010001101001001,1110100010101001,5|6
0x319b,0x08f2,0011000110011011,0000100011110010,0011100101101001,5
0x7492,0x7f97,0111010010010010,0111111110010111,0000101100000101,4
0xcbef,0xad06,1100101111101111,1010110100000110,0110011011101001,5
0x0374,0x1da3,0000001101110100,0001110110100011,0001111011010111,4
0x1e7f,0x87f9,0001111001111111,1000011111111001,1001100110000110,4
0x3865,0x2354,0011100001100101,0010001101010100,0001101100110001,4
0xb2f9,0xadd5,1011001011111001,1010110111010101,0001111100101100,3
0x53d7,0x4b6e,0101001111010111,0100101101101110,0001100010111001,4
0x4555,0xfa8e,0100010101010101,1111101010001110,1011111111011011,3|4
0x4389,0x394c,0100001110001001,0011100101001100,0111101011000101,5
0x75c0,0x5aaa,0111010111000000,0101101010101010,0010111101101010,5
0xc8cf,0xb0af,1100100011001111,1011000010101111,0111100001100000,2
0x528c,0x1ad3,0101001010001100,0001101011010011,0100100001011111,4
0xbb5e,0x796d,1011101101011110,0111100101101101,1100001000110011,3|4
0x1004,0x185f,0001000000000100,0001100001011111,0000100001011011,4
0x00ea,0xe31b,0000000011101010,1110001100011011,1110001111110001,2|3
0xcdd5,0x1e17,1100110111010101,0001111000010111,1101001111000010,4
0xcfcd,0x0e49,1100111111001101,0000111001001001,1100000110000100,3
0x3273,0x208f,0011001001110011,0010000010001111,0001001011111100,3
0x1e72,0xa048,0001111001110010,1010000001001000,1011111000111010,4
0x0dc1,0xefb4,0000110111000001,1110111110110100,1110001001110101,4|5
0x2d31,0xf681,0010110100110001,1111011010000001,1101101110110000,4
0xa41f,0xa888,1010010000011111,1010100010001000,0000110010010111,4
0x0ece,0xe1a7,0000111011001110,1110000110100111,1110111101101001,4|5
0x899d,0xd698,1000100110011101,1101011010011000,0101111100000101,4
0xeaff,0x4370,1110101011111111,0100001101110000,1010100110001111,4|5
0x2f5d,0xf659,0010111101011101,1111011001011001,1101100100000100,4
0x8045,0x225c,1000000001000101,0010001001011100,1010001000011001,4|5
0xdacf,0x3617,1101101011001111,0011011000010111,1110110011011000,4
0x8675,0xdb30,1000011001110101,1101101100110000,0101110101000101,6
0x04b8,0xb443,0000010010111000,1011010001000011,1011000011111011,3|4
0xd63a,0x8e51,1101011000111010,1000111001010001,0101100001101011,5
0x0255,0x3223,0000001001010101,0011001000100011,0011000001110110,3
0x5be3,0xfb3a,0101101111100011,1111101100111010,1010000011011001,4|5
0xc23a,0x061d,1100001000111010,0000011000011101,1100010000100111,3|4
0xcf8f,0xa489,1100111110001111,1010010010001001,0110101100000110,4
0xd747,0xc992,1101011101000111,1100100110010010,0001111011010101,5
0xdafd,0x6dcf,1101101011111101,0110110111001111,1011011100110010,5
0x02d3,0x0323,0000001011010011,0000001100100011,0000000111110000,1
0xda15,0x6891,1101101000010101,0110100010010001,1011001010000100,5
0x410a,0x7b4a,0100000100001010,0111101101001010,0011101001000000,3
0xb79e,0xdf69,1011011110011110,1101111101101001,0110100011110111,4
0x8450,0xe308,1000010001010000,1110001100001000,0110011101011000,4
0x18bf,0x7642,0001100010111111,0111011001000010,0110111011111101,4
0x7aa0,0xfaf4,0111101010100000,1111101011110100,1000000001010100,4
0xdecb,0x32ad,1101111011001011,0011001010101101,1110110001100110,4
0x7424,0xcdaf,0111010000100100,1100110110101111,1011100110001011,4|5
0x31a2,0xeceb,0011000110100010,1110110011101011,1101110101001001,5|6
0xd1e3,0xae55,1101000111100011,1010111001010101,0111111110110110,3
0xd5e3,0x443c,1101010111100011,0100010000111100,1001000111011111,3|4
0xe010,0xc62a,1110000000010000,1100011000101010,0010011000111010,4
0x8fa6,0x1bc6,1000111110100110,0001101111000110,1001010001100000,4
0xeeac,0xf1a0,1110111010101100,1111000110100000,0001111100001100,2
0x13cf,0xf6e9,0001001111001111,1111011011101001,1110010100100110,5
0xdefc,0xb6c6,1101111011111100,1011011011000110,0110100000111010,4
0x8da9,0xae3d,1000110110101001,1010111000111101,0010001110010100,4
0x15ad,0x5689,0001010110101101,0101011010001001,0100001100100100,4
0x5c0b,0x1a4d,0101110000001011,0001101001001101,0100011001000110,4
0xffde,0x8522,1111111111011110,1000010100100010,0111101011111100,3
0x2381,0xe72c,0010001110000001,1110011100101100,1100010010101101,5|6
0x1c64,0x3ae0,0001110001100100,0011101011100000,0010011010000100,4
0xc799,0x2b48,1100011110011001,0010101101001000,1110110011010001,4|5
0x47b2,0x4a60,0100011110110010,0100101001100000,0000110111010010,4
0x0c57,0x0259,0000110001010111,0000001001011001,0000111000001110,2
0x5e42,0x6973,0101111001000010,0110100101110011,0011011100110001,4
0x0ee3,0xab6e,0000111011100011,1010101101101110,1010010110001101,5|6
0xce94,0x26ba,1100111010010100,0010011010111010,1110100000101110,4
0x7210,0xaffb,0111001000010000,1010111111111011,1101110111101011,4|5
0xafef,0x121d,1010111111101111,0001001000011101,1011110111110010,4
0x98ad,0x66d9,1001100010101101,0110011011011001,1111111001110100,3
0x2340,0xa736,0010001101000000,1010011100110110,1000010001110110,4
0xbe3c,0x5ca6,1011111000111100,0101110010100110,1110001010011010,5
0x2711,0x9ee1,0010011100010001,1001111011100001,1011100111110000,3
0xaba4,0xe439,1010101110100100,1110010000111001,0100111110011101,4
0xc693,0xadf4,1100011010010011,1010110111110100,0110101101100111,5
0x1afe,0x2470,0001101011111110,0010010001110000,0011111010001110,3
0x6e13,0x2b65,0110111000010011,0010101101100101,0100010101110110,5
0xc41a,0xbd7f,1100010000011010,1011110101111111,0111100101100101,5
0xd1b4,0x2de2,1101000110110100,0010110111100010,1111110001010110,4
0x48f6,0x0a23,0100100011110110,0000101000100011,0100001011010101,6
0x22e9,0xec79,0010001011101001,1110110001111001,1100111010010000,4
0x9c53,0x485e,1001110001010011,0100100001011110,1101010000001101,4|5
0xb7e1,0x4ed3,1011011111100001,0100111011010011,1111100100110010,4
0xe1aa,0xd21d,1110000110101010,1101001000011101,0011001110110111,4
0x10e2,0x8409,0001000011100010,1000010000001001,1001010011101011,5|6
0xc5ac,0x929c,1100010110101100,1001001010011100,0101011100110000,4
0xe381,0x78e9,1110001110000001,0111100011101001,1001101101101000,5
0xa30d,0xf3f3,1010001100001101,1111001111110011,0101000011111110,3
0xabeb,0x0dd8,1010101111101011,0000110111011000,1010011000110011,4|5
0xb732,0x7d00,1011011100110010,0111110100000000,1100101000110010,5
0x8c10,0xb7b4,1000110000010000,1011011110110100,0011101110100100,4
0xc083,0xb432,1100000010000011,1011010000110010,0111010010110001,5
0x7b24,0x2566,0111101100100100,0010010101100110,0101111001000010,4
0xde53,0x15a6,1101111001010011,0001010110100110,1100101111110101,4|5
0xe1a1,0x0773,1110000110100001,0000011101110011,1110011011010010,5
0xe8e4,0xa8e6,1110100011100100,1010100011100110,0100000000000010,2
0xd82d,0x3aba,1101100000101101,0011101010111010,1110001010010111,4|5
0x5402,0x9b13,0101010000000010,1001101100010011,1100111100010001,3|4
0xdf5f,0xfe56,1101111101011111,1111111001010110,0010000100001001,4
0x5613,0x16c0,0101011000010011,0001011011000000,0100000011010011,4
0x17c1,0xdfb1,0001011111000001,1101111110110001,1100100001110000,3
0x63ec,0x844b,0110001111101100,1000010001001011,1110011110100111,3|4
0xefff,0x9ed4,1110111111111111,1001111011010100,0111000100101011,5
0x2f92,0x9bc8,0010111110010010,1001101111001000,1011010001011010,6
0x2090,0xef9b,0010000010010000,1110111110011011,1100111100001011,3|4
0x2596,0xa1a6,0010010110010110,1010000110100110,1000010000110000,3
0x58c2,0xe780,0101100011000010,1110011110000000,1011111101000010,4
0xf941,0x4aee,1111100101000001,0100101011101110,1011001110101111,4|5
0xea76,0xcbad,1110101001110110,1100101110101101,0010000111011011,4
0x822f,0x950c,1000001000101111,1001010100001100,0001011100100011,4
0x2b2d,0x9e80,0010101100101101,1001111010000000,1011010110101101,6|7
0xd386,0x7d8e,1101001110000110,0111110110001110,1010111000001000,4
0xffc0,0x8e50,1111111111000000,1000111001010000,0111000110010000,3
0x1b15,0xc115,0001101100010101,1100000100010101,1101101000000000,3
0x9a75,0x0e2b,1001101001110101,0000111000101011,1001010001011110,5
0x0e42,0xcdeb,0000111001000010,1100110111101011,1100001110101001,4|5
0x699d,0xff1c,0110100110011101,1111111100011100,1001011010000001,4|5
0xf891,0xc508,1111100010010001,1100010100001000,0011110110011001,4
0x71bb,0x677f,0111000110111011,0110011101111111,0001011011000100,4
0x8846,0xd5fa,1000100001000110,1101010111111010,0101110110111100,4
0x1d2c,0x5223,0001110100101100,0101001000100011,0100111100001111,3
0x59f3,0x18e1,0101100111110011,0001100011100001,0100000100010010,4
0xdd19,0x35f2,1101110100011001,0011010111110010,1110100011101011,4|5
0x3c92,0xa805,0011110010010010,1010100000000101,1001010010010111,5|6
0x4918,0xb899,0100100100011000,1011100010011001,1111000110000001,2|3
0x28c2,0x90b2,0010100011000010,1001000010110010,1011100001110000,3
0x9b4c,0x888a,1001101101001100,1000100010001010,0001001111000110,3
0x34af,0xf164,0011010010101111,1111000101100100,1100010111001011,4|5
0x627b,0xd437,0110001001111011,1101010000110111,1011011001001100,5
0x9cf3,0xada3,1001110011110011,1010110110100011,0011000101010000,4
0xa423,0xd190,1010010000100011,1101000110010000,0111010110110011,5
0xe3f3,0xbc8c,1110001111110011,1011110010001100,0101111101111111,3
0x5fb7,0xe6d5,0101111110110111,1110011011010101,1011100101100010,5
0x3231,0x9215,0011001000110001,1001001000010101,1010000000100100,4
0x3207,0xa7c8,0011001000000111,1010011111001000,1001010111001111,4|5
0x5f33,0xa1d3,0101111100110011,1010000111010011,1111111011100000,2
0x2d97,0xb42e,0010110110010111,1011010000101110,1001100110111001,4|5
0x2a26,0x2252,0010101000100110,0010001001010010,0000100001110100,3
0xc9ed,0xbd0d,1100100111101101,1011110100001101,0111010011100000,3
0xb9ac,0x33b1,1011100110101100,0011001110110001,1000101000011101,4|5
0x8a9d,0xf8a4,1000101010011101,1111100010100100,0111001000111001,4
0x76bc,0x4f5d,0111011010111100,0100111101011101,0011100111100001,3
0x7168,0xe28a,0111000101101000,1110001010001010,1001001111100010,4
0xf360,0x8e75,1111001101100000,1000111001110101,0111110100010101,5
0x49bc,0x4fc8,0100100110111100,0100111111001000,0000011001110100,3
0x632d,0x7dcb,0110001100101101,0111110111001011,0001111011100110,3
0xdb21,0x4ae5,1101101100100001,0100101011100101,1001000111000100,4
0xa580,0xc424,1010010110000000,1100010000100100,0110000110100100,4
0x9edd,0xf81d,1001111011011101,1111100000011101,0110011011000000,3
0x2a90,0x23f6,0010101010010000,0010001111110110,0000100101100110,4
0xeb08,0xac75,1110101100001000,1010110001110101,0100011101111101,4
0x7ce0,0x58d1,0111110011100000,0101100011010001,0010010000110001,4
0xc831,0x58b9,1100100000110001,0101100010111001,1001000010001000,4
0x4578,0x1d70,0100010101111000,0001110101110000,0101100000001000,3
0xd622,0x5d69,1101011000100010,0101110101101001,1000101101001011,5|6
0x6e76,0x0c1a,0110111001110110,0000110000011010,0110001001101100,4
0x5b9d,0x04ff,0101101110011101,0000010011111111,0101111101100010,4
0x9aeb,0x20e2,1001101011101011,0010000011100010,1011101000001001,4|5
0xee6e,0x4a3b,1110111001101110,0100101000111011,1010010001010101,6|7
0x67ef,0x568d,0110011111101111,0101011010001101,0011000101100010,4
0x599c,0x3043,0101100110011100,0011000001000011,0110100111011111,4
0x3d7f,0x7b4f,0011110101111111,0111101101001111,0100011000110000,3
0x3fc7,0xf69d,0011111111000111,1111011010011101,1100100101011010,6
0xa691,0xbf57,1010011010010001,1011111101010111,0001100111000110,3
0xd6bf,0xbbae,1101011010111111,1011101110101110,0110110100010001,5
0x5af7,0x0ddf,0101101011110111,0000110111011111,0101011100101000,5
0x9073,0x8943,1001000001110011,1000100101000011,0001100100110000,3
0xfec9,0x97bd,1111111011001001,1001011110111101,0110100101110100,5
0x8f05,0x58fc,1000111100000101,0101100011111100,1101011111111001,3|4
0x8265,0x3621,1000001001100101,0011011000100001,1011010001000100,5
0xd1b2,0x968c,1101000110110010,1001011010001100,0100011100111110,3
0xda22,0xaf40,1101101000100010,1010111101000000,0111010101100010,5
0x446e,0x62a6,0100010001101110,0110001010100110,0010011011001000,4
0x528b,0x1ce6,0101001010001011,0001110011100110,0100111001101101,5
0x2869,0x5c58,0010100001101001,0101110001011000,0111010000110001,4
0x67ac,0x5632,0110011110101100,0101011000110010,0011000110011110,3
0x5faa,0xfc4d,0101111110101010,1111110001001101,1010001111100111,3|4
0x8718,0x2662,1000011100011000,0010011001100010,1010000101111010,5
0x7720,0x97a7,0111011100100000,1001011110100111,1110000010000111,2|3
0x0b7f,0x950b,0000101101111111,1001010100001011,1001111001110100,4
0xe23a,0x4c2d,1110001000111010,0100110000101101,1010111000010111,4|5
0xa8c2,0x005f,1010100011000010,0000000001011111,1010100010011101,5|6
0xcd78,0x4070,1100110101111000,0100000001110000,1000110100001000,4
0x429a,0x0a42,0100001010011010,0000101001000010,0100100011011000,4
0x8eeb,0xa1e9,1000111011101011,1010000111101001,0010111100000010,3
0x9049,0x1c57,1001000001001001,0001110001010111,1000110000011110,3
0x111a,0xb31f,0001000100011010,1011001100011111,1010001000000101,4|5
0x6b78,0x5ea8,0110101101111000,0101111010101000,0011010111010000,4
0xba42,0xa5c6,1011101001000010,1010010111000110,0001111110000100,2
0x9794,0x28c1,1001011110010100,0010100011000001,1011111101010101,5|6
0xffb3,0xbe08,1111111110110011,1011111000001000,0100000110111011,4
0x60d9,0x68e6,0110000011011001,0110100011100110,0000100000111111,2
0x2737,0x533a,0010011100110111,0101001100111010,0111010000001101,4
0x1ba9,0xfa43,0001101110101001,1111101001000011,1110000111101010,4
0x9360,0x6827,1001001101100000,0110100000100111,1111101101000111,3|4
0x94de,0x0f9d,1001010011011110,0000111110011101,1001101101000011,4|5
0x892f,0x859e,1000100100101111,1000010110011110,0000110010110001,4
0x86e6,0xbf81,1000011011100110,1011111110000001,0011100101100111,4
0x8898,0xb859,1000100010011000,1011100001011001,0011000011000001,3
0x9cf2,0x6808,1001110011110010,0110100000001000,1111010011111010,4
0x1ecf,0x0766,0001111011001111,0000011101100110,0001100110101001,5
0x39fe,0xe01d,0011100111111110,1110000000011101,1101100111100011,3|4
0x8199,0x9806,1000000110011001,1001100000000110,0001100110011111,3
0xf0d9,0x7d85,1111000011011001,0111110110000101,1000110101011100,5
0xe03d,0xad40,1110000000111101,1010110101000000,0100110101111101,5
0xcc38,0x500e,1100110000111000,0101000000001110,1001110000110110,4
0x23f1,0xb4c4,0010001111110001,1011010011000100,1001011100110101,5|6
0x083a,0x463b,0000100000111010,0100011000111011,0100111000000001,3
0x22e9,0x01bb,0010001011101001,0000000110111011,0010001101010010,5
0xe0f6,0xf9b3,1110000011110110,1111100110110011,0001100101000101,5
0x327b,0x9977,0011001001111011,1001100101110111,1010101100001100,5
0x96bb,0xc30e,1001011010111011,1100001100001110,0101010110110101,7
0x5aec,0x60d4,0101101011101100,0110000011010100,0011101000111000,3
0xfa13,0xfd05,1111101000010011,1111110100000101,0000011100010110,3
0x56ff,0x6b5d,0101011011111111,0110101101011101,0011110110100010,4
0x7420,0x837c,0111010000100000,1000001101111100,1111011101011100,4
0x14de,0xa448,0001010011011110,1010010001001000,1011000010010110,5
0xf031,0xa2ab,1111000000110001,1010001010101011,0101001010011010,6
0x120d,0x7a11,0001001000001101,0111101000010001,0110100000011100,3
0xe949,0x4fb3,1110100101001001,0100111110110011,1010011011111010,5
0x124d,0xdffb,0001001001001101,1101111111111011,1100110110110110,5
0x018d,0x7304,0000000110001101,0111001100000100,0111001010001001,5
0xb8d1,0xa291,1011100011010001,1010001010010001,0001101001000000,3
0xec22,0xf4df,1110110000100010,1111010011011111,0001100011111101,3
0x42d0,0xecb6,0100001011010000,1110110010110110,1010111001100110,5
0xe594,0x1345,1110010110010100,0001001101000101,1111011011010001,4|5
0x408c,0x149d,0100000010001100,0001010010011101,0101010000010001,5
0xdf8e,0x6813,1101111110001110,0110100000010011,1011011110011101,4|5
0x2853,0x40e0,0010100001010011,0100000011100000,0110100010110011,5
0x075b,0x775f,0000011101011011,0111011101011111,0111000000000100,2
0x5fd7,0xbef7,0101111111010111,1011111011110111,1110000100100000,3
0x3af3,0xa1b8,0011101011110011,1010000110111000,1001101101001011,5|6
0x8ebb,0x7924,1000111010111011,0111100100100100,1111011110011111,2|3
0x6650,0x7883,0110011001010000,0111100010000011,0001111011010011,4
0x630b,0xb09f,0110001100001011,1011000010011111,1101001110010100,5
0xd947,0x00f5,1101100101000111,0000000011110101,1101100110110010,5
0x66dd,0xb5ea,0110011011011101,1011010111101010,1101001100110111,4|5
0x8f61,0x3f86,1000111101100001,0011111110000110,1011000011100111,3|4
0xc12d,0x93d6,1100000100101101,1001001111010110,0101001011111011,5
0x3a4a,0x7585,0011101001001010,0111010110000101,0100111111001111,3
0xfb77,0xbfb7,1111101101110111,1011111110110111,0100010011000000,3
0x7acc,0x76df,0111101011001100,0111011011011111,0000110000010011,3
0x4fbd,0xe70d,0100111110111101,1110011100001101,1010100010110000,5
0xcb41,0x244a,1100101101000001,0010010001001010,1110111100001011,3|4
0xd7ff,0x2bc0,1101011111111111,0010101111000000,1111110000111111,1|2
0x06d3,0x07c7,0000011011010011,0000011111000111,0000000100010100,3
0x97f2,0x7d25,1001011111110010,0111110100100101,1110101011010111,5|6
0x2ec2,0x9d03,0010111011000010,1001110100000011,1011001111000001,3|4
0xd791,0xab10,1101011110010001,1010101100010000,0111110010000001,3
0x67a8,0xfca0,0110011110101000,1111110010100000,1001101100001000,4
0x6f0d,0x27fa,0110111100001101,0010011111111010,0100100011110111,4
0x79e4,0x895d,0111100111100100,1000100101011101,1111000010111001,3|4
0xbd32,0x0891,1011110100110010,0000100010010001,1011010110100011,5|6
0xc287,0xc2cb,1100001010000111,1100001011001011,0000000001001100,2
0xc9ae,0x8d39,1100100110101110,1000110100111001,0100010010010111,5
0x5971,0xb6fc,0101100101110001,1011011011111100,1110111110001101,3|4
0x1b23,0x806d,0001101100100011,1000000001101101,1001101101001110,5
0x1a23,0x423a,0001101000100011,0100001000111010,0101100000011001,4
0x31b8,0xa71a,0011000110111000,1010011100011010,1001011010100010,6
0x7dbd,0xf712,0111110110111101,1111011100010010,1000101010101111,5|6
0x25a9,0x41ee,0010010110101001,0100000111101110,0110010001000111,4
0xe7bc,0x6f8f,1110011110111100,0110111110001111,1000100000110011,3|4
0xffe9,0x0904,1111111111101001,0000100100000100,1111011011101101,4|5
0x363e,0xf5a6,0011011000111110,1111010110100110,1100001110011000,3
0xebe8,0xc563,1110101111101000,1100010101100011,0010111010001011,5
0x6e23,0x0d32,0110111000100011,0000110100110010,0110001100010001,4
0x44d3,0x5222,0100010011010011,0101001000100010,0001011011110001,4
0xde10,0xada9,1101111000010000,1010110110101001,0111001110111001,4
0xbf28,0x48df,1011111100101000,0100100011011111,1111011111110111,2|3
0x09a6,0x5c54,0000100110100110,0101110001010100,0101010111110010,5
0x1de8,0x62c8,0001110111101000,0110001011001000,0111111100100000,2
0xb3fe,0x4af7,1011001111111110,0100101011110111,1111100100001001,3|4
0x6b77,0x6739,0110101101110111,0110011100111001,0000110001001110,3
0xebdb,0x1f28,1110101111011011,0001111100101000,1111010011110011,3|4
0x5f8b,0xfa2c,0101111110001011,1111101000101100,1010010110100111,5|6
0x57ac,0x0534,0101011110101100,0000010100110100,0101001010011000,5
0x8e80,0x0495,1000111010000000,0000010010010101,1000101000010101,5|6
0x3af8,0x5708,0011101011111000,0101011100001000,0110110111110000,3
0x4cfc,0xc22a,0100110011111100,1100001000101010,1000111011010110,5
0x404f,0xbaf2,0100000001001111,1011101011110010,1111101010111101,4|5
0x8b92,0xd337,1000101110010010,1101001100110111,0101100010100101,6
0x9d63,0xc064,1001110101100011,1100000001100100,0101110100000111,4
0xc4dc,0xf908,1100010011011100,1111100100001000,0011110111010100,4
0x2f27,0xf0b4,0010111100100111,1111000010110100,1101111110010011,3|4
0xa2a0,0x1f52,1010001010100000,0001111101010010,1011110111110010,4
0x9bc8,0xee71,1001101111001000,1110111001110001,0111010110111001,5
0x4fa7,0x34d0,0100111110100111,0011010011010000,0111101101110111,4
0x9c9b,0x258a,1001110010011011,0010010110001010,1011100100010001,4|5
0x3f40,0xdfa7,0011111101000000,1101111110100111,1110000011100111,2|3
0xb16c,0x1a39,1011000101101100,0001101000111001,1010101101010101,7|8
0x3548,0x9681,0011010101001000,1001011010000001,1010001111001001,4|5
0xc705,0x0e62,1100011100000101,0000111001100010,1100100101100111,4|5
0x2b60,0xef5b,0010101101100000,1110111101011011,1100010000111011,3|4
0x54a1,0xe3c7,0101010010100001,1110001111000111,1011011101100110,5
0x4745,0x4870,0100011101000101,0100100001110000,0000111100110101,4
0x7111,0xd376,0111000100010001,1101001101110110,1010001001100111,4|5
0xc761,0x669a,1100011101100001,0110011010011010,1010000111111011,3|4
0x4e91,0xc674,0100111010010001,1100011001110100,1000100011100101,4|5
0x471b,0x1fc6,0100011100011011,0001111111000110,0101100011011101,5
0xcf1a,0xefca,1100111100011010,1110111111001010,0010000011010000,3
0x0a7d,0xee7d,0000101001111101,1110111001111101,1110010000000000,2
0xee0e,0x344a,1110111000001110,0011010001001010,1101101001000100,5
0x2eb7,0xd983,0010111010110111,1101100110000011,1111011100110100,4
0x6d90,0xf38b,0110110110010000,1111001110001011,1001111000011011,3|4
0xd832,0x08b1,1101100000110010,0000100010110001,1101000010000011,3|4
0x2857,0x1ad8,0010100001010111,0001101011011000,0011001010001111,4
0x54d3,0xe12a,0101010011010011,1110000100101010,1011010111111001,4|5
0x8fdd,0x5bdd,1000111111011101,0101101111011101,1101010000000000,3
0x63fc,0xec9f,0110001111111100,1110110010011111,1000111101100011,3|4
0x7da8,0xa741,0111110110101000,1010011101000001,1101101011101001,5|6
0x35d3,0x5bea,0011010111010011,0101101111101010,0110111000111001,4
0x57ac,0x0396,0101011110101100,0000001110010110,0101010000111010,5
0xa9ff,0x097f,1010100111111111,0000100101111111,1010000010000000,3
0x23fb,0x9184,0010001111111011,1001000110000100,1011001001111111,3|4
0x53b1,0x0566,0101001110110001,0000010101100110,0101011011010111,6
0x8913,0x1c5d,1000100100010011,0001110001011101,1001010101001110,6
0xe686,0xaab3,1110011010000110,1010101010110011,0100110000110101,5
0x805e,0x3d54,1000000001011110,0011110101010100,1011110100001010,5
0xfb1d,0xcf48,1111101100011101,1100111101001000,0011010001010101,6
0x1352,0xca6a,0001001101010010,1100101001101010,1101100100111000,4
0xfa27,0x6d0c,1111101000100111,0110110100001100,1001011100101011,5|6
0x2dee,0xe2db,0010110111101110,1110001011011011,1100111100110101,4|5
0x86ce,0x163e,1000011011001110,0001011000111110,1001000011110000,3
0xbe66,0x4887,1011111001100110,0100100010000111,1111011011100001,3|4
0x8d94,0x8f5a,1000110110010100,1000111101011010,0000001011001110,3
0xe338,0x2402,1110001100111000,0010010000000010,1100011100111010,4
0xd612,0xed66,1101011000010010,1110110101100110,0011101101110100,4
0x2a17,0xea87,0010101000010111,1110101010000111,1100000010010000,3
0xfbbc,0xe2e0,1111101110111100,1110001011100000,0001100101011100,4
0x96d7,0x53d6,1001011011010111,0101001111010110,1100010100000001,3|4
0xbbb6,0xbc35,1011101110110110,1011110000110101,0000011110000011,2
0xad06,0xb7fe,1010110100000110,1011011111111110,0001101011111000,3
0xe04c,0x73a0,1110000001001100,0111001110100000,1001001111101100,4
0x3ae3,0xcd14,0011101011100011,1100110100010100,1111011111110111,2|3
0xc624,0x094f,1100011000100100,0000100101001111,1100111101101011,4|5
0x5c64,0x7b0c,0101110001100100,0111101100001100,0010011101101000,4
0x0582,0x979e,0000010110000010,1001011110011110,1001001000011100,4
0x3b65,0x94c0,0011101101100101,1001010011000000,1010111110100101,5|6
0x16a2,0x11f5,0001011010100010,0001000111110101,0000011101010111,4
0x1633,0x32de,0001011000110011,0011001011011110,0010010011101101,5
0x3e55,0xebf6,0011111001010101,1110101111110110,1101010110100011,5|6
0xf84b,0x1ede,1111100001001011,0001111011011110,1110011010010101,5|6
0xaf46,0xbe7c,1010111101000110,1011111001111100,0001000100111010,4
0x99d2,0xcdc7,1001100111010010,1100110111000111,0101010000010101,6
0x2b48,0x9f44,0010101101001000,1001111101000100,1011010000001100,4
0xa665,0x347a,1010011001100101,0011010001111010,1001001000011111,3|4
0x38ef,0x3ca1,0011100011101111,0011110010100001,0000010001001110,3
0xc91e,0xd7ef,1100100100011110,1101011111101111,0001111011110001,3
0x7efa,0xc32f,0111111011111010,1100001100101111,1011110111010101,5|6
0x15fd,0x23ea,0001010111111101,0010001111101010,0011011000010111,4
0xd118,0x8c61,1101000100011000,1000110001100001,0101110101111001,5
0xe82b,0x5c32,1110100000101011,0101110000110010,1011010000011001,4|5
0x321f,0x332a,0011001000011111,0011001100101010,0000000100110101,4
0x3c06,0xc9f6,0011110000000110,1100100111110110,1111010111110000,3
0x1d10,0x9dd6,0001110100010000,1001110111010110,1000000011000110,3
0x0372,0x1161,0000001101110010,0001000101100001,0001001000010011,4
0xafcb,0xb938,1010111111001011,1011100100111000,0001011011110011,4
0x86e0,0x13b9,1000011011100000,0001001110111001,1001010101011001,6|7
0x4816,0xc28e,0100100000010110,1100001010001110,1000101010011000,5
0x323f,0xe928,0011001000111111,1110100100101000,1101101100010111,4|5
0x3cde,0x678e,0011110011011110,0110011110001110,0101101101010000,5
0xe1d7,0xc169,1110000111010111,1100000101101001,0010000010111110,3
0x6a22,0x28d9,0110101000100010,0010100011011001,0100001011111011,4
0xe2d1,0xec6d,1110001011010001,1110110001101101,0000111010111100,3
0xdcd9,0x4645,1101110011011001,0100011001000101,1001101010011100,5
0xc522,0x95f4,1100010100100010,1001010111110100,0101000011010110,5
0x083f,0x58d1,0000100000111111,0101100011010001,0101000011101110,4
0x47e6,0x7e14,0100011111100110,0111111000010100,0011100111110010,3
0x1ab6,0xed2b,0001101010110110,1110110100101011,1111011110011101,3|4
0x4b81,0x8426,0100101110000001,1000010000100110,1100111110100111,3|4
0x6c57,0x6dbd,0110110001010111,0110110110111101,0000000111101010,3
0xa990,0xd3af,1010100110010000,1101001110101111,0111101000111111,3
0xaf57,0x3c2a,1010111101010111,0011110000101010,1001001101111101,4|5
0x546d,0xd4ff,0101010001101101,1101010011111111,1000000010010010,4
0x1903,0xb631,0001100100000011,1011011000110001,1010111100110010,5
0xa795,0x4646,1010011110010101,0100011001000110,1110000111010011,3|4
0x8a5d,0x8f75,1000101001011101,1000111101110101,0000010100101000,4
0xd0df,0x588d,1101000011011111,0101100010001101,1000100001010010,5
0x078a,0x3bd7,0000011110001010,0011101111010111,0011110001011101,4
0xf1ac,0xb7f5,1111000110101100,1011011111110101,0100011001011001,5
0x9544,0x5631,1001010101000100,0101011000110001,1100001101110101,4|5
0xdeab,0x3507,1101111010101011,0011010100000111,1110101110101100,5
0x2351,0xf227,0010001101010001,1111001000100111,1101000101110110,5
0x2745,0x17ad,0010011101000101,0001011110101101,0011000011101000,3
0xbd30,0x175c,1011110100110000,0001011101011100,1010101001101100,6
0x8f1d,0x5258,1000111100011101,0101001001011000,1101110101000101,5|6
0xb925,0xd628,1011100100100101,1101011000101000,0110111100001101,4
0x3938,0xb9c7,0011100100111000,1011100111000111,1000000011111111,1|2
0x1882,0x4b4c,0001100010000010,0100101101001100,0101001111001110,4
0xed29,0xe198,1110110100101001,1110000110011000,0000110010110001,4
0xeda4,0x8759,1110110110100100,1000011101011001,0110101011111101,5
0xb749,0x90f5,1011011101001001,1001000011110101,0010011110111100,3
0xbc63,0x5879,1011110001100011,0101100001111001,1110010000011010,4
0x442e,0x3430,0100010000101110,0011010000110000,0111000000011110,2
0xba8e,0x000b,1011101010001110,0000000000001011,1011101010000101,5|6
0x96d2,0x3fe7,1001011011010010,0011111111100111,1010100100110101,6|7
0x1273,0x5c7b,0001001001110011,0101110001111011,0100111000001000,3
0x90f7,0x24ca,1001000011110111,0010010011001010,1011010000111101,4|5
0xe80d,0xc3d5,1110100000001101,1100001111010101,0010101111011000,4
0xa27f,0xb14a,1010001001111111,1011000101001010,0001001100110101,5
0x1b14,0x5e10,0001101100010100,0101111000010000,0100010100000100,4
0x74fc,0x0298,0111010011111100,0000001010011000,0111011001100100,4
0x6915,0x79e0,0110100100010101,0111100111100000,0001000011110101,4
0x0c75,0x82c3,0000110001110101,1000001011000011,1000111010110110,5
0xea32,0x0f89,1110101000110010,0000111110001001,1110010110111011,4|5
0x854a,0x62d5,1000010101001010,0110001011010101,1110011110011111,2|3
0xe955,0x1947,1110100101010101,0001100101000111,1111000000010010,3
0x3106,0xe37e,0011000100000110,1110001101111110,1101001001111000,4
0x7184,0x0f28,0111000110000100,0000111100101000,0111111010101100,4
0x38e1,0xa09e,0011100011100001,1010000010011110,1001100001111111,2|3
0x2f04,0xcc04,0010111100000100,1100110000000100,1110001100000000,2
0x7ff1,0x873f,0111111111110001,1000011100111111,1111100011001110,3
0x7f7c,0x59cc,0111111101111100,0101100111001100,0010011010110000,4
0x3fc0,0x69da,0011111111000000,0110100111011010,0101011000011010,5
0xcb47,0x615e,1100101101000111,0110000101011110,1010101000011001,5|6
0x8ca2,0xc8eb,1000110010100010,1100100011101011,0100010001001001,5
0x2743,0x6f79,0010011101000011,0110111101111001,0100100000111010,4
0x1b1a,0x1610,0001101100011010,0001011000010000,0000110100001010,4
0x8ccc,0x10fb,1000110011001100,0001000011111011,1001110000110111,3|4
0xb3b8,0xd9d1,1011001110111000,1101100111010001,0110101001101001,6
0x789d,0x5c76,0111100010011101,0101110001110110,0010010011101011,5
0xabf7,0xb9f7,1010101111110111,1011100111110111,0001001000000000,2
0xa90b,0xb98d,1010100100001011,1011100110001101,0001000010000110,3
0x5b28,0xa149,0101101100101000,1010000101001001,1111101001100001,3|4
0xdea5,0x8456,1101111010100101,1000010001010110,0101101011110011,5
0x5dbf,0x803e,0101110110111111,1000000000111110,1101110110000001,3|4
0xaf71,0xd887,1010111101110001,1101100010000111,0111011111110110,3
0x7867,0xf2b4,0111100001100111,1111001010110100,1000101011010011,5|6
0x09ee,0x2e5e,0000100111101110,0010111001011110,0010011110110000,3
0x4f06,0xbbc4,0100111100000110,1011101111000100,1111010011000010,4
0x1170,0x8d42,0001000101110000,1000110101000010,1001110000110010,4
0x6a78,0xfe98,0110101001111000,1111111010011000,1001010011100000,4
0x3026,0x22f9,0011000000100110,0010001011111001,0001001011011111,4
0x73ae,0x9982,0111001110101110,1001100110000010,1110101000101100,5
0x8309,0x4598,1000001100001001,0100010110011000,1100011010010001,4|5
0x817d,0x8f2f,1000000101111101,1000111100101111,0000111001010010,4
0x9c36,0x5d8c,1001110000110110,0101110110001100,1100000110111010,4
0x6879,0x88f1,0110100001111001,1000100011110001,1110000010001000,3
0x8129,0xf6ce,1000000100101001,1111011011001110,0111011111100111,3
0x15cc,0xf511,0001010111001100,1111010100010001,1110000011011101,3|4
0x3fc6,0xbb7f,0011111111000110,1011101101111111,1000010010111001,4|5
0x6eaf,0xf5ce,0110111010101111,1111010111001110,1001101101100001,4|5
0x17fe,0xa735,0001011111111110,1010011100110101,1011000011001011,4|5
0x8d47,0x4822,1000110101000111,0100100000100010,1100010101100101,5|6
0x88f9,0xfd9f,1000100011111001,1111110110011111,0111010101100110,5
0xb6bf,0x76c7,1011011010111111,0111011011000111,1100000001111000,2
0x377c,0x8b33,0011011101111100,1000101100110011,1011110001001111,3|4
0x7118,0xf34c,0111000100011000,1111001101001100,1000001001010100,5
0x0cc4,0xf8ea,0000110011000100,1111100011101010,1111010000101110,4
0x8a79,0x41fe,1000101001111001,0100000111111110,1100101110000111,3|4
0xe554,0x8f02,1110010101010100,1000111100000010,0110101001010110,6
0x8f28,0x1f0f,1000111100101000,0001111100001111,1001000000100111,3|4
0x8393,0xfaf6,1000001110010011,1111101011110110,0111100101100101,5
0x727e,0x900b,0111001001111110,1001000000001011,1110001001110101,4|5
0x7131,0x82e0,0111000100110001,1000001011100000,1111001111010001,3|4
0xb5f8,0x6b8a,1011010111111000,0110101110001010,1101111001110010,4
0x4792,0x7522,0100011110010010,0111010100100010,0011001010110000,4
0x3aea,0xd9bd,0011101011101010,1101100110111101,1110001101010111,4|5
0x2c38,0x2f9b,0010110000111000,0010111110011011,0000001110100011,3
0xe5f1,0x1a65,1110010111110001,0001101001100101,1111111110010100,3
0xb77e,0x34df,1011011101111110,0011010011011111,1000001110100001,3|4
0xa2cf,0xe3f2,1010001011001111,1110001111110010,0100000100111101,4
0x82e3,0x1c87,1000001011100011,0001110010000111,1001111001100100,4
0xc94c,0xf8b5,1100100101001100,1111100010110101,0011000111111001,3
0x1f82,0x43b7,0001111110000010,0100001110110111,0101110000110101,5
0xb8bd,0xef02,1011100010111101,1110111100000010,0101011110111111,4
0x3ea1,0xcd0f,0011111010100001,1100110100001111,1111001110101110,4
0xa879,0xc641,1010100001111001,1100011001000001,0110111000111000,3
0x8771,0x74b6,1000011101110001,0111010010110110,1111001111000111,2|3
0xa954,0x9bcb,1010100101010100,1001101111001011,0011001010011111,4
0x1da7,0x1ae0,0001110110100111,0001101011100000,0000011101000111,3
0xfc41,0x5ff2,1111110001000001,0101111111110010,1010001110110011,4|5
0x745b,0xe69c,0111010001011011,1110011010011100,1001001011000111,4|5
0xc200,0x0083,1100001000000000,0000000010000011,1100001010000011,3|4
0xfa98,0x476e,1111101010011000,0100011101101110,1011110111110110,4
0xa4d2,0xb945,1010010011010010,1011100101000101,0001110110010111,4
0xf206,0x85f8,1111001000000110,1000010111111000,0111011111111110,2
0xf403,0x69b9,1111010000000011,0110100110111001,1001110110111010,5
0x866e,0x64c6,1000011001101110,0110010011000110,1110001010101000,5
0xf8c7,0xce06,1111100011000111,1100111000000110,0011011011000001,4
0xe63e,0x19df,1110011000111110,0001100111011111,1111111111100001,1|2
0x6967,0x89a1,0110100101100111,1000100110100001,1110000011000110,3
0xdbee,0x4091,1101101111101110,0100000010010001,1001101101111111,3|4
0x7160,0xc899,0111000101100000,1100100010011001,1011100111111001,3|4
0x0465,0x2f6d,0000010001100101,0010111101101101,0010101100001000,4
0x588d,0xf56a,0101100010001101,1111010101101010,1010110111100111,4|5
0x18dd,0xc2ab,0001100011011101,1100001010101011,1101101001110110,5
0x0812,0x3c7c,0000100000010010,0011110001111100,0011010001101110,4
0x30f0,0x6366,0011000011110000,0110001101100110,0101001110010110,5
0x4e87,0xd272,0100111010000111,1101001001110010,1001110011110101,4|5
0x5290,0x3a03,0101001010010000,0011101000000011,0110100010010011,5
0x0037,0x78ae,0000000000110111,0111100010101110,0111100010011001,4
0x3dc7,0x5768,0011110111000111,0101011101101000,0110101010101111,6
0xd0f7,0xf16c,1101000011110111,1111000101101100,0010000110011011,4
0xd600,0x0086,1101011000000000,0000000010000110,1101011010000110,5
0x00c2,0xff7c,0000000011000010,1111111101111100,1111111110111110,2
0xa429,0x893c,1010010000101001,1000100100111100,0010110100010101,6
0xf76c,0xa33c,1111011101101100,1010001100111100,0101010001010000,5
0xad68,0xa66c,1010110101101000,1010011001101100,0000101100000100,3
0xc8b9,0x582c,1100100010111001,0101100000101100,1001000010010101,5|6
0xfc71,0x09ac,1111110001110001,0000100110101100,1111010111011101,4|5
0x5aba,0xd6f3,0101101010111010,1101011011110011,1000110001001001,4|5
0x4519,0x74f8,0100010100011001,0111010011111000,0011000111100001,3
0xee52,0x6555,1110111001010010,0110010101010101,1000101100000111,3|4
0xfe2f,0xff3e,1111111000101111,1111111100111110,0000000100010001,3
0x1a65,0xca6e,0001101001100101,1100101001101110,1101000000001011,3|4
0x3957,0xb9ac,0011100101010111,1011100110101100,1000000011111011,2|3
0x58a2,0x47ce,0101100010100010,0100011111001110,0001111101101100,3
0x2abf,0x4978,0010101010111111,0100100101111000,0110001111000111,3
0x2354,0x4eeb,0010001101010100,0100111011101011,0110110110111111,4
0x51f1,0x662f,0101000111110001,0110011000101111,0011011111011110,3
0xa651,0xc234,1010011001010001,1100001000110100,0110010001100101,5
0xe24d,0x29d5,1110001001001101,0010100111010101,1100101110011000,4
0xe74e,0xef8e,1110011101001110,1110111110001110,0000100011000000,2
0x54d2,0xcbd6,0101010011010010,1100101111010110,1001111100000100,3
0xf636,0x7480,1111011000110110,0111010010000000,1000001010110110,5
0xab7e,0x77d2,1010101101111110,0111011111010010,1101110010101100,5
0x72ca,0xa18f,0111001011001010,1010000110001111,1101001101000101,5|6
0x2abc,0x64f3,0010101010111100,0110010011110011,0100111001001111,4
0xfd5e,0x6699,1111110101011110,0110011010011001,1001101111000111,3|4
0x0a95,0xa253,0000101010010101,1010001001010011,1010100011000110,5
0x36b1,0x54e9,0011011010110001,0101010011101001,0110001001011000,4
0xbd4d,0xb002,1011110101001101,1011000000000010,0000110101001111,4
0x9a81,0x139e,1001101010000001,0001001110011110,1000100100011111,3|4
0x0620,0xbbca,0000011000100000,1011101111001010,1011110111101010,5
0xb47e,0x4e7c,1011010001111110,0100111001111100,1111101000000010,3
0xf536,0xb435,1111010100110110,1011010000110101,0100000100000011,3
0xd10d,0x36b2,1101000100001101,0011011010110010,1110011110111111,2|3
0xcc31,0x4d52,1100110000110001,0100110101010010,1000000101100011,3|4
0x1576,0x5f27,0001010101110110,0101111100100111,0100101001010001,6
0xed79,0x8b2c,1110110101111001,1000101100101100,0110011001010101,6
0xf59c,0x83bf,1111010110011100,1000001110111111,0111011000100011,4
0x854b,0x1ae4,1000010101001011,0001101011100100,1001111110101111,3|4
0x9a2f,0x0584,1001101000101111,0000010110000100,1001111110101011,4|5
0x27bc,0x04de,0010011110111100,0000010011011110,0010001101100010,4
0xdefb,0xea71,1101111011111011,1110101001110001,0011010010001010,5
0x8ade,0xa0e2,1000101011011110,1010000011100010,0010101000111100,4
0x6760,0xae40,0110011101100000,1010111001000000,1100100100100000,4
0xa240,0xdfd7,1010001001000000,1101111111010111,0111110110010111,4
0xb153,0x163e,1011000101010011,0001011000111110,1010011101101101,5|6
0x4f5e,0x6e17,0100111101011110,0110111000010111,0010000101001001,5
0x99f0,0x5d18,1001100111110000,0101110100011000,1100010011101000,4
0x9561,0x3cc0,1001010101100001,0011110011000000,1010100110100001,5|6
0x4288,0xd6d3,0100001010001000,1101011011010011,1001010001011011,5|6
0x74f6,0x5c75,0111010011110110,0101110001110101,0010100010000011,4
0x6f96,0x6b0a,0110111110010110,0110101100001010,0000010010011100,3
0x0bc9,0x5d81,0000101111001001,0101110110000001,0101011001001000,5
0xda28,0x99ca,1101101000101000,1001100111001010,0100001111100010,3
0x338a,0xcf05,0011001110001010,1100111100000101,1111110010001111,2|3
0xdffb,0xcf53,1101111111111011,1100111101010011,0001000010101000,4
0x79bd,0x3683,0111100110111101,0011011010000011,0100111100111110,3
0x42e6,0x75d6,0100001011100110,0111010111010110,0011011100110000,3
0xea26,0x94ad,1110101000100110,1001010010101101,0111111010001011,4
0xb0bd,0x0cbb,1011000010111101,0000110010111011,1011110000000110,3
0x2b4a,0xd567,0010101101001010,1101010101100111,1111111000101101,3|4
0x3912,0x94f7,0011100100010010,1001010011110111,1010110111100101,5|6
0x1bc1,0x9468,0001101111000001,1001010001101000,1000111110101001,4|5
0xec7c,0x011f,1110110001111100,0000000100011111,1110110101100011,4|5
0x6bc8,0xa2f8,0110101111001000,1010001011111000,1100100100110000,4
0x1368,0xee0a,0001001101101000,1110111000001010,1111110101100010,4
0x27b9,0x4da7,0010011110111001,0100110110100111,0110101000011110,4
0xfffc,0x3495,1111111111111100,0011010010010101,1100101101101001,5|6
0x9819,0x3a61,1001100000011001,0011101001100001,1010001001111000,4
0xe4ae,0x3b6b,1110010010101110,0011101101101011,1101111111000101,3|4
0x34e1,0x0e9f,0011010011100001,0000111010011111,0011101001111110,3
0x8ab8,0xcdfd,1000101010111000,1100110111111101,0100011101000101,5
0x9730,0xb1ef,1001011100110000,1011000111101111,0010011011011111,4
0x96c5,0x3b33,1001011011000101,0011101100110011,1010110111110110,5
0x8ed2,0xaff1,1000111011010010,1010111111110001,0010000100100011,4
0xdbe7,0x829b,1101101111100111,1000001010011011,0101100101111100,4
0x87b2,0x3c44,1000011110110010,0011110001000100,1011101111110110,4
0x3df9,0xf90f,0011110111111001,1111100100001111,1100010011110110,4
0xe6f4,0x3ea2,1110011011110100,0011111010100010,1101100001010110,5
0xd435,0x8359,1101010000110101,1000001101011001,0101011101101100,5
0x2f20,0x298a,0010111100100000,0010100110001010,0000011010101010,5
0x868e,0x6e12,1000011010001110,0110111000010010,1110100010011100,4
0x4f3b,0x8515,0100111100111011,1000010100010101,1100101000101110,5
0xa8eb,0x731d,1010100011101011,0111001100011101,1101101111110110,4
0xddc4,0xe8cf,1101110111000100,1110100011001111,0011010100001011,5
0xf85d,0xb8fe,1111100001011101,1011100011111110,0100000010100011,4
0xc94e,0xd3d5,1100100101001110,1101001111010101,0001101010011011,5
0x03ea,0x8816,0000001111101010,1000100000010110,1000101111111100,3
0x6514,0x86fc,0110010100010100,1000011011111100,1110001111101000,3
0x656b,0xe05b,0110010101101011,1110000001011011,1000010100110000,4
0x2961,0x0b8c,0010100101100001,0000101110001100,0010001011101101,5
0x3649,0x8470,0011011001001001,1000010001110000,1011001000111001,4|5
0xa7e9,0x2a75,1010011111101001,0010101001110101,1000110110011100,4
0xa0d6,0xeb7c,1010000011010110,1110101101111100,0100101110101010,6
0x6e3a,0x044c,0110111000111010,0000010001001100,0110101001110110,5
0x09ce,0x38be,0000100111001110,0011100010111110,0011000101110000,3
0xede1,0xd623,1110110111100001,1101011000100011,0011101111000010,3
0x17a3,0x13ba,0001011110100011,0001001110111010,0000010000011001,3
0x59b1,0xbc70,0101100110110001,1011110001110000,1110010111000001,3|4
0xdd61,0xbba0,1101110101100001,1011101110100000,0110011011000001,4
0xb809,0x6d39,1011100000001001,0110110100111001,1101010100110000,5
0xb19a,0x5a8e,1011000110011010,0101101010001110,1110101100010100,5
0x8b50,0xf7b6,1000101101010000,1111011110110110,0111110011100110,3
0x4c7c,0x0268,0100110001111100,0000001001101000,0100111000010100,4
0x4a23,0x2f97,0100101000100011,0010111110010111,0110010110110100,5
0xb5c3,0x260c,1011010111000011,0010011000001100,1001001111001111,3|4
0xd448,0x767e,1101010001001000,0111011001111110,1010001000110110,5
0xee12,0xa4c6,1110111000010010,1010010011000110,0100101011010100,6
0x542e,0x3b00,0101010000101110,0011101100000000,0110111100101110,4
0x37d7,0x5ed2,0011011111010111,0101111011010010,0110100100000101,5
0x4aab,0x562a,0100101010101011,0101011000101010,0001110010000001,3
0x4f2b,0xb691,0100111100101011,1011011010010001,1111100110111010,4
0xe226,0x0671,1110001000100110,0000011001110001,1110010001010111,4|5
0x9e30,0x8eeb,1001111000110000,1000111011101011,0001000011011011,4
0x8711,0x5642,1000011100010001,0101011001000010,1101000101010011,5|6
0x8321,0x6b93,1000001100100001,0110101110010011,1110100010110010,5
0x4549,0xa34b,0100010101001001,1010001101001011,1110011000000010,3
0x35e3,0x45cb,0011010111100011,0100010111001011,0111000000101000,3
0xf848,0xdb80,1111100001001000,1101101110000000,0010001111001000,3
0x7ab5,0xa62d,0111101010110101,1010011000101101,1101110010011000,4
0xef30,0xe17d,1110111100110000,1110000101111101,0000111001001101,4
0xf1d7,0x203f,1111000111010111,0010000000111111,1101000111101000,4
0xe160,0xd3ab,1110000101100000,1101001110101011,0011001011001011,5
0x67e9,0x3100,0110011111101001,0011000100000000,0101011011101001,6
0xee24,0xb7bd,1110111000100100,1011011110111101,0101100110011001,5
0x198b,0xc72e,0001100110001011,1100011100101110,1101111010100101,5|6
0xf2e1,0x2720,1111001011100001,0010011100100000,1101010111000001,4|5
0xb398,0x0ad9,1011001110011000,0000101011011001,1011100101000001,4|5
0x32bf,0x1901,0011001010111111,0001100100000001,0010101110111110,4
0xa8a6,0x13e0,1010100010100110,0001001111100000,1011101101000110,5
0x3ce1,0x81b4,0011110011100001,1000000110110100,1011110101010101,6|7
0x3484,0xfcd0,0011010010000100,1111110011010000,1100100001010100,5
0xe351,0x9def,1110001101010001,1001110111101111,0111111010111110,3
0x5705,0x88b9,0101011100000101,1000100010111001,1101111110111100,3
0x9771,0x014e,1001011101110001,0000000101001110,1001011000111111,3|4
0xff85,0xceeb,1111111110000101,1100111011101011,0011000101101110,4
0xd6ba,0x1a6d,1101011010111010,0001101001101101,1100110011010111,4|5
0x123b,0x5a55,0001001000111011,0101101001010101,0100100001101110,4
0xed59,0xce78,1110110101011001,1100111001111000,0010001100100001,4
0xfb54,0x3a18,1111101101010100,0011101000011000,1100000101001100,4
0x4b0d,0x7c32,0100101100001101,0111110000110010,0011011100111111,3
0xea76,0xdb00,1110101001110110,1101101100000000,0011000101110110,4
0xf306,0xc8b9,1111001100000110,1100100010111001,0011101110111111,3
0x0f0f,0xb174,0000111100001111,1011000101110100,1011111001111011,3|4
0xaa0f,0xb6db,1010101000001111,1011011011011011,0001110011010100,4
0x6cbb,0x0cf2,0110110010111011,0000110011110010,0110000001001001,4
0xfbf2,0x63ae,1111101111110010,0110001110101110,1001100001011100,4
0x3395,0x5221,0011001110010101,0101001000100001,0110000110110100,4
0x9116,0xdd04,1001000100010110,1101110100000100,0100110000010010,4
0xd68e,0xea23,1101011010001110,1110101000100011,0011110010101101,5
0xd5eb,0x3cbd,1101010111101011,0011110010111101,1110100101010110,6
0x49d2,0xae02,0100100111010010,1010111000000010,1110011111010000,3
0x9ec3,0xf05e,1001111011000011,1111000001011110,0110111010011101,5
0xf4f1,0x721c,1111010011110001,0111001000011100,1000011011101101,4|5
0x77fb,0xcd71,0111011111111011,1100110101110001,1011101010001010,6
0x2f47,0xa5bb,0010111101000111,1010010110111011,1000101011111100,4
0xdc56,0x35c8,1101110001010110,0011010111001000,1110100110011110,4
0x9d1b,0x2310,1001110100011011,0010001100010000,1011111000001011,3|4
0xdc73,0xd177,1101110001110011,1101000101110111,0000110100000100,3
0x94c4,0x666a,1001010011000100,0110011001101010,1111001010101110,5
0x7b12,0x54f7,0111101100010010,0101010011110111,0010111111100101,4
0x0bc1,0x9be3,0000101111000001,1001101111100011,1001000000100010,4
0xc9e2,0x8679,1100100111100010,1000011001111001,0100111110011011,4
0xc53d,0xf921,1100010100111101,1111100100100001,0011110000011100,2
0x2b24,0x182f,0010101100100100,0001100000101111,0011001100001011,4
0x6f54,0xb0ff,0110111101010100,1011000011111111,1101111110101011,4|5
0xeebc,0x1c24,1110111010111100,0001110000100100,1111001010011000,4
0xf9b5,0x9762,1111100110110101,1001011101100010,0110111011010111,5
0xca68,0xc287,1100101001101000,1100001010000111,0000100011101111,3
0x086b,0x5a4d,0000100001101011,0101101001001101,0101001000100110,5
0x5b1e,0x0695,0101101100011110,0000011010010101,0101110110001011,5
0x7bc6,0x0ae0,0111101111000110,0000101011100000,0111000100100110,4
0xf712,0x99e2,1111011100010010,1001100111100010,0110111011110000,3
0x1409,0x96ed,0001010000001001,1001011011101101,1000001011100100,4
0xfb95,0xa380,1111101110010101,1010001110000000,0101100000010101,5
0xd13d,0xec48,1101000100111101,1110110001001000,0011110101110101,5
0xf92e,0x94b3,1111100100101110,1001010010110011,0110110110011101,5
0x8430,0x6f9e,1000010000110000,0110111110011110,1110101110101110,5
0xa0bd,0xa483,1010000010111101,1010010010000011,0000010000111110,2
0xd826,0xbd10,1101100000100110,1011110100010000,0110010100110110,5
0x36c3,0x3ed6,0011011011000011,0011111011010110,0000100000010101,4
0x1bd1,0x525d,0001101111010001,0101001001011101,0100100110001100,4
0x4acf,0x290e,0100101011001111,0010100100001110,0110001111000001,3
0xfb69,0x6b69,1111101101101001,0110101101101001,1001000000000000,2
0x408a,0xf96c,0100000010001010,1111100101101100,1011100111100110,4
0x3889,0x407f,0011100010001001,0100000001111111,0111100011110110,3
0x6883,0xe2a6,0110100010000011,1110001010100110,1000101000100101,5|6
0x8698,0x0dbf,1000011010011000,0000110110111111,1000101100100111,4|5
0x288c,0x6267,0010100010001100,0110001001100111,0100101011101011,6
0x17ab,0xb02b,0001011110101011,1011000000101011,1010011110000000,3
0x37cc,0x3778,0011011111001100,0011011101111000,0000000010110100,3
0x5d42,0x4118,0101110101000010,0100000100011000,0001110001011010,4
0x4670,0xbe8c,0100011001110000,1011111010001100,1111100011111100,2
0x336d,0xdb8d,0011001101101101,1101101110001101,1110100011100000,3
0x102e,0x223a,0001000000101110,0010001000111010,0011001000010100,4
0x97fc,0x175d,1001011111111100,0001011101011101,1000000010100001,3|4
0x064f,0xf706,0000011001001111,1111011100000110,1111000101001001,4|5
0x6e93,0x400d,0110111010010011,0100000000001101,0010111010011110,4
0x7654,0xba6a,0111011001010100,1011101001101010,1100110000111110,3
0x52d5,0x5d6b,0101001011010101,0101110101101011,0000111110111110,2
0xba74,0xea48,1011101001110100,1110101001001000,0101000000111100,3
0x0885,0x5f23,0000100010000101,0101111100100011,0101011110100110,5
0x464a,0x48b7,0100011001001010,0100100010110111,0000111011111101,3
0x1632,0x4f0a,0001011000110010,0100111100001010,0101100100111000,4
0xf7dd,0x3837,1111011111011101,0011100000110111,1100111111101010,4
0x7aa8,0xa7ba,0111101010101000,1010011110111010,1101110100010010,5
0x80e1,0xb419,1000000011100001,1011010000011001,0011010011111000,3
0x3bc2,0x2530,0011101111000010,0010010100110000,0001111011110010,3
0x5d30,0xe401,0101110100110000,1110010000000001,1011100100110001,4|5
0xf6a0,0x73a4,1111011010100000,0111001110100100,1000010100000100,4
0x8714,0x8da6,1000011100010100,1000110110100110,0000101010110010,5
0x8a29,0x1beb,1000101000101001,0001101111101011,1001000111000010,4
0xd737,0xdbc7,1101011100110111,1101101111000111,0000110011110000,2
0x71f2,0xacab,0111000111110010,1010110010101011,1101110101011001,5|6
0x03fd,0x5914,0000001111111101,0101100100010100,0101101011101001,6
0x163b,0x19a7,0001011000111011,0001100110100111,0000111110011100,2
0xf63d,0x367b,1111011000111101,0011011001111011,1100000001000110,3
0x0f1e,0x5993,0000111100011110,0101100110010011,0101011010001101,6
0xef9e,0x84c3,1110111110011110,1000010011000011,0110101101011101,6
0x7e6e,0x5032,0111111001101110,0101000000110010,0010111001011100,4
0x0650,0xa7f8,0000011001010000,1010011111111000,1010000110101000,5
0xd6e5,0xe20d,1101011011100101,1110001000001101,0011010011101000,4
0x2366,0xd55d,0010001101100110,1101010101011101,1111011000111011,3|4
0xaf10,0xe30e,1010111100010000,1110001100001110,0100110000011110,3
0x6475,0xbb23,0110010001110101,1011101100100011,1101111101010110,5
0x8f40,0x5b47,1000111101000000,0101101101000111,1101010000000111,3|4
0x8d0a,0x2379,1000110100001010,0010001101111001,1010111001110011,4|5
0x0667,0x500e,0000011001100111,0101000000001110,0101011001101001,6
0x9d5b,0xc5a5,1001110101011011,1100010110100101,0101100011111110,3
0x07ea,0x5160,0000011111101010,0101000101100000,0101011010001010,6
0x1756,0x822e,0001011101010110,1000001000101110,1001010101111000,5
0x56b4,0xfb8b,0101011010110100,1111101110001011,1010110100111111,4|5
0x4027,0x5edc,0100000000100111,0101111011011100,0001111011111011,3
0x0b41,0x8f78,0000101101000001,1000111101111000,1000010000111001,3|4
0x23ec,0x2acd,0010001111101100,0010101011001101,0000100100100001,4
0xa21e,0x56a8,1010001000011110,0101011010101000,1111010010110110,5
0x11a2,0x51e9,0001000110100010,0101000111101001,0100000001001011,4
0x7db1,0x3bb3,0111110110110001,0011101110110011,0100011000000010,3
0x07fa,0x95e0,0000011111111010,1001010111100000,1001001000011010,5
0xbbb1,0x1879,1011101110110001,0001100001111001,1010001111001000,4
0x0fa8,0xa632,0000111110101000,1010011000110010,1010100110011010,6
0x5345,0xc0aa,0101001101000101,1100000010101010,1001001111101111,3|4
0x7e91,0xecc6,0111111010010001,1110110011000110,1001001001010111,5|6
0x18bb,0x20de,0001100010111011,0010000011011110,0011100001100101,4
0x2ea4,0x7f97,0010111010100100,0111111110010111,0101000100110011,5
0x4f96,0xf484,0100111110010110,1111010010000100,1011101100010010,5
0xf10f,0x3dba,1111000100001111,0011110110111010,1100110010110101,5|6
0x9daf,0xfb8d,1001110110101111,1111101110001101,0110011000100010,4
0x7cf5,0xc1da,0111110011110101,1100000111011010,1011110100101111,4|5
0x63b9,0xab26,0110001110111001,1010101100100110,1100100010011111,3|4
0x27d2,0xab43,0010011111010010,1010101101000011,1000110010010001,4|5
0xfce1,0xa88c,1111110011100001,1010100010001100,0101010001101101,6
0x98e5,0x02ca,1001100011100101,0000001011001010,1001101000101111,4|5
0x6910,0xc3e7,0110100100010000,1100001111100111,1010101011110111,5|6
0x0ccc,0x43e8,0000110011001100,0100001111101000,0100111100100100,4
0xec8f,0x7881,1110110010001111,0111100010000001,1001010000001110,4
0x3e25,0x2924,0011111000100101,0010100100100100,0001011100000001,3
0x0a67,0x6ffa,0000101001100111,0110111111111010,0110010110011101,5
0xaf79,0x27e2,1010111101111001,0010011111100010,1000100010011011,4|5
0x5547,0xe9db,0101010101000111,1110100111011011,1011110010011100,4
0xf226,0xd53a,1111001000100110,1101010100111010,0010011100011100,3
0xc2a5,0x11f2,1100001010100101,0001000111110010,1101001101010111,5|6
0x5dec,0x3831,0101110111101100,0011100000110001,0110010111011101,5
0x3b2c,0x0a81,0011101100101100,0000101010000001,0011000110101101,5
0xc364,0x7511,1100001101100100,0111010100010001,1011011001110101,5|6
0xaa0e,0x75c9,1010101000001110,0111010111001001,1101111111000111,2|3
0xfc3d,0xdaee,1111110000111101,1101101011101110,0010011011010011,5
0xa494,0x3424,1010010010010100,0011010000100100,1001000010110000,4
0x1067,0x3766,0001000001100111,0011011101100110,0010011100000001,3
0x3d34,0x2b86,0011110100110100,0010101110000110,0001011010110010,5
0x8c69,0x084a,1000110001101001,0000100001001010,1000010000100011,3|4
0x1476,0xcc06,0001010001110110,1100110000000110,1101100001110000,3
0x8ea7,0x2667,1000111010100111,0010011001100111,1010100011000000,4
0xefdc,0x3a10,1110111111011100,0011101000010000,1101010111001100,5
0xb2d9,0xe7b9,1011001011011001,1110011110111001,0101010101100000,5
0x7b0c,0x040e,0111101100001100,0000010000001110,0111111100000010,2
0x8c03,0x4fd4,1000110000000011,0100111111010100,1100001111010111,3|4
0x90bb,0xe63c,1001000010111011,1110011000111100,0111011010000111,4
0x6653,0x01b6,0110011001010011,0000000110110110,0110011111100101,4
0xca79,0x659f,1100101001111001,0110010110011111,1010111111100110,4
0xcf78,0x3d71,1100111101111000,0011110101110001,1111001000001001,3|4
0x88b2,0x27b4,1000100010110010,0010011110110100,1010111100000110,4
0x64c0,0x2479,0110010011000000,0010010001111001,0100000010111001,4
0x1f34,0xe2b7,0001111100110100,1110001010110111,1111110110000011,2|3
0x284d,0xc28d,0010100001001101,1100001010001101,1110101011000000,4
0xe6b6,0xfd0e,1110011010110110,1111110100001110,0001101110111000,3
0x1a2a,0xc17b,0001101000101010,1100000101111011,1101101101010001,5|6
0x13b6,0x6786,0001001110110110,0110011110000110,0111010000110000,3
0x42bc,0xbcc1,0100001010111100,1011110011000001,1111111001111101,2|3
0xc9b8,0xdae1,1100100110111000,1101101011100001,0001001101011001,5
0x6098,0x357a,0110000010011000,0011010101111010,0101010111100010,5
0x90ff,0x4aab,1001000011111111,0100101010101011,1101101001010100,6
0xf420,0xae3f,1111010000100000,1010111000111111,0101101000011111,4
0xb2fb,0xad60,1011001011111011,1010110101100000,0001111110011011,3
0x1c9c,0x1c7d,0001110010011100,0001110001111101,0000000011100001,2
0x62ba,0x9d5f,0110001010111010,1001110101011111,1111111111100101,2|3
0xa166,0x4015,1010000101100110,0100000000010101,1110000101110011,3|4
0x2831,0x7a2d,0010100000110001,0111101000101101,0101001000011100,4
0x8128,0xc482,1000000100101000,1100010010000010,0100010110101010,6
0xe559,0x4c8d,1110010101011001,0100110010001101,1010100111010100,6
0x4f6c,0x4810,0100111101101100,0100100000010000,0000011101111100,2
0x9a8b,0xa47e,1001101010001011,1010010001111110,0011111011110101,4
0x056f,0x9467,0000010101101111,1001010001100111,1001000100001000,4
0x7efe,0x39ef,0111111011111110,0011100111101111,0100011100010001,4
0x3ce4,0x839c,0011110011100100,1000001110011100,1011111101111000,3
0x9ce7,0xccee,1001110011100111,1100110011101110,0101000000001001,4
0xaf76,0x5a54,1010111101110110,0101101001010100,1111010100100010,5
0xceb7,0x927a,1100111010110111,1001001001111010,0101110011001101,5
0x9f2f,0x0844,1001111100101111,0000100001000100,1001011101101011,5|6
0x4791,0x867f,0100011110010001,1000011001111111,1100000111101110,3
0x67e7,0xeb09,0110011111100111,1110101100001001,1000110011101110,4
0x5c6d,0xf224,0101110001101101,1111001000100100,1010111001001001,5|6
0x18ce,0xf669,0001100011001110,1111011001101001,1110111010100111,4|5
0xf74e,0xcfa6,1111011101001110,1100111110100110,0011100011101000,3
0x247c,0x046d,0010010001111100,0000010001101101,0010000000010001,3
0xd5fe,0xd0e1,1101010111111110,1101000011100001,0000010100011111,3
0xc246,0x74f1,1100001001000110,0111010011110001,1011011010110111,5|6
0xc6ea,0x5fc6,1100011011101010,0101111111000110,1001100100101100,5
0xe291,0x8f76,1110001010010001,1000111101110110,0110110111100111,4
0x9290,0x172f,1001001010010000,0001011100101111,1000010110111111,3|4
0x631b,0x1998,0110001100011011,0001100110011000,0111101010000011,4
0x4440,0xe88d,0100010001000000,1110100010001101,1010110011001101,5|6
0xd358,0x0611,1101001101011000,0000011000010001,1101010101001001,6|7
0x7dde,0xead2,0111110111011110,1110101011010010,1001011100001100,4
0x1ec9,0xfdbc,0001111011001001,1111110110111100,1110001101110101,4|5
0x599a,0x327b,0101100110011010,0011001001111011,0110101111100001,4
0x27ea,0x9a72,0010011111101010,1001101001110010,1011110110011000,4
0x151f,0xa4a2,0001010100011111,1010010010100010,1011000110111101,4|5
0x6fee,0x5362,0110111111101110,0101001101100010,0011110010001100,3
0xd86c,0xf820,1101100001101100,1111100000100000,0010000001001100,3
0x2bd6,0xe0de,0010101111010110,1110000011011110,1100101100001000,4
0xcf34,0xe689,1100111100110100,1110011010001001,0010100110111101,5
0xb63b,0xc718,1011011000111011,1100011100011000,0111000100100011,4
0xa3fd,0x50af,1010001111111101,0101000010101111,1111001101010010,5
0xba8b,0x9a3a,1011101010001011,1001101000111010,0010000010110001,4
0x8bb9,0xc9e7,1000101110111001,1100100111100111,0100001001011110,4
0xc50e,0x8640,1100010100001110,1000011001000000,0100001101001110,4
0x91db,0x9074,1001000111011011,1001000001110100,0000000110101111,3
0x453c,0xdfc7,0100010100111100,1101111111000111,1001101011111011,4|5
0x742b,0x9ecb,0111010000101011,1001111011001011,1110101011100000,4
0x27dc,0x371e,0010011111011100,0011011100011110,0001000011000010,3
0x3bfe,0x2567,0011101111111110,0010010101100111,0001111010011001,4
0x12cd,0xb197,0001001011001101,1011000110010111,1010001101011010,6
0x959d,0x4a0a,1001010110011101,0100101000001010,1101111110010111,3|4
0x0289,0x312c,0000001010001001,0011000100101100,0011001110100101,5
0x7376,0x0f13,0111001101110110,0000111100010011,0111110001100101,4
0x2697,0xb353,0010011010010111,1011001101010011,1001010111000100,5
0x1944,0x1b59,0001100101000100,0001101101011001,0000001000011101,3
0x459a,0xa8b0,0100010110011010,1010100010110000,1110110100101010,6
0xccaf,0x2a9c,1100110010101111,0010101010011100,1110011000110011,3|4
0xcddd,0xe94d,1100110111011101,1110100101001101,0010010010010000,4
0x4d62,0xbc63,0100110101100010,1011110001100011,1111000100000001,2|3
0x3ac7,0xb810,0011101011000111,1011100000010000,1000001011010111,4|5
0xc1c0,0x80a5,1100000111000000,1000000010100101,0100000101100101,5
0xa9cd,0x684c,1010100111001101,0110100001001100,1100000110000001,2|3
0xae21,0xa479,1010111000100001,1010010001111001,0000101001011000,4
0xff2e,0x82b9,1111111100101110,1000001010111001,0111110110010111,4
0xd60a,0x4296,1101011000001010,0100001010010110,1001010010011100,5
0xde4f,0x9a57,1101111001001111,1001101001010111,0100010000011000,3
0x4718,0xd0ea,0100011100011000,1101000011101010,1001011111110010,4
0x13f0,0xc5d2,0001001111110000,1100010111010010,1101011000100010,5
0x8038,0x29e2,1000000000111000,0010100111100010,1010100111011010,6
0x4a7b,0x1d39,0100101001111011,0001110100111001,0101011101000010,5
0x90a8,0x109c,1001000010101000,0001000010011100,1000000000110100,3
0xcb1b,0xdf86,1100101100011011,1101111110000110,0001010010011101,5
0xdc11,0x3770,1101110000010001,0011011101110000,1110101101100001,4|5
0xafba,0xef18,1010111110111010,1110111100011000,0100000010100010,4
0xc0e7,0x6655,1100000011100111,0110011001010101,1010011010110010,6
0xf9ac,0x503b,1111100110101100,0101000000111011,1010100110010111,5|6
0xd1df,0xa8d3,1101000111011111,1010100011010011,0111100100001100,3
0x02a4,0xfb38,0000001010100100,1111101100111000,1111100110011100,3
0xfa44,0x3780,1111101001000100,0011011110000000,1100110111000100,4
0x5d99,0x49d5,0101110110011001,0100100111010101,0001010001001100,4
0xc5b5,0x0385,1100010110110101,0000001110000101,1100011000110000,3
0x96b8,0x2004,1001011010111000,0010000000000100,1011011010111100,5
0xc84f,0x6540,1100100001001111,0110010101000000,1010110100001111,4|5
0x389e,0x821a,0011100010011110,1000001000011010,1011101010000100,5
0xb250,0xc34a,1011001001010000,1100001101001010,0111000100011010,4
0x3669,0xea52,0011011001101001,1110101001010010,1101110000111011,3|4
0x7325,0x6df0,0111001100100101,0110110111110000,0001111011010101,5
0x0586,0x8031,0000010110000110,1000000000110001,1000010110110111,4|5
0xc46a,0xd60a,1100010001101010,1101011000001010,0001001001100000,3
0x9abc,0xd58e,1001101010111100,1101010110001110,0100111100110010,4
0x9851,0x3813,1001100001010001,0011100000010011,1010000001000010,4
0x8373,0xec55,1000001101110011,1110110001010101,0110111100100110,4
0x4a5c,0x0ef1,0100101001011100,0000111011110001,0100010010101101,6
0x6b06,0x84f6,0110101100000110,1000010011110110,1110111111110000,2
0x9576,0xb04e,1001010101110110,1011000001001110,0010010100111000,4
0x6c65,0xe7dc,0110110001100101,1110011111011100,1000101110111001,4|5
0x782c,0x0611,0111100000101100,0000011000010001,0111111000111101,3
0x166e,0x6dfd,0001011001101110,0110110111111101,0111101110010011,4
0x03df,0xbf2d,0000001111011111,1011111100101101,1011110011110010,4
0xfba5,0x4932,1111101110100101,0100100100110010,1011001010010111,5|6
0x98e6,0x58c4,1001100011100110,0101100011000100,1100000000100010,3
0x3629,0xe564,0011011000101001,1110010101100100,1101001101001101,5|6
0x0b0c,0x101d,0000101100001100,0001000000011101,0001101100010001,4
0x8f5c,0xb829,1000111101011100,1011100000101001,0011011101110101,5
0x9e2c,0xdfdc,1001111000101100,1101111111011100,0100000111110000,2
0x6333,0x5f9d,0110001100110011,0101111110011101,0011110010101110,4
0x649b,0x1337,0110010010011011,0001001100110111,0111011110101100,4
0x27c4,0xc74d,0010011111000100,1100011101001101,1110000010001001,3|4
0x48eb,0x93c2,0100100011101011,1001001111000010,1101101100101001,5|6
0x2839,0xf18f,0010100000111001,1111000110001111,1101100110110110,5
0xe311,0x8566,1110001100010001,1000010101100110,0110011001110111,4
0x7093,0xfc1e,0111000010010011,1111110000011110,1000110010001101,4|5
0xa6e8,0x9859,1010011011101000,1001100001011001,0011111010110001,4
0xb203,0xb500,1011001000000011,1011010100000000,0000011100000011,2
0x650d,0x7bff,0110010100001101,0111101111111111,0001111011110010,3
0x4de9,0x9583,0100110111101001,1001010110000011,1101100001101010,5
0x8e7a,0x1250,1000111001111010,0001001001010000,1001110000101010,5
0x4b5d,0xe7db,0100101101011101,1110011111011011,1010110010000110,5
0x1569,0x9b73,0001010101101001,1001101101110011,1000111000011010,4
0xd849,0x7a61,1101100001001001,0111101001100001,1010001000101000,5
0xcccd,0x6990,1100110011001101,0110100110010000,1010010101011101,6|7
0xeded,0xf025,1110110111101101,1111000000100101,0001110111001000,3
0x19b0,0x3bce,0001100110110000,0011101111001110,0010001001111110,3
0x72df,0x5b76,0111001011011111,0101101101110110,0010100110101001,6
0xbe13,0x2982,1011111000010011,0010100110000010,1001011110010001,4|5
0x6399,0x8114,0110001110011001,1000000100010100,1110001010001101,4|5
0x870f,0x6902,1000011100001111,0110100100000010,1110111000001101,3|4
0x6fce,0xc230,0110111111001110,1100001000110000,1010110111111110,4
0xcbe1,0x79c9,1100101111100001,0111100111001001,1011001000101000,5
0xc184,0xa726,1100000110000100,1010011100100110,0110011010100010,5
0xf184,0x9cc6,1111000110000100,1001110011000110,0110110101000010,5
0x39f8,0x5fce,0011100111111000,0101111111001110,0110011000110110,4
0xe247,0xf87c,1110001001000111,1111100001111100,0001101000111011,4
0x6669,0x9ce0,0110011001101001,1001110011100000,1111101010001001,4|5
0xd6ba,0xdf00,1101011010111010,1101111100000000,0000100110111010,4
0x9b42,0x43ff,1001101101000010,0100001111111111,1101100010111101,4|5
0xf083,0x73dd,1111000010000011,0111001111011101,1000001101011110,4
0x802f,0x033a,1000000000101111,0000001100111010,1000001100010101,4|5
0x02b7,0x936c,0000001010110111,1001001101101100,1001000111011011,4|5
0xcdf3,0x90f7,1100110111110011,1001000011110111,0101110100000100,4
0x34cd,0xe0b3,0011010011001101,1110000010110011,1101010001111110,4
0x38d5,0x6fe7,0011100011010101,0110111111100111,0101011100110010,5
0x7951,0x1fd8,0111100101010001,0001111111011000,0110011010001001,5
0xd382,0x1902,1101001110000010,0001100100000010,1100101010000000,4
0x5dcb,0x5e65,0101110111001011,0101111001100101,0000001110101110,3
0xdd55,0xad53,1101110101010101,1010110101010011,0111000000000110,2
0xf2b6,0x6a36,1111001010110110,0110101000110110,1001100010000000,3
0x9f84,0xc6ac,1001111110000100,1100011010101100,0101100100101000,5
0xa415,0xed14,1010010000010101,1110110100010100,0100100100000001,4
0xad97,0x0a9c,1010110110010111,0000101010011100,1010011100001011,4|5
0x33a2,0xcb31,0011001110100010,1100101100110001,1111100010010011,3|4
0x6cbc,0x3274,0110110010111100,0011001001110100,0101111011001000,4
0x3433,0x78b2,0011010000110011,0111100010110010,0100110010000001,4
0xf73c,0x32eb,1111011100111100,0011001011101011,1100010111010111,4|5
0x20ae,0xbccf,0010000010101110,1011110011001111,1001110001100001,3|4
0x1b47,0xeb69,0001101101000111,1110101101101001,1111000000101110,3
0xc3fb,0xc88f,1100001111111011,1100100010001111,0000101101110100,4
0x9025,0xa93b,1001000000100101,1010100100111011,0011100100011110,3
0x1113,0xf357,0001000100010011,1111001101010111,1110001001000100,4
0x821b,0x36c5,1000001000011011,0011011011000101,1011010011011110,5
0xbf65,0xbfda,1011111101100101,1011111111011010,0000000010111111,2
0x9344,0x3af1,1001001101000100,0011101011110001,1010100110110101,6|7
0xd383,0x22a2,1101001110000011,0010001010100010,1111000100100001,3|4
0x9827,0x2972,1001100000100111,0010100101110010,1011000101010101,6|7
0x253d,0x0ccd,0010010100111101,0000110011001101,0010100111110000,3
0x14d3,0xb0d6,0001010011010011,1011000011010110,1010010000000101,4|5
0xf7b4,0x4c72,1111011110110100,0100110001110010,1011101111000110,4
0xf3e1,0xb8d5,1111001111100001,1011100011010101,0100101100110100,5
0x5025,0x4330,0101000000100101,0100001100110000,0001001100010101,5
0x9fcf,0x630f,1001111111001111,0110001100001111,1111110011000000,2
0x30e2,0x6ed2,0011000011100010,0110111011010010,0101111000110000,3
0x156e,0x104d,0001010101101110,0001000001001101,0000010100100011,4
0xbd4c,0x0cfd,1011110101001100,0000110011111101,1011000110110001,4|5
0x182c,0x3c2e,0001100000101100,0011110000101110,0010010000000010,3
0x9a79,0x77ed,1001101001111001,0111011111101101,1110110110010100,5
0xd12c,0xb59a,1101000100101100,1011010110011010,0110010010110110,5
0xd9a9,0x8997,1101100110101001,1000100110010111,0101000000111110,3
0x895c,0xe273,1000100101011100,1110001001110011,0110101100101111,5
0x5ef4,0x3948,0101111011110100,0011100101001000,0110011110111100,3
0xc257,0x5d34,1100001001010111,0101110100110100,1001111101100011,3|4
0xa68d,0x6d1c,1010011010001101,0110110100011100,1100101110010001,4|5
0xfe7b,0x35f1,1111111001111011,0011010111110001,1100101110001010,5
0xf9c5,0x6add,1111100111000101,0110101011011101,1001001100011000,4
0x0cea,0xc5ac,0000110011101010,1100010110101100,1100100101000110,5
0xf5a2,0xa05a,1111010110100010,1010000001011010,0101010111111000,4
0xe6c3,0x1c1b,1110011011000011,0001110000011011,1111101011011000,4
0x6f4a,0xf71c,0110111101001010,1111011100011100,1001100001010110,5
0x1d7e,0xa7d4,0001110101111110,1010011111010100,1011101010101010,7
0x250c,0x7ef5,0010010100001100,0111111011110101,0101101111111001,4
0xfb97,0xbb27,1111101110010111,1011101100100111,0100000010110000,3
0xc781,0x6134,1100011110000001,0110000100110100,1010011010110101,6|7
0x609d,0xe78e,0110000010011101,1110011110001110,1000011100010011,3|4
0xda20,0xed1a,1101101000100000,1110110100011010,0011011100111010,4
0x18f8,0x6689,0001100011111000,0110011010001001,0111111001110001,3
0xa5a7,0xf0c4,1010010110100111,1111000011000100,0101010101100011,6
0x4e19,0x1eb2,0100111000011001,0001111010110010,0101000010101011,6
0x2563,0x9673,0010010101100011,1001011001110011,1011001100010000,4
0xeb7c,0x206f,1110101101111100,0010000001101111,1100101100010011,4|5
0x0630,0x91ed,0000011000110000,1001000111101101,1001011111011101,4|5
0x679c,0x2e8a,0110011110011100,0010111010001010,0100100100010110,5
0x228d,0x697d,0010001010001101,0110100101111101,0100101111110000,3
0x5eb1,0x309a,0101111010110001,0011000010011010,0110111000101011,5
0x020f,0x1ee5,0000001000001111,0001111011100101,0001110011101010,4
0x76bd,0xf682,0111011010111101,1111011010000010,1000000000111111,1|2
0x8ea3,0xa8ca,1000111010100011,1010100011001010,0010011001101001,5
0x0b6b,0x13f8,0000101101101011,0001001111111000,0001100010010011,4
0xed3b,0xe26a,1110110100111011,1110001001101010,0000111101010001,4
0x4551,0x19ed,0100010101010001,0001100111101101,0101110010111100,4
0x9e58,0x2b56,1001111001011000,0010101101010110,1011010100001110,5
0x270b,0x98d8,0010011100001011,1001100011011000,1011111111010011,3|4
0x599b,0xeb4c,0101100110011011,1110101101001100,1011001011010111,5|6
0xdd34,0x4b8f,1101110100110100,0100101110001111,1001011010111011,5|6
0x2e37,0xc621,0010111000110111,1100011000100001,1110100000010110,4
0xc056,0x4716,1100000001010110,0100011100010110,1000011101000000,3
0x5c07,0x2623,0101110000000111,0010011000100011,0111101000100100,4
0xa0ca,0xe9dd,1010000011001010,1110100111011101,0100100100010111,5
0xae0b,0x8e92,1010111000001011,1000111010010010,0010000010011001,4
0x8f02,0xd305,1000111100000010,1101001100000101,0101110000000111,3
0x234b,0x2bd3,0010001101001011,0010101111010011,0000100010011000,3
0xca47,0x418d,1100101001000111,0100000110001101,1000101111001010,5
0x3f3d,0x0a70,0011111100111101,0000101001110000,0011010101001101,6
0xb226,0x5e26,1011001000100110,0101111000100110,1110110000000000,2
0xd88e,0x614c,1101100010001110,0110000101001100,1011100111000010,4
0x2dd6,0x4ec5,0010110111010110,0100111011000101,0110001100010011,4
0x65d4,0x6d11,0110010111010100,0110110100010001,0000100011000101,4
0x14ac,0xe120,0001010010101100,1110000100100000,1111010110001100,4
0x2d16,0x2434,0010110100010110,0010010000110100,0000100100100010,4
0xb7e6,0xe1b4,1011011111100110,1110000110110100,0101011001010010,6
0x6787,0xe5ed,0110011110000111,1110010111101101,1000001001101010,5
0xd67c,0x6589,1101011001111100,0110010110001001,1011001111110101,4|5
0x9842,0x3597,1001100001000010,0011010110010111,1010110111010101,6|7
0x644a,0xfee2,0110010001001010,1111111011100010,1001101010101000,6
0xc310,0x8b90,1100001100010000,1000101110010000,0100100010000000,3
0xe3fd,0x1a32,1110001111111101,0001101000110010,1111100111001111,2|3
0x34c2,0x2dba,0011010011000010,0010110110111010,0001100101111000,3
0x8509,0xac5a,1000010100001001,1010110001011010,0010100101010011,6
0x56e0,0x3ecc,0101011011100000,0011111011001100,0110100000101100,4
0x832d,0x9930,1000001100101101,1001100100110000,0001101000011101,4
0x880c,0xe7e1,1000100000001100,1110011111100001,0110111111101101,4
0x993d,0x7fd4,1001100100111101,0111111111010100,1110011011101001,4|5
0x97bf,0x148e,1001011110111111,0001010010001110,1000001100110001,3|4
0x51dd,0x923b,0101000111011101,1001001000111011,1100001111100110,3
0x20f2,0x1e0c,0010000011110010,0001111000001100,0011111011111110,2
0x62c1,0x5135,0110001011000001,0101000100110101,0011001111110100,3
0xdc29,0x9504,1101110000101001,1001010100000100,0100100100101101,6
0x751d,0x6cb1,0111010100011101,0110110010110001,0001100110101100,4
0x82eb,0xaa78,1000001011101011,1010101001111000,0010100010010011,5
0x3674,0xfa11,0011011001110100,1111101000010001,1100110001100101,4|5
0x3e47,0x4d3f,0011111001000111,0100110100111111,0111001101111000,3
0x7237,0x34e1,0111001000110111,0011010011100001,0100011011010110,5
0x5b54,0x65dd,0101101101010100,0110010111011101,0011111010001001,4
0x3698,0xcfa2,0011011010011000,1100111110100010,1111100100111010,4
0xc0e2,0x5ccd,1100000011100010,0101110011001101,1001110000101111,3|4
0xbba8,0x66ef,1011101110101000,0110011011101111,1101110101000111,4|5
0x2b0b,0x2432,0010101100001011,0010010000110010,0000111100111001,3
0x9fcc,0x8f49,1001111111001100,1000111101001001,0001000010000101,4
0x5a8b,0x4163,0101101010001011,0100000101100011,0001101111101000,3
0x8677,0x96f6,1000011001110111,1001011011110110,0001000010000001,3
0x68b5,0x7755,0110100010110101,0111011101010101,0001111111100000,1
0xa7a6,0xc8e3,1010011110100110,1100100011100011,0110111101000101,5
0x7707,0xa648,0111011100000111,1010011001001000,1101000101001111,4|5
0xad6a,0xf62e,1010110101101010,1111011000101110,0101101101000100,5
0x4ac2,0x7c13,0100101011000010,0111110000010011,0011011011010001,5
0x5371,0x50ad,0101001101110001,0101000010101101,0000001111011100,2
0x0e55,0x34d3,0000111001010101,0011010011010011,0011101010000110,4
0x0264,0x4a9b,0000001001100100,0100101010011011,0100100011111111,3
0x2fe8,0x0669,0010111111101000,0000011001101001,0010100110000001,4
0x64d6,0xb121,0110010011010110,1011000100100001,1101010111110111,4|5
0xde24,0x56f1,1101111000100100,0101011011110001,1000100011010101,5|6
0xbf6f,0xfeca,1011111101101111,1111111011001010,0100000110100101,5
0xdbe0,0xddf0,1101101111100000,1101110111110000,0000011000010000,2
0x1435,0x0251,0001010000110101,0000001001010001,0001011001100100,4
0x0301,0xb4fb,0000001100000001,1011010011111011,1011011111111010,4
0x9487,0x59bb,1001010010000111,0101100110111011,1100110100111100,4
0x65d6,0xa31c,0110010111010110,1010001100011100,1100011011001010,5
0xe269,0x2624,1110001001101001,0010011000100100,1100010001001101,4|5
0xa90b,0x34d6,1010100100001011,0011010011010110,1001110111011101,4|5
0x4d22,0xa8be,0100110100100010,1010100010111110,1110010110011100,4
0xffca,0xf89d,1111111111001010,1111100010011101,0000011101010111,4
0x8bd7,0x7ceb,1000101111010111,0111110011101011,1111011100111100,3
0xa4b1,0xd44c,1010010010110001,1101010001001100,0111000011111101,3
0x9cd1,0x0696,1001110011010001,0000011010010110,1001101001000111,4|5
0xdb0d,0x462d,1101101100001101,0100011000101101,1001110100100000,4
0xa613,0x9a70,1010011000010011,1001101001110000,0011110001100011,3
0xa175,0xf38a,1010000101110101,1111001110001010,0101001011111111,4
0xb989,0xce94,1011100110001001,1100111010010100,0111011100011101,4
0x4ad9,0x566b,0100101011011001,0101011001101011,0001110010110010,4
0x536b,0x9740,0101001101101011,1001011101000000,1100010000101011,4|5
0xe0d3,0x9478,1110000011010011,1001010001111000,0111010010101011,6
0xc18b,0x502e,1100000110001011,0101000000101110,1001000110100101,5|6
0x3c9d,0x45e9,0011110010011101,0100010111101001,0111100101110100,4
0xee82,0xff2a,1110111010000010,1111111100101010,0001000110101000,4
0x9ef7,0x1c6d,1001111011110111,0001110001101101,1000001010011010,5
0x5bd6,0x3fcb,0101101111010110,0011111111001011,0110010000011101,4
0xf172,0xce8d,1111000101110010,1100111010001101,0011111111111111,1
0xa7fd,0x67df,1010011111111101,0110011111011111,1100000000100010,3
0x1bad,0x3444,0001101110101101,0011010001000100,0010111111101001,4
0x3a64,0xfb5a,0011101001100100,1111101101011010,1100000100111110,3
0x6df8,0x6fda,0110110111111000,0110111111011010,0000001000100010,3
0xf474,0x13f1,1111010001110100,0001001111110001,1110011110000101,3|4
0x84ab,0x8767,1000010010101011,1000011101100111,0000001111001100,2
0x2167,0x9963,0010000101100111,1001100101100011,1011100000000100,3
0xb3e4,0x119f,1011001111100100,0001000110011111,1010001001111011,4|5
0x2b6d,0x3d70,0010101101101101,0011110101110000,0001011000011101,4
0x4d42,0xf574,0100110101000010,1111010101110100,1011100000110110,4
0x9e1d,0xddad,1001111000011101,1101110110101101,0100001110110000,3
0x8620,0x4084,1000011000100000,0100000010000100,1100011010100100,5
0x29d7,0xbe49,0010100111010111,1011111001001001,1001011110011110,4
0x968e,0x6602,1001011010001110,0110011000000010,1111000010001100,3
0x5097,0xd7e1,0101000010010111,1101011111100001,1000011101110110,4
0x3f2d,0x7da0,0011111100101101,0111110110100000,0100001010001101,5
0xbdc7,0xeae2,1011110111000111,1110101011100010,0101011100100101,6
0x738a,0xa6a7,0111001110001010,1010011010100111,1101010100101101,6|7
0x8037,0x19ab,1000000000110111,0001100110101011,1001100110011100,4
0xb675,0xeede,1011011001110101,1110111011011110,0101100010101011,6
0x8578,0x973b,1000010101111000,1001011100111011,0001001001000011,4
0x32fe,0xc050,0011001011111110,1100000001010000,1111001010101110,5
0xc856,0xdb79,1100100001010110,1101101101111001,0001001100101111,4
0x0b6e,0x08e9,0000101101101110,0000100011101001,0000001110000111,2
0xaf35,0x7807,1010111100110101,0111100000000111,1101011100110010,5
0x39f7,0x0b46,0011100111110111,0000101101000110,0011001010110001,5
0xb67e,0xa806,1011011001111110,1010100000000110,0001111001111000,2
0x5f8a,0x5944,0101111110001010,0101100101000100,0000011011001110,3
0x3986,0x26ca,0011100110000110,0010011011001010,0001111101001100,3
0x5517,0x1e42,0101010100010111,0001111001000010,0100101101010101,7
0xac4b,0x62c1,1010110001001011,0110001011000001,1100111010001010,5
0xedfa,0x8994,1110110111111010,1000100110010100,0110010001101110,4
0x1799,0x2587,0001011110011001,0010010110000111,0011001000011110,3
0x32ad,0xd8a4,0011001010101101,1101100010100100,1110101000001001,4|5
0xb41b,0x2621,1011010000011011,0010011000100001,1001001000111010,5
0x2664,0x7514,0010011001100100,0111010100010100,0101001101110000,4
0xc25f,0xa3da,1100001001011111,1010001111011010,0110000110000101,4
0x94d6,0x06f0,1001010011010110,0000011011110000,1001001000100110,5
0xde92,0x6599,1101111010010010,0110010110011001,1011101100001011,4|5
0x5477,0x6e21,0101010001110111,0110111000100001,0011101001010110,5
0x77e4,0x7fd9,0111011111100100,0111111111011001,0000100000111101,3
0x4aec,0x45fd,0100101011101100,0100010111111101,0000111100010001,3
0xb8a8,0x2875,1011100010101000,0010100001110101,1001000011011101,4|5
0xfa92,0xda4c,1111101010010010,1101101001001100,0010000011011110,3
0x9e30,0xc97f,1001111000110000,1100100101111111,0101011101001111,5
0xe071,0xe3f9,1110000001110001,1110001111111001,0000001110001000,2
0x5be3,0x894a,0101101111100011,1000100101001010,1101001010101001,6|7
0x4723,0x165b,0100011100100011,0001011001011011,0101000101111000,4
0x688d,0x3cf8,0110100010001101,0011110011111000,0101010001110101,6
0xfcbd,0xf8f5,1111110010111101,1111100011110101,0000010001001000,3
0x8b98,0x3587,1000101110011000,0011010110000111,1011111000011111,2|3
0xba0f,0x4843,1011101000001111,0100100001000011,1111001001001100,4
0x4fcb,0x4eac,0100111111001011,0100111010101100,0000000101100111,3
0x2e76,0xf246,0010111001110110,1111001001000110,1101110000110000,3
0xa99b,0xbf96,1010100110011011,1011111110010110,0001011000001101,4
0xbd35,0x77af,1011110100110101,0111011110101111,1100101010011010,6
0x367c,0x981d,0011011001111100,1001100000011101,1010111001100001,4|5
0x2e7b,0x4902,0010111001111011,0100100100000010,0110011101111001,4
0x1ccc,0x1030,0001110011001100,0001000000110000,0000110011111100,2
0xa978,0x5792,1010100101111000,0101011110010010,1111111011101010,4
0xeee6,0x59ca,1110111011100110,0101100111001010,1011011100101100,5
0x9e48,0x78cd,1001111001001000,0111100011001101,1110011010000101,4|5
0xb700,0x17b9,1011011100000000,0001011110111001,1010000010111001,4|5
0x9ed3,0x8a4f,1001111011010011,1000101001001111,0001010010011100,4
0x00b8,0xb2a7,0000000010111000,1011001010100111,1011001000011111,3|4
0x6e2b,0x70b5,0110111000101011,0111000010110101,0001111010011110,3
0x60eb,0x8f04,0110000011101011,1000111100000100,1110111111101111,2|3
0xdce2,0xf39e,1101110011100010,1111001110011110,0010111101111100,3
0x783f,0xdccd,0111100000111111,1101110011001101,1010010011110010,5
0x9fdc,0xa428,1001111111011100,1010010000101000,0011101111110100,3
0x8b2e,0xb2c8,1000101100101110,1011001011001000,0011100111100110,3
0xa73f,0x4fe6,1010011100111111,0100111111100110,1110100011011001,4|5
0x96c0,0x90d0,1001011011000000,1001000011010000,0000011000010000,2
0x8cf3,0x48a7,1000110011110011,0100100010100111,1100010001010100,5
0x49ea,0xc4b7,0100100111101010,1100010010110111,1000110101011101,5|6
0x73ee,0x0406,0111001111101110,0000010000000110,0111011111101000,3
0xd1da,0x4faa,1101000111011010,0100111110101010,1001111001110000,3
0xbd70,0xb045,1011110101110000,1011000001000101,0000110100110101,5
0x9573,0xe095,1001010101110011,1110000010010101,0111010111100110,4
0x60fd,0x90a5,0110000011111101,1001000010100101,1111000001011000,3
0xe7b8,0x6f9c,1110011110111000,0110111110011100,1000100000100100,4
0x7aec,0xb46c,0111101011101100,1011010001101100,1100111010000000,3
0xeacf,0x748f,1110101011001111,0111010010001111,1001111001000000,3
0xf7d3,0x5e24,1111011111010011,0101111000100100,1010100111110111,4|5
0xa753,0xefdc,1010011101010011,1110111111011100,0100100010001111,4
0x4eb3,0x6395,0100111010110011,0110001110010101,0010110100100110,5
0xbf7d,0x9622,1011111101111101,1001011000100010,0010100101011111,5
0x49d9,0xfc35,0100100111011001,1111110000110101,1011010111101100,5
0x8a02,0xee3e,1000101000000010,1110111000111110,0110010000111100,3
0x194d,0xf897,0001100101001101,1111100010010111,1110000111011010,4
0xe526,0x3059,1110010100100110,0011000001011001,1101010101111111,4|5
0x108f,0x9d93,0001000010001111,1001110110010011,1000110100011100,4
0xcfe2,0xac42,1100111111100010,1010110001000010,0110001110100000,3
0x306b,0x0238,0011000001101011,0000001000111000,0011001001010011,5
