0x45a6,0x5566,0100010110100110,0101010101100110,0001000011000000,2
0x3fa5,0xffa3,0011111110100101,1111111110100011,1100000000000110,2
0x29a4,0xa99b,0010100110100100,1010100110011011,1000000000111111,1|2
0x19a3,0x1994,0001100110100011,0001100110010100,0000000000110111,2
0x03a2,0x0482,0000001110100010,0000010010000010,0000011100100000,2
0xefa0,0xee80,1110111110100000,1110111010000000,0000000100100000,2
0xd99f,0xd993,1101100110011111,1101100110010011,0000000000001100,1
0xc59e,0x855e,1100010110011110,1000010101011110,0100000011000000,2
0xaf9d,0xaf8c,1010111110011101,1010111110001100,0000000000010001,2
0xdb9c,0xa39c,1101101110011100,1010001110011100,0111100000000000,1
0x899b,0x899b,1000100110011011,1000100110011011,0000000000000000,0
0x739b,0x729a,0111001110011011,0111001010011010,0000000100000001,2
0x5f99,0x6219,0101111110011001,0110001000011001,0011110110000000,2
0x4198,0x4997,0100000110011000,0100100110010111,0000100000001111,2
0x3597,0x4599,0011010110010111,0100010110011001,0111000000001110,2
0x3f96,0x1f56,0011111110010110,0001111101010110,0010000011000000,2
0x0b95,0x0fa5,0000101110010101,0000111110100101,0000010000110000,2
0xf993,0xb973,1111100110010011,1011100101110011,0100000011100000,2
0xe512,0xe572,1110010100010010,1110010101110010,0000000001100000,1
0xcf91,0xd38d,1100111110010001,1101001110001101,0001110000011100,2
0xbb90,0xb788,1011101110010000,1011011110001000,0000110000011000,2
0x998f,0x910f,1001100110001111,1001000100001111,0000100010000000,2
0x7b8e,0x9b9e,0111101110001110,1001101110011110,1110000000010000,2
0x678d,0xe788,0110011110001101,1110011110001000,1000000000000101,2|3
0x518c,0x488c,0101000110001100,0100100010001100,0001100100000000,2
0x3d83,0x3d4b,0011110110000011,0011110101001011,0000000011001000,2
0xa78a,0x2786,1010011110001010,0010011110000110,1000000000001100,2
0x1409,0x17c9,0001010000001001,0001011111001001,0000001111000000,1
0x040a,0x8408,0000010000001010,1000010000001000,1000000000000010,2
0xe016,0xf006,1110000000010110,1111000000000110,0001000000010000,2
0xc685,0xca7d,1100011010000101,1100101001111101,0000110011111000,2
0x9e84,0xa644,1001111010000100,1010011001000100,0011100011000000,2
0x8883,0x9783,1000100010000011,1001011110000011,0001111100000000,1
0x7482,0x3442,0111010010000010,0011010001000010,0100000011000000,2
0x6081,0xa079,0110000010000001,1010000001111001,1100000011111000,2
0x4880,0x4c90,0100100010000000,0100110010010000,0000010000010000,2
0x367f,0x565f,0011011001111111,0101011001011111,0110000000100000,2
0x227e,0x2a7a,0010001001111110,0010101001111010,0000100000000100,2
0x0e7d,0xc67c,0000111001111101,1100011001111100,1100100000000001,2|3
0xfa7b,0xf9fb,1111101001111011,1111100111111011,0000001110000000,1
0xd07a,0xc67a,1101000001111010,1100011001111010,0001011000000000,2
0xbc7b,0xbc71,1011110001111011,1011110001110001,0000000000001010,2
0xa87c,0xa478,1010100001111100,1010010001111000,0000110000000100,2
0x9075,0x9477,1001000001110101,1001010001110111,0000010000000010,2
0x7e76,0x7a6e,0111111001110110,0111101001101110,0000010000011000,2
0x7a75,0x6a6d,0111101001110101,0110101001101101,0001000000011000,2
0x5e74,0x5574,0101111001110100,0101010101110100,0000101100000000,2
0xc273,0x4263,1100001001110011,0100001001100011,1000000000010000,2
0x2e72,0x0df2,0010111001110010,0000110111110010,0010001110000000,2
0x0871,0x1a71,0000100001110001,0001101001110001,0001001000000000,2
0x0470,0x048f,0000010001110000,0000010010001111,0000000011111111,1
0x706e,0x106f,0111000001101110,0001000001101111,0110000000000001,2
0xdc6d,0x046e,1101110001101101,0000010001101110,1101100000000011,2|3
0xc86e,0xc864,1100100001101110,1100100001100100,0000000000001010,2
0xb26b,0xb9eb,1011001001101011,1011100111101011,0000101110000000,2
0x8a6a,0x4a6b,1000101001101010,0100101001101011,1100000000000001,1|2
0x7269,0x7264,0111001001101001,0111001001100100,0000000000001101,2
0x6068,0x6070,0110000001101000,0110000001110000,0000000000011000,1
0x4867,0x48e8,0100100001100111,0100100011101000,0000000010001111,2
0x3466,0x3428,0011010001100110,0011010000101000,0000000001001110,2
0x2065,0x2073,0010000001100101,0010000001110011,0000000000010110,2
0x0a64,0xfa83,0000101001100100,1111101010000011,1111000011100111,2|3
0xf5e3,0xf5c2,1111010111100011,1111010111000010,0000000000100001,2
0xe1e5,0xe2e1,1110000111100101,1110001011100001,0000001100000100,2
0xcde0,0xb1e0,1100110111100000,1011000111100000,0111110000000000,1
0xb7df,0xb79f,1011011111011111,1011011110011111,0000000001000000,1
0xa3de,0x03de,1010001111011110,0000001111011110,1010000000000000,2
0x8ddd,0x8fd9,1000110111011101,1000111111011001,0000001000000100,2
0x7fdc,0x6bdc,0111111111011100,0110101111011100,0001010000000000,2
0x65db,0x66dc,0110010111011011,0110011011011100,0000001100000111,2
0x4e5e,0x4e52,0100111001011110,0100111001010010,0000000000001100,1
0x3a59,0x1a57,0011101001011001,0001101001010111,0010000000001110,2
0x2658,0xa647,0010011001011000,1010011001000111,1000000000011111,1|2
0x9057,0x1047,1001000001010111,0001000001000111,1000000000010000,2
0xfc57,0x0056,1111110001010111,0000000001010110,1111110000000001,1|2
0xec54,0x2855,1110110001010100,0010100001010101,1100010000000001,2|3
0xd453,0xb353,1101010001010011,1011001101010011,0110011100000000,2
0xba52,0xbe12,1011101001010010,1011111000010010,0000010001000000,2
0x2651,0xa611,0010011001010001,1010011000010001,1000000001000000,2
0x9250,0xb050,1001001001010000,1011000001010000,0010001000000000,2
0x7e4f,0x7d4d,0111111001001111,0111110101001101,0000001100000010,2
0xea4e,0x6a4c,1110101001001110,0110101001001100,1000000000000010,2
0x53cd,0x534e,0101001111001101,0101001101001110,0000000010000011,2
0x7f4c,0x3ecc,0111111101001100,0011111011001100,0100000110000000,2
0x294b,0xed4a,0010100101001011,1110110101001010,1100010000000001,2|3
0x0e4a,0x0cca,0000111001001010,0000110011001010,0000001010000000,2
0xeac8,0xf2c8,1110101011001000,1111001011001000,0001100000000000,1
0xe543,0xe527,1110010101000011,1110010100100111,0000000001100100,2
0xd1c6,0xc0c6,1101000111000110,1100000011000110,0001000100000000,2
0xbdc5,0xc0c5,1011110111000101,1100000011000101,0111110100000000,2
0xaa64,0xaac4,1010101001100100,1010101011000100,0000000010100000,2
0x9643,0x8a43,1001011001000011,1000101001000011,0001110000000000,1
0x7ec2,0x6ec1,0111111011000010,0110111011000001,0001000000000011,2
0x6ac3,0x2ac1,0110101011000011,0010101011000001,0100000000000010,2
0x56d0,0x56c1,0101011011010000,0101011011000001,0000000000010001,2
0x7f3f,0xbf3f,0111111100111111,1011111100111111,1100000000000000,1
0x2b3e,0xab3e,0010101100111110,1010101100111110,1000000000000000,1
0x073d,0x1f3d,0000011100111101,0001111100111101,0001100000000000,1
0x2d3c,0x053c,0010110100111100,0000010100111100,0010100000000000,2
0xf1ba,0xf0bb,1111000110111010,1111000010111011,0000000100000001,2
0xc7b9,0xe739,1100011110111001,1110011100111001,0010000010000000,2
0xb3b8,0x34b9,1011001110111000,0011010010111001,1000011100000001,2|3
0x8fb7,0x9f97,1000111110110111,1001111110010111,0001000000100000,2
0x9a37,0x8a36,1001101000110111,1000101000110110,0001000000000001,2
0x2635,0x7635,0010011000110101,0111011000110101,0101000000000000,2
0x5094,0x5034,0101000010010100,0101000000110100,0000000010100000,2
0x3e33,0x2e2f,0011111000110011,0010111000101111,0001000000011100,2
0x2832,0x1c32,0010100000110010,0001110000110010,0011010000000000,2
0x02b3,0x02a9,0000001010110011,0000001010101001,0000000000011010,2
0xd0af,0x30b0,1101000010101111,0011000010110000,1110000000011111,1|2
0xd8ae,0xf89e,1101100010101110,1111100010011110,0010000000110000,2
0xb52d,0xb74d,1011010100101101,1011011101001101,0000001001100000,2
0x8d2c,0x4d2e,1000110100101100,0100110100101110,1100000000000010,2
0x672b,0xc72b,0110011100101011,1100011100101011,1010000000000000,2
0x552a,0x54da,0101010100101010,0101010011011010,0000000111110000,1
0x3f20,0x3f29,0011111100100000,0011111100101001,0000000000001001,2
0x2d60,0x2d28,0010110101100000,0010110100101000,0000000001001000,2
0x0000,0x7eff,0000000000000000,0111111011111111,0111111011111111,2
0x0527,0x0725,0000010100100111,0000011100100101,0000001000000010,2
0xdf24,0xdb25,1101111100100100,1101101100100101,0000010000000001,2
0xcda4,0xcd62,1100110110100100,1100110101100010,0000000011000110,2
0xb7a3,0xb0a3,1011011110100011,1011000010100011,0000011100000000,1
0xa7aa,0xa5a2,1010011110101010,1010010110100010,0000001000001000,2
0xd3a1,0x93a3,1101001110100001,1001001110100011,0100000000000010,2
0x6ba0,0xec9f,0110101110100000,1110110010011111,1000011100111111,2|3
0x599f,0xb99e,0101100110011111,1011100110011110,1110000000000001,1|2
0x481e,0x479f,0100100000011110,0100011110011111,0000111110000001,2
0x381f,0x3a1d,0011100000011111,0011101000011101,0000001000000010,2
0x2a9c,0x269c,0010101010011100,0010011010011100,0000110000000000,1
0x009b,0x409a,0000000010011011,0100000010011010,0100000000000001,2
0xea99,0xea99,1110101010011001,1110101010011001,0000000000000000,0
0xd898,0xd892,1101100010011000,1101100010010010,0000000000001010,2
0xc897,0xc86f,1100100010010111,1100100001101111,0000000011111000,1
0xba96,0xae96,1011101010010110,1010111010010110,0001010000000000,2
0xa085,0x9095,1010000010000101,1001000010010101,0011000000010000,2
0x8e94,0x8a98,1000111010010100,1000101010011000,0000010000001100,2
0x7a93,0x9a53,0111101010010011,1001101001010011,1110000011000000,2
0x6892,0x0892,0110100010010010,0000100010010010,0110000000000000,1
0x5691,0x4e91,0101011010010001,0100111010010001,0001100000000000,1
0x3090,0xef8f,0011000010010000,1110111110001111,1101111100011111,2|3
0x1e8f,0x1e70,0001111010001111,0001111001110000,0000000011111111,1
0x0c8e,0x0e4e,0000110010001110,0000111001001110,0000001011000000,2
0xc6ac,0xe68c,1100011010101100,1110011010001100,0010000000100000,2
0xc48b,0xd493,1100010010001011,1101010010010011,0001000000011000,2
0x808a,0xc06a,1000000010001010,1100000001101010,0100000011100000,2
0x9c89,0x9c08,1001110010001001,1001110000001000,0000000010000001,2
0x7688,0x760a,0111011010001000,0111011000001010,0000000010000010,2
0x6487,0x6307,0110010010000111,0110001100000111,0000011110000000,1
0x5086,0x6085,0101000010000110,0110000010000101,0011000000000011,2
0x3e85,0x3e7d,0011111010000101,0011111001111101,0000000011111000,1
0x2e84,0xb084,0010111010000100,1011000010000100,1001111000000000,2
0x1883,0x1283,0001100010000011,0001001010000011,0000101000000000,2
0x0692,0x0662,0000011010010010,0000011001100010,0000000011110000,1
0xf681,0xe680,1111011010000001,1110011010000000,0001000000000001,2
0xe47f,0xd43f,1110010001111111,1101010000111111,0011000001000000,2
0xce7e,0x4e7a,1100111001111110,0100111001111010,1000000000000100,2
0xbe7d,0xae5d,1011111001111101,1010111001011101,0001000000100000,2
0x985c,0x967c,1001100001011100,1001011001111100,0000111000100000,2
0x06fb,0x867b,0000011011111011,1000011001111011,1000000010000000,2
0x74fa,0x74f8,0111010011111010,0111010011111000,0000000000000010,1
0x4ef9,0x06f9,0100111011111001,0000011011111001,0100100000000000,2
0x3ef8,0x3708,0011111011111000,0011011100001000,0000100111110000,2
0x28ff,0xa8f6,0010100011111111,1010100011110110,1000000000001001,2|3
0x18f6,0xf8f6,0001100011110110,1111100011110110,1110000000000000,1
0x06f5,0x06f3,0000011011110101,0000011011110011,0000000000000110,1
0xf2f3,0xf2ab,1111001011110011,1111001010101011,0000000001011000,2
0xe0f2,0xcff2,1110000011110010,1100111111110010,0010111100000000,2
0xba71,0xbab1,1011101001110001,1011101010110001,0000000011000000,1
0x98f0,0x9470,1001100011110000,1001010001110000,0000110010000000,2
0x84ef,0x83ed,1000010011101111,1000001111101101,0000011100000010,2
0x72ee,0xb2ae,0111001011101110,1011001010101110,1100000001000000,2
0x5eed,0x636d,0101111011101101,0110001101101101,0011110110000000,2
0x4cec,0x0dec,0100110011101100,0000110111101100,0100000100000000,2
0x3cab,0x3cf3,0011110010101011,0011110011110011,0000000001011000,2
0x26ea,0x256a,0010011011101010,0010010101101010,0000001110000000,1
0x0469,0x026d,0000010001101001,0000001001101101,0000011000000100,2
0xee67,0xee64,1110111001100111,1110111001100100,0000000000000011,1
0xd666,0xde64,1101011001100110,1101111001100100,0000100000000010,2
0xb5e5,0x2de5,1011010111100101,0010110111100101,1001100000000000,2
0xa3e4,0xa1e3,1010001111100100,1010000111100011,0000001000000111,2
0x81e3,0x9263,1000000111100011,1001001001100011,0001001110000000,2
0x6be2,0x6ac2,0110101111100010,0110101011000010,0000000100100000,2
0x43e1,0x0361,0100001111100001,0000001101100001,0100000010000000,2
0x31e0,0x11e1,0011000111100000,0001000111100001,0010000000000001,2
0x215f,0x219f,0010000101011111,0010000110011111,0000000011000000,1
0xf95d,0x79de,1111100101011101,0111100111011110,1000000010000011,2|3
0xe3dc,0xe464,1110001111011100,1110010001100100,0000011110111000,2
0xd1db,0xd0d9,1101000111011011,1101000011011001,0000000100000010,2
0xc1da,0x21db,1100000111011010,0010000111011011,1110000000000001,1|2
0xabd9,0xabda,1010101111011001,1010101111011010,0000000000000011,1
0x99d8,0x9be8,1001100111011000,1001101111101000,0000001000110000,2
0x87d7,0x83c7,1000011111010111,1000001111000111,0000010000010000,2
0x73d6,0x53b6,0111001111010110,0101001110110110,0010000001100000,2
0x61d5,0x63d4,0110000111010101,0110001111010100,0000001000000001,2
0x4f54,0x4bd4,0100111101010100,0100101111010100,0000010010000000,2
0x3c53,0x5c52,0011110001010011,0101110001010010,0110000000000001,2
0xaa52,0x2a51,1010101001010010,0010101001010001,1000000000000011,1|2
0x0251,0xfe40,0000001001010001,1111111001000000,1111110000010001,2|3
0xee4f,0xedcf,1110111001001111,1110110111001111,0000001110000000,1
0xca4e,0xc54e,1100101001001110,1100010101001110,0000111100000000,1
0xb64c,0xb63d,1011011001001100,1011011000111101,0000000001110001,2
0xa44c,0x804c,1010010001001100,1000000001001100,0010010000000000,2
0x944b,0x9c3b,1001010001001011,1001110000111011,0000100001110000,2
0x7e4a,0x5e0a,0111111001001010,0101111000001010,0010000001000000,2
0x6c49,0x5c51,0110110001001001,0101110001010001,0011000000011000,2
0x5848,0x5348,0101100001001000,0101001101001000,0000101100000000,2
0x4647,0x363f,0100011001000111,0011011000111111,0111000001111000,2
0x3646,0x1246,0011011001000110,0001001001000110,0010010000000000,2
0x2047,0x2035,0010000001000111,0010000000110101,0000000001110010,2
0x1044,0x0c46,0001000001000100,0000110001000110,0001110000000010,2
0xfe42,0x0003,1111111001000010,0000000000000011,1111111001000001,2|3
0xee41,0xea39,1110111001000001,1110101000111001,0000010001111000,2
0xd840,0xb844,1101100001000000,1011100001000100,0110000000000100,2
0xc43f,0xc433,1100010000111111,1100010000110011,0000000000001100,1
0x923e,0xb246,1001001000111110,1011001001000110,0010000001111000,2
0x9e39,0x9e35,1001111000111001,1001111000110101,0000000000001100,1
0x8c3c,0x8c38,1000110000111100,1000110000111000,0000000000000100,1
0x7c7b,0x6c3b,0111110001111011,0110110000111011,0001000001000000,2
0x663a,0x253a,0110011000111010,0010010100111010,0100001100000000,2
0x563b,0x3639,0101011000111011,0011011000111001,0110000000000010,2
0x4238,0x6230,0100001000111000,0110001000110000,0010000000001000,2
0x3037,0x3007,0011000000110111,0011000000000111,0000000000110000,1
0x2036,0x2012,0010000000110110,0010000000010010,0000000000100100,2
0x0035,0x0c35,0000000000110101,0000110000110101,0000110000000000,1
0x7a33,0xfa34,0111101000110011,1111101000110100,1000000000000111,1|2
0xeab2,0xca32,1110101010110010,1100101000110010,0010000010000000,2
0xd431,0x9c31,1101010000110001,1001110000110001,0100100000000000,2
0x4c30,0xc430,0100110000110000,1100010000110000,1000100000000000,2
0xb0af,0xb027,1011000010101111,1011000000100111,0000000010001000,2
0x1e2e,0xa22e,0001111000101110,1010001000101110,1011110000000000,2
0x9a2d,0x7a2d,1001101000101101,0111101000101101,1110000000000000,1
0x7a2d,0x7a24,0111101000101101,0111101000100100,0000000000001001,2
0x682b,0x082b,0110100000101011,0000100000101011,0110000000000000,1
0x542a,0x1429,0101010000101010,0001010000101001,0100000000000011,2
0x4429,0x0469,0100010000101001,0000010001101001,0100000001000000,2
0x2ea8,0xae27,0010111010101000,1010111000100111,1000000010001111,2|3
0x1e27,0xfda6,0001111000100111,1111110110100110,1110001110000001,2|3
0x0e26,0x102e,0000111000100110,0001000000101110,0001111000001000,2
0xf824,0xfa22,1111100000100100,1111101000100010,0000001000000110,2
0xe803,0xe623,1110100000000011,1110011000100011,0000111000100000,2
0xd422,0xd012,1101010000100010,1101000000010010,0000010000110000,2
0xc221,0x8219,1100001000100001,1000001000011001,0100000000111000,2
0xae20,0xada4,1010111000100000,1010110110100100,0000001110000100,2
0x9e1f,0x9e7f,1001111000011111,1001111001111111,0000000001100000,1
0x9c1e,0x8c3e,1001110000011110,1000110000111110,0001000000100000,2
0x581d,0x7815,0101100000011101,0111100000010101,0010000000001000,2
0x681c,0x571c,0110100000011100,0101011100011100,0011111100000000,1
0x521b,0x71db,0101001000011011,0111000111011011,0010001111000000,2
0x461a,0x4219,0100011000011010,0100001000011001,0000010000000011,2
0x3239,0x3199,0011001000111001,0011000110011001,0000001110100000,2
0x3c18,0x0c18,0011110000011000,0000110000011000,0011000000000000,1
0x0c17,0x0c29,0000110000010111,0000110000101001,0000000000111110,1
0xf915,0x7815,1111100100010101,0111100000010101,1000000100000000,2
0xe684,0xe614,1110011010000100,1110011000010100,0000000010010000,2
0xd213,0xf113,1101001000010011,1111000100010011,0010001100000000,2
0xc012,0x8212,1100000000010010,1000001000010010,0100001000000000,2
0xb010,0xb013,1011000000010000,1011000000010011,0000000000000011,1
0x9c11,0x9bd0,1001110000010001,1001101111010000,0000011111000001,2
0x8caf,0x8c4f,1000110010101111,1000110001001111,0000000011100000,1
0x728e,0x728e,0111001010001110,0111001010001110,0000000000000000,0
0x668d,0x5685,0110011010001101,0101011010000101,0011000000001000,2
0x568d,0x468c,0101011010001101,0100011010001100,0001000000000001,2
0x408b,0xff8a,0100000010001011,1111111110001010,1011111100000001,2|3
0x2c8a,0x6c9a,0010110010001010,0110110010011010,0100000000010000,2
0x1c89,0x1be9,0001110010001001,0001101111101001,0000011101100000,2
0x0ad8,0x0a88,0000101011011000,0000101010001000,0000000001010000,2
0xf686,0xc686,1111011010000110,1100011010000110,0011000000000000,1
0xc685,0xe785,1100011010000101,1110011110000101,0010000100000000,2
0xd280,0x5285,1101001010000000,0101001010000101,1000000000000101,2|3
0xc883,0xc043,1100100010000011,1100000001000011,0000100011000000,2
0xb082,0x8882,1011000010000010,1000100010000010,0011100000000000,1
0x9cc1,0x9d01,1001110011000001,1001110100000001,0000000111000000,1
0x8c80,0xfc80,1000110010000000,1111110010000000,0111000000000000,1
0x767f,0xf27e,0111011001111111,1111001001111110,1000010000000001,2|3
0x667e,0x763e,0110011001111110,0111011000111110,0001000001000000,2
0x527d,0x523d,0101001001111101,0101001000111101,0000000001000000,1
0x423c,0x41fc,0100001000111100,0100000111111100,0000001111000000,1
0x327b,0x737b,0011001001111011,0111001101111011,0100000100000000,2
0x1c7a,0x9e79,0001110001111010,1001111001111001,1000001000000011,2|3
0x0e79,0x0e8d,0000111001111001,0000111010001101,0000000011110100,2
0xfa77,0xfb7b,1111101001110111,1111101101111011,0000000100001100,2
0xea76,0xaa56,1110101001110110,1010101001010110,0100000000100000,2
0xb475,0xd475,1011010001110101,1101010001110101,0110000000000000,1
0xc464,0xc472,1100010001100100,1100010001110010,0000000000010110,2
0xb0f3,0xb0f6,1011000011110011,1011000011110110,0000000000000101,2
0xa2f2,0x98f2,1010001011110010,1001100011110010,0011101000000000,2
0x90f1,0x8c71,1001000011110001,1000110001110001,0001110010000000,2
0x7cf0,0xbcef,0111110011110000,1011110011101111,1100000000011111,1|2
0x6ee7,0x6ecf,0110111011100111,0110111011001111,0000000000101000,2
0x5aee,0x32ee,0101101011101110,0011001011101110,0110100000000000,2
0x4aed,0x56ed,0100101011101101,0101011011101101,0001110000000000,1
0x3aec,0x42ac,0011101011101100,0100001010101100,0111100001000000,2
0x26eb,0x266b,0010011011101011,0010011001101011,0000000010000000,1
0x1eea,0x16aa,0001111011101010,0001011010101010,0000100001000000,2
0x0ae9,0x00e9,0000101011101001,0000000011101001,0000101000000000,2
0xf2c7,0xd2e7,1111001011000111,1101001011100111,0010000000100000,2
0xdee6,0x1f07,1101111011100110,0001111100000111,1100000111100001,2|3
0xcef5,0xcae5,1100111011110101,1100101011100101,0000010000010000,2
0x3ce4,0xbca4,0011110011100100,1011110010100100,1000000001000000,2
0xace3,0x2c64,1010110011100011,0010110001100100,1000000010000111,2|3
0x9ce6,0x9be2,1001110011100110,1001101111100010,0000011100000100,2
0x88e1,0x64e1,1000100011100001,0110010011100001,1110110000000000,2
0x78e0,0x79df,0111100011100000,0111100111011111,0000000100111111,2
0x66df,0x6bdf,0110011011011111,0110101111011111,0000110100000000,2
0x56ce,0x4ede,0101011011001110,0100111011011110,0001100000010000,2
0x42dd,0x42bc,0100001011011101,0100001010111100,0000000001100001,2
0x32de,0x32fc,0011001011011110,0011001011111100,0000000000100010,2
0x34db,0x24fb,0011010011011011,0010010011111011,0001000000100000,2
0x10da,0xc8d9,0001000011011010,1100100011011001,1101100000000011,2|3
0x00d9,0xecd8,0000000011011001,1110110011011000,1110110000000001,2|3
0xeed7,0xeacf,1110111011010111,1110101011001111,0000010000011000,2
0xdf56,0xdb4e,1101111101010110,1101101101001110,0000010000011000,2
0xcd75,0xc955,1100110101110101,1100100101010101,0000010000100000,2
0xbd54,0xbc54,1011110101010100,1011110001010100,0000000100000000,1
0xaf53,0xa953,1010111101010011,1010100101010011,0000011000000000,1
0x9b56,0x9c52,1001101101010110,1001110001010010,0000011100000100,2
0x8b51,0x9a51,1000101101010001,1001101001010001,0001000100000000,2
0x3950,0x3950,0011100101010000,0011100101010000,0000000000000000,0
0x6b4f,0x735f,0110101101001111,0111001101011111,0001100000010000,2
0x574e,0xd64d,0101011101001110,1101011001001101,1000000100000011,2|3
0x494d,0x490e,0100100101001101,0100100100001110,0000000001000011,2
0x394c,0xf84b,0011100101001100,1111100001001011,1100000100000111,2|3
0x674b,0x2b4b,0110011101001011,0010101101001011,0100110000000000,2
0x594a,0x394a,0101100101001010,0011100101001010,0110000000000000,1
0x1449,0x0549,0001010001001001,0000010101001001,0001000100000000,2
0xf547,0x7748,1111010101000111,0111011101001000,1000001000001111,2|3
0xe554,0xe546,1110010101010100,1110010101000110,0000000000010010,2
0xf545,0xd505,1111010101000101,1101010100000101,0010000001000000,2
0xc744,0xc745,1100011101000100,1100011101000101,0000000000000001,1
0xb543,0xbd41,1011010101000011,1011110101000001,0000100000000010,2
0xa562,0x2543,1010010101100010,0010010101000011,1000000000100001,2|3
0x9341,0x9320,1001001101000001,1001001100100000,0000000001100001,2
0x8440,0x7d40,1000010001000000,0111110101000000,1111100100000000,2
0x753f,0x743e,0111010100111111,0111010000111110,0000000100000001,2
0x633e,0x2336,0110001100111110,0010001100110110,0100000000001000,2
0x533d,0x1b3d,0101001100111101,0001101100111101,0100100000000000,2
0x40bc,0x44c0,0100000010111100,0100010011000000,0000010001111100,2
0x753b,0x313b,0111010100111011,0011000100111011,0100010000000000,2
0x233a,0x22b8,0010001100111010,0010001010111000,0000000110000010,2
0x1139,0x11c9,0001000100111001,0001000111001001,0000000011110000,1
0x0338,0x0938,0000001100111000,0000100100111000,0000101000000000,2
0xef36,0xef26,1110111100110110,1110111100100110,0000000000010000,1
0xe135,0xa115,1110000100110101,1010000100010101,0100000000100000,2
0xd336,0xd314,1101001100110110,1101001100010100,0000000000100010,2
0xc1b3,0x91b3,1100000110110011,1001000110110011,0101000000000000,2
0xb3b2,0xb391,1011001110110010,1011001110010001,0000000000100011,2
0xa1b1,0xb1b9,1010000110110001,1011000110111001,0001000000001000,2
0xb3b0,0x93ae,1011001110110000,1001001110101110,0010000000011110,2
0x85af,0x0590,1000010110101111,0000010110010000,1000000000111111,1|2
0x73ae,0x7396,0111001110101110,0111001110010110,0000000000111000,1
0x662c,0x66ac,0110011000101100,0110011010101100,0000000010000000,1
0x582b,0x57ea,0101100000101011,0101011111101010,0000111111000001,2
0x562a,0x45ea,0101011000101010,0100010111101010,0001001111000000,2
0x3869,0x3729,0011100001101001,0011011100101001,0000111101000000,2
0x2a28,0x2a22,0010101000101000,0010101000100010,0000000000001010,2
0x1827,0x3825,0001100000100111,0011100000100101,0010000000000010,2
0x8a26,0x8a26,1000101000100110,1000101000100110,0000000000000000,0
0xf864,0xfc24,1111100001100100,1111110000100100,0000010001000000,2
0xea23,0xe99b,1110101000100011,1110100110011011,0000001110111000,2
0xdc22,0xd821,1101110000100010,1101100000100001,0000010000000011,2
0xcaa3,0xcaa5,1100101010100011,1100101010100101,0000000000000110,1
0xbb21,0xb9a1,1011101100100001,1011100110100001,0000001010000000,2
0xa7a0,0xa78c,1010011110100000,1010011110001100,0000000000101100,2
0x979f,0xb71f,1001011110011111,1011011100011111,0010000010000000,2
0x891e,0x7920,1000100100011110,0111100100100000,1111000000111110,2
0x751d,0x742d,0111010100011101,0111010000101101,0000000100110000,2
0x471c,0x631c,0100011100011100,0110001100011100,0010010000000000,2
0x5b3b,0x591b,0101101100111011,0101100100011011,0000001000100000,2
0x459a,0x45a4,0100010110011010,0100010110100100,0000000000111110,1
0x3799,0x3399,0011011110011001,0011001110011001,0000010000000000,1
0x279a,0x1f98,0010011110011010,0001111110011000,0011100000000010,2
0x161e,0x1516,0001011000011110,0001010100010110,0000001100001000,2
0x4815,0x0415,0100100000010101,0000010000010101,0100110000000000,2
0xf813,0xfbf3,1111100000010011,1111101111110011,0000001111100000,1
0xa692,0x2693,1010011010010010,0010011010010011,1000000000000001,1|2
0xd091,0xf891,1101000010010001,1111100010010001,0010100000000000,2
0xc690,0xc6a8,1100011010010000,1100011010101000,0000000000111000,1
0xb68b,0xc68f,1011011010001011,1100011010001111,0111000000000100,2
0xa88e,0x984e,1010100010001110,1001100001001110,0011000011000000,2
0x9e8d,0x960d,1001111010001101,1001011000001101,0000100010000000,2
0x8904,0xc90c,1000100100000100,1100100100001100,0100000000001000,2
0x7b0b,0x7ae9,0111101100001011,0111101011101001,0000000111100010,2
0x698a,0x718a,0110100110001010,0111000110001010,0001100000000000,1
0x5b89,0xdb09,0101101110001001,1101101100001001,1000000010000000,2
0x4d88,0x4d85,0100110110001000,0100110110000101,0000000000001101,2
0x3803,0x3c07,0011100000000011,0011110000000111,0000010000000100,2
0x3006,0x2f87,0011000000000110,0010111110000111,0001111110000001,2
0x2285,0x3265,0010001010000101,0011001001100101,0001000011100000,2
0x1284,0x5288,0001001010000100,0101001010001000,0100000000001100,2
0x0503,0x7d03,0000010100000011,0111110100000011,0111100000000000,1
0xf909,0x7901,1111100100001001,0111100100000001,1000000000001000,2
0xf700,0xe704,1111011100000000,1110011100000100,0001000000000100,2
0xdaff,0xd9bf,1101101011111111,1101100110111111,0000001101000000,2
0xccfe,0x0cf7,1100110011111110,0000110011110111,1100000000001001,2|3
0xfcfd,0x7cfd,1111110011111101,0111110011111101,1000000000000000,1
0xb0fc,0xa8f4,1011000011111100,1010100011110100,0001100000001000,2
0xa2fb,0xa2fc,1010001011111011,1010001011111100,0000000000000111,1
0x9efa,0x76fa,1001111011111010,0111011011111010,1110100000000000,2
0x86f9,0x86fe,1000011011111001,1000011011111110,0000000000000111,1
0x78f8,0x7980,0111100011111000,0111100110000000,0000000101111000,2
0x6cf7,0x6d0b,0110110011110111,0110110100001011,0000000111111100,1
0x5ef6,0x5cf4,0101111011110110,0101110011110100,0000001000000010,2
0x4ed5,0x4ef4,0100111011010101,0100111011110100,0000000000100001,2
0x43f4,0x42f6,0100001111110100,0100001011110110,0000000100000010,2
0x32f3,0x3103,0011001011110011,0011000100000011,0000001111110000,1
0x26fa,0x26ea,0010011011111010,0010011011101010,0000000000010000,1
0x18f1,0x3901,0001100011110001,0011100100000001,0010000111110000,2
0x0cf2,0x0cb0,0000110011110010,0000110010110000,0000000001000010,2
0xf8ee,0xfc6e,1111100011101110,1111110001101110,0000010010000000,2
0xf0ed,0x316e,1111000011101101,0011000101101110,1100000110000011,2|3
0xe4e4,0xe4fc,1110010011100100,1110010011111100,0000000000011000,1
0xd8eb,0x58f4,1101100011101011,0101100011110100,1000000000011111,1|2
0xc8ea,0xc92a,1100100011101010,1100100100101010,0000000111000000,1
0xbce9,0xcca9,1011110011101001,1100110010101001,0111000001000000,2
0xf0e0,0xb0e8,1111000011100000,1011000011101000,0100000000001000,2
0xa4e7,0xc4df,1010010011100111,1100010011011111,0110000000111000,2
0x94e6,0xb4a6,1001010011100110,1011010010100110,0010000001000000,2
0x88e1,0x88e1,1000100011100001,1000100011100001,0000000000000000,0
0x7ce4,0xa4e4,0111110011100100,1010010011100100,1101100000000000,2
0x6d63,0x6d61,0110110101100011,0110110101100001,0000000000000010,1
0x6162,0x6144,0110000101100010,0110000101000100,0000000000100110,2
0x5161,0x5461,0101000101100001,0101010001100001,0000010100000000,2
0x4960,0x6970,0100100101100000,0110100101110000,0010000000010000,2
0x3f5f,0x3f23,0011111101011111,0011111100100011,0000000001111100,1
0x2f5e,0x435e,0010111101011110,0100001101011110,0110110000000000,2
0xa35d,0x2359,1010001101011101,0010001101011001,1000000000000100,2
0x155c,0x275c,0001010101011100,0010011101011100,0011001000000000,2
0x4b5b,0x0b4b,0100101101011011,0000101101001011,0100000000010000,2
0x015a,0x815b,0000000101011010,1000000101011011,1000000000000001,1|2
0xf158,0x7559,1111000101011000,0111010101011001,1000010000000001,2|3
0xe557,0xe257,1110010101010111,1110001001010111,0000011100000000,1
0xd956,0xd758,1101100101010110,1101011101011000,0000111000001110,2
0xdf55,0xcf65,1101111101010101,1100111101100101,0001000000110000,2
0xc354,0xc164,1100001101010100,1100000101100100,0000001000110000,2
0xb153,0xb3d3,1011000101010011,1011001111010011,0000001010000000,2
0xa752,0xa713,1010011101010010,1010011100010011,0000000001000001,2
0x9d55,0xbd51,1001110101010101,1011110101010001,0010000000000100,2
0x9150,0x1149,1001000101010000,0001000101001001,1000000000011001,2|3
0x854f,0x05cf,1000010101001111,0000010111001111,1000000010000000,2
0x734e,0x7b2e,0111001101001110,0111101100101110,0000100001100000,2
0x6b49,0x6b51,0110101101001001,0110101101010001,0000000000011000,1
0x1f4c,0x5f48,0001111101001100,0101111101001000,0100000000000100,2
0x534b,0x538b,0101001101001011,0101001110001011,0000000011000000,1
0x694a,0x294a,0110100101001010,0010100101001010,0100000000000000,1
0x3d49,0x3d4e,0011110101001001,0011110101001110,0000000000000111,1
0x314a,0x3168,0011000101001010,0011000101101000,0000000000100010,2
0x6347,0x23c7,0110001101000111,0010001111000111,0100000010000000,2
0x1b47,0x5b46,0001101101000111,0101101101000110,0100000000000001,2
0x0b45,0x1355,0000101101000101,0001001101010101,0001100000010000,2
0xffc3,0xff23,1111111111000011,1111111100100011,0000000011100000,1
0xb540,0xf542,1011010101000000,1111010101000010,0100000000000010,2
0xe941,0xe441,1110100101000001,1110010001000001,0000110100000000,2
0xdf40,0xdd42,1101111101000000,1101110101000010,0000001000000010,2
0xd13f,0x5140,1101000100111111,0101000101000000,1000000001111111,1|2
0xc73e,0xc43e,1100011100111110,1100010000111110,0000001100000000,1
0xb73d,0xcf3d,1011011100111101,1100111100111101,0111100000000000,1
0xab3c,0xcc3c,1010101100111100,1100110000111100,0110011100000000,2
0x9f3b,0x5f3c,1001111100111011,0101111100111100,1100000000000111,1|2
0x953a,0x9439,1001010100111010,1001010000111001,0000000100000011,2
0x8939,0x8939,1000100100111001,1000100100111001,0000000000000000,0
0x5d38,0x7d18,0101110100111000,0111110100011000,0010000000100000,2
0x7135,0x7147,0111000100110101,0111000101000111,0000000001110010,2
0x6336,0x6536,0110001100110110,0110010100110110,0000011000000000,1
0x5b35,0x5325,0101101100110101,0101001100100101,0000100000010000,2
0x4fb4,0x4f84,0100111110110100,0100111110000100,0000000000110000,1
0x47b3,0x4db3,0100011110110011,0100110110110011,0000101000000000,2
0x39b2,0xb9ae,0011100110110010,1011100110101110,1000000000011100,2
0x29b1,0x29b1,0010100110110001,0010100110110001,0000000000000000,0
0x23b0,0x232c,0010001110110000,0010001100101100,0000000010011100,2
0x13af,0x33ab,0001001110101111,0011001110101011,0010000000000100,2
0x07ae,0x87a6,0000011110101110,1000011110100110,1000000000001000,2
0xf3ac,0xfb8c,1111001110101100,1111101110001100,0000100000100000,2
0xf1a3,0xf1eb,1111000110100011,1111000111101011,0000000001001000,2
0xe5aa,0xf5ba,1110010110101010,1111010110111010,0001000000010000,2
0xdda9,0xe9a9,1101110110101001,1110100110101001,0011010000000000,2
0xcfa8,0xb7a8,1100111110101000,1011011110101000,0111100000000000,1
0xc2a7,0x43a8,1100001010100111,0100001110101000,1000000100001111,2|3
0xb7a6,0x3827,1011011110100110,0011100000100111,1000111110000001,2|3
0xad85,0xafa5,1010110110000101,1010111110100101,0000001000100000,2
0xa1a4,0xa1ac,1010000110100100,1010000110101100,0000000000001000,1
0x95a3,0x9597,1001010110100011,1001010110010111,0000000000110100,2
0x8ba2,0x9c22,1000101110100010,1001110000100010,0001011110000000,2
0x7fa1,0x8061,0111111110100001,1000000001100001,1111111111000000,1
0x73a0,0x03a0,0111001110100000,0000001110100000,0111000000000000,1
0x679e,0x67df,0110011110011110,0110011111011111,0000000001000001,2
0x5d9e,0x5e9d,0101110110011110,0101111010011101,0000001100000011,2
0x519d,0x4f5d,0101000110011101,0100111101011101,0001111011000000,2
0x459c,0x655c,0100010110011100,0110010101011100,0010000011000000,2
0x3b9b,0x3a9a,0011101110011011,0011101010011010,0000000100000001,2
0x2f9a,0x2f94,0010111110011010,0010111110010100,0000000000001110,1
0x239d,0x23a1,0010001110011101,0010001110100001,0000000000111100,1
0x1990,0x1994,0001100110010000,0001100110010100,0000000000000100,1
0x0d97,0x0da3,0000110110010111,0000110110100011,0000000000110100,2
0x0194,0x1196,0000000110010100,0001000110010110,0001000000000010,2
0xf714,0xf793,1111011100010100,1111011110010011,0000000010000111,2
0xef93,0xee13,1110111110010011,1110111000010011,0000000110000000,1
0xe592,0x6793,1110010110010010,0110011110010011,1000001000000001,2|3
0xdb91,0xd9a1,1101101110010001,1101100110100001,0000001000110000,2
0xcd80,0xce90,1100110110000000,1100111010010000,0000001100010000,2
0xc3cf,0xd38f,1100001111001111,1101001110001111,0001000001000000,2
0xb78e,0xd80e,1011011110001110,1101100000001110,0110111110000000,2
0xabcd,0xab4d,1010101111001101,1010101101001101,0000000010000000,1
0xb18c,0x818c,1011000110001100,1000000110001100,0011000000000000,1
0x95af,0x958b,1001010110101111,1001010110001011,0000000000100100,2
0x8b8a,0x840a,1000101110001010,1000010000001010,0000111110000000,1
0x7f89,0x7f77,0111111110001001,0111111101110111,0000000011111110,1
0x7288,0x7488,0111001010001000,0111010010001000,0000011000000000,1
0x6d87,0xa587,0110110110000111,1010010110000111,1100100000000000,2
0x6986,0x61c6,0110100110000110,0110000111000110,0000100001000000,2
0x55a5,0x5505,0101010110100101,0101010100000101,0000000010100000,2
0x4b84,0x4b65,0100101110000100,0100101101100101,0000000011100001,2
0x3f83,0xbf81,0011111110000011,1011111110000001,1000000000000010,2
0x3382,0x2b83,0011001110000010,0010101110000011,0001100000000001,2
0x2901,0x3100,0010100100000001,0011000100000000,0001100000000001,2
0x5d00,0x1cfc,0101110100000000,0001110011111100,0100000111111100,2
0x90ff,0x10fb,1001000011111111,0001000011111011,1000000000000100,2
0x08fe,0x20fe,0000100011111110,0010000011111110,0010100000000000,2
0xfefc,0xfdfc,1111111011111100,1111110111111100,0000001100000000,1
0xf2fb,0x12dc,1111001011111011,0001001011011100,1110000000100111,2|3
0xe6ba,0xe6ea,1110011010111010,1110011011101010,0000000001010000,2
0xdaf9,0xdabb,1101101011111001,1101101010111011,0000000001000010,2
0xcefa,0xcefa,1100111011111010,1100111011111010,0000000000000000,0
0xc4f7,0xc47f,1100010011110111,1100010001111111,0000000010001000,2
0xacf6,0x3cf7,1010110011110110,0011110011110111,1001000000000001,2|3
0xb075,0x3086,1011000001110101,0011000010000110,1000000011110011,2|3
0xa474,0xcc74,1010010001110100,1100110001110100,0110100000000000,2
0x9873,0x9071,1001100001110011,1001000001110001,0000100000000010,2
0x8c72,0xec72,1000110001110010,1110110001110010,0110000000000000,1
0x8071,0x8872,1000000001110001,1000100001110010,0000100000000011,2
0x7650,0x7630,0111011001010000,0111011000110000,0000000001100000,1
0x69ee,0x6aef,0110100111101110,0110101011101111,0000001100000001,2
0x5dfe,0x5df2,0101110111111110,0101110111110010,0000000000001100,1
0x51ed,0x41ed,0101000111101101,0100000111101101,0001000000000000,1
0x43ec,0x43ec,0100001111101100,0100001111101100,0000000000000000,0
0x3beb,0x43ab,0011101111101011,0100001110101011,0111100001000000,2
0x2f6a,0x2f63,0010111101101010,0010111101100011,0000000000001001,2
0x2168,0x6169,0010000101101000,0110000101101001,0100000000000001,2
0x1568,0x1169,0001010101101000,0001000101101001,0000010000000001,2
0x0767,0x0365,0000011101100111,0000001101100101,0000010000000010,2
0x7965,0x7966,0111100101100101,0111100101100110,0000000000000011,1
0xf164,0x1145,1111000101100100,0001000101000101,1110000000100001,2|3
0xe2e3,0x22dc,1110001011100011,0010001011011100,1100000000111111,1|2
0xd0e2,0xd4e6,1101000011100010,1101010011100110,0000010000000100,2
0x86e1,0x06e2,1000011011100001,0000011011100010,1000000000000011,1|2
0xbce1,0xbae0,1011110011100001,1011101011100000,0000011000000001,2
0xaedf,0xc0df,1010111011011111,1100000011011111,0110111000000000,2
0x80de,0xa0df,1000000011011110,1010000011011111,0010000000000001,2
0x92dd,0x92dd,1001001011011101,1001001011011101,0000000000000000,0
0x84dc,0x845c,1000010011011100,1000010001011100,0000000010000000,1
0x7edb,0x7adf,0111111011011011,0111101011011111,0000010000000100,2
0x6cda,0xac9a,0110110011011010,1010110010011010,1100000001000000,2
0x5ed9,0x5ed6,0101111011011001,0101111011010110,0000000000001111,1
0xcad8,0x4ed8,1100101011011000,0100111011011000,1000010000000000,2
0x46d7,0x44f7,0100011011010111,0100010011110111,0000001000100000,2
0x3656,0x2e46,0011011001010110,0010111001000110,0001100000010000,2
0x2a55,0xa855,0010101001010101,1010100001010101,1000001000000000,2
0x0854,0x1858,0000100001010100,0001100001011000,0001000000001100,2
0x0a73,0x0a54,0000101001110011,0000101001010100,0000000000100111,2
0xfe51,0x3ed2,1111111001010001,0011111011010010,1100000010000011,2|3
0xf0d0,0xf850,1111000011010000,1111100001010000,0000100010000000,2
0xe24f,0x0251,1110001001001111,0000001001010001,1110000000011110,2
0xd64e,0x554f,1101011001001110,0101010101001111,1000001100000001,2|3
0xc84d,0xd7cd,1100100001001101,1101011111001101,0001111110000000,1
0xb84c,0xbf4c,1011100001001100,1011111101001100,0000011100000000,1
0xaa4b,0xaa5d,1010101001001011,1010101001011101,0000000000010110,2
0x9a4a,0x99da,1001101001001010,1001100111011010,0000001110010000,2
0x9049,0x9fc9,1001000001001001,1001111111001001,0000111110000000,1
0x805a,0x8048,1000000001011010,1000000001001000,0000000000010010,2
0x7247,0xf147,0111001001000111,1111000101000111,1000001100000000,2
0x6646,0x5e46,0110011001000110,0101111001000110,0011100000000000,1
0x5fc5,0x56c5,0101111111000101,0101011011000101,0000100100000000,2
0x474c,0x4745,0100011101001100,0100011101000101,0000000000001001,2
0x3684,0x36cc,0011011010000100,0011011011001100,0000000001001000,2
0x3443,0x2444,0011010001000011,0010010001000100,0001000000000111,2
0x17c2,0x1bbe,0001011111000010,0001101110111110,0000110001111100,2
0x04c1,0x0041,0000010011000001,0000000001000001,0000010010000000,2
0xf23f,0xb23b,1111001000111111,1011001000111011,0100000000000100,2
0xa03e,0xdf3e,1010000000111110,1101111100111110,0111111100000000,1
0xd1bd,0x59be,1101000110111101,0101100110111110,1000100000000011,2|3
0xbfbc,0xaffc,1011111110111100,1010111111111100,0001000001000000,2
0xa9bb,0x6dbb,1010100110111011,0110110110111011,1100010000000000,2
0x9bba,0x97b2,1001101110111010,1001011110110010,0000110000001000,2
0x8db9,0x4cb9,1000110110111001,0100110010111001,1100000100000000,2
0x7bb8,0x7bfc,0111101110111000,0111101111111100,0000000001000100,2
0x6b97,0x6b37,0110101110010111,0110101100110111,0000000010100000,2
0x5a36,0xda36,0101101000110110,1101101000110110,1000000000000000,1
0x4c35,0x6835,0100110000110101,0110100000110101,0010010000000000,2
0x3a34,0x2e34,0011101000110100,0010111000110100,0001010000000000,2
0x2831,0x2633,0010100000110001,0010011000110011,0000111000000010,2
0x1632,0x363a,0001011000110010,0011011000111010,0010000000001000,2
0x0631,0x862d,0000011000110001,1000011000101101,1000000000011100,2
0xf82b,0x7830,1111100000101011,0111100000110000,1000000000011011,2|3
0xc62e,0xe62c,1100011000101110,1110011000101100,0010000000000010,2
0xd42d,0xe429,1101010000101101,1110010000101001,0011000000000100,2
0xc23c,0x822c,1100001000111100,1000001000101100,0100000000010000,2
0xb62b,0xb12b,1011011000101011,1011000100101011,0000011100000000,1
0xac2a,0xa02a,1010110000101010,1010000000101010,0000110000000000,1
0x9229,0x51a9,1001001000101001,0101000110101001,1100001110000000,2
0x8028,0x6029,1000000000101000,0110000000101001,1110000000000001,1|2
0x6e27,0x5e2b,0110111000100111,0101111000101011,0011000000001100,2
0x6026,0x4f26,0110000000100110,0100111100100110,0010111100000000,2
0x5035,0x4fa5,0101000000110101,0100111110100101,0001111110010000,2
0x3a24,0xbe23,0011101000100100,1011111000100011,1000010000000111,2|3
0x2ca3,0x2c1f,0010110010100011,0010110000011111,0000000010111100,2
0x1a22,0x1a33,0001101000100010,0001101000110011,0000000000010001,2
0x0821,0xf828,0000100000100001,1111100000101000,1111000000001001,2|3
0xda1f,0x3a20,1101101000011111,0011101000100000,1110000000111111,1|2
0xea1e,0xe8fe,1110101000011110,1110100011111110,0000001011100000,2
0xd895,0xd81d,1101100010010101,1101100000011101,0000000010001000,2
0xe65c,0xc61c,1110011001011100,1100011000011100,0010000001000000,2
0xb41b,0xb415,1011010000011011,1011010000010101,0000000000001110,1
0xa61a,0xa60e,1010011000011010,1010011000001110,0000000000010100,2
0x941b,0x7419,1001010000011011,0111010000011001,1110000000000010,2
0x8418,0x8358,1000010000011000,1000001101011000,0000011101000000,2
0x7617,0x7213,0111011000010111,0111001000010011,0000010000000100,2
0x6496,0xe416,0110010010010110,1110010000010110,1000000010000000,2
0x5215,0x5111,0101001000010101,0101000100010001,0000001100000100,2
0x6014,0x4012,0110000000010100,0100000000010010,0010000000000110,2
0x2e13,0x3612,0010111000010011,0011011000010010,0001100000000001,2
0x1f12,0x5e12,0001111100010010,0101111000010010,0100000100000000,2
0x0c99,0x0c11,0000110010011001,0000110000010001,0000000010001000,2
0xfe0f,0xddff,1111111000001111,1101110111111111,0010001111110000,2
0xec0e,0x6c0c,1110110000001110,0110110000001100,1000000000000010,2
0xdc0d,0xdf8d,1101110000001101,1101111110001101,0000001110000000,1
0xca0c,0xac0c,1100101000001100,1010110000001100,0110011000000000,2
0xb80b,0xa00b,1011100000001011,1010000000001011,0001100000000000,1
0xa60b,0xa50a,1010011000001011,1010010100001010,0000001100000001,2
0x9a09,0x9b89,1001101000001001,1001101110001001,0000000110000000,1
0x8808,0x1809,1000100000001000,0001100000001001,1001000000000001,2|3
0x7607,0x3608,0111011000000111,0011011000001000,0100000000001111,2
0x6406,0xe401,0110010000000110,1110010000000001,1000000000000111,1|2
0x5411,0x5405,0101010000010001,0101010000000101,0000000000010100,2
0x429c,0x4284,0100001010011100,0100001010000100,0000000000011000,1
0x348b,0x3493,0011010010001011,0011010010010011,0000000000011000,1
0x3202,0x2282,0011001000000010,0010001010000010,0001000010000000,2
0x9280,0x1281,1001001010000000,0001001010000001,1000000000000001,1|2
0x0180,0xff7f,0000000110000000,1111111101111111,1111111011111111,1|2
0xee7e,0x6a7e,1110111001111110,0110101001111110,1000010000000000,2
0xda7d,0xe27d,1101101001111101,1110001001111101,0011100000000000,1
0xd07c,0xcf8c,1101000001111100,1100111110001100,0001111111110000,1
0xc07b,0xbe7c,1100000001111011,1011111001111100,0111111000000111,2
0xae7a,0x6d7a,1010111001111010,0110110101111010,1100001100000000,2
0x9c79,0x8c71,1001110001111001,1000110001110001,0001000000001000,2
0x847c,0x8c78,1000010001111100,1000110001111000,0000100000000100,2
0x7b77,0x7677,0111101101110111,0111011001110111,0000110100000000,2
0x6c77,0x7476,0110110001110111,0111010001110110,0001100000000001,2
0x5c75,0x5e75,0101110001110101,0101111001110101,0000001000000000,1
0x4a74,0x4a2c,0100101001110100,0100101000101100,0000000001011000,2
0x7873,0x7873,0111100001110011,0111100001110011,0000000000000000,0
0x2852,0xa871,0010100001010010,1010100001110001,1000000000100011,2|3
0x1674,0x1671,0001011001110100,0001011001110001,0000000000000101,2
0x04f0,0x0370,0000010011110000,0000001101110000,0000011110000000,1
0xd26e,0xd26e,1101001001101110,1101001001101110,0000000000000000,0
0xe66d,0xe65c,1110011001101101,1110011001011100,0000000000110001,2
0xd464,0xd45c,1101010001100100,1101010001011100,0000000000111000,1
0xc26b,0x8a6b,1100001001101011,1000101001101011,0100100000000000,2
0xb1e8,0xb1ec,1011000111101000,1011000111101100,0000000000000100,1
0x9fe9,0x9ba9,1001111111101001,1001101110101001,0000010001000000,2
0x8de8,0x8dde,1000110111101000,1000110111011110,0000000000110110,2
0x7be7,0x73f7,0111101111100111,0111001111110111,0000100000010000,2
0x6de7,0x5de6,0110110111100111,0101110111100110,0011000000000001,2
0x59e5,0x5de1,0101100111100101,0101110111100001,0000010000000100,2
0x4be4,0x8bf4,0100101111100100,1000101111110100,1100000000010000,2
0x39e3,0x3df3,0011100111100011,0011110111110011,0000010000010000,2
0x27a2,0x27e3,0010011110100010,0010011111100011,0000000001000001,2
0x37a1,0x17e1,0011011110100001,0001011111100001,0010000001000000,2
0x05e2,0x0560,0000010111100010,0000010101100000,0000000010000010,2
0xf3de,0x33de,1111001111011110,0011001111011110,1100000000000000,1
0xe5fd,0xe5bd,1110010111111101,1110010110111101,0000000001000000,1
0xd5de,0xd5cc,1101010111011110,1101010111001100,0000000000010010,2
0xc3db,0xc3db,1100001111011011,1100001111011011,0000000000000000,0
0xb1da,0xd1d9,1011000111011010,1101000111011001,0110000000000011,2
0x9fd9,0x9fb9,1001111111011001,1001111110111001,0000000001100000,1
0x0fd8,0x0fd8,0000111111011000,0000111111011000,0000000000000000,0
0x7dd7,0x7dd3,0111110111010111,0111110111010011,0000000000000100,1
0x6f56,0x6fd5,0110111101010110,0110111111010101,0000000010000011,2
0x5dd5,0x5dc1,0101110111010101,0101110111000001,0000000000010100,2
0x4fd4,0x51d4,0100111111010100,0101000111010100,0001111000000000,1
0x3bd3,0x3dd3,0011101111010011,0011110111010011,0000011000000000,1
0x2bd2,0x29c2,0010101111010010,0010100111000010,0000001000010000,2
0x17d1,0x17f3,0001011111010001,0001011111110011,0000000000100010,2
0x05d0,0x29d0,0000010111010000,0010100111010000,0010110000000000,2
0xf5ca,0xb5ce,1111010111001010,1011010111001110,0100000000000100,2
0xe3cd,0xe5c9,1110001111001101,1110010111001001,0000011000000100,2
0xd1cc,0xcbcc,1101000111001100,1100101111001100,0001101000000000,2
0xbfcb,0xcfca,1011111111001011,1100111111001010,0111000000000001,2
0xb1ca,0x93ca,1011000111001010,1001001111001010,0010001000000000,2
0x9fc9,0xa1c5,1001111111001001,1010000111000101,0011111000001100,2
0x8dd8,0x8dca,1000110111011000,1000110111001010,0000000000010010,2
0x6bc7,0x7b47,0110101111000111,0111101101000111,0001000010000000,2
0xeb46,0x6346,1110101101000110,0110001101000110,1000100000000000,2
0x5845,0x593d,0101100001000101,0101100100111101,0000000101111000,2
0x4745,0x4344,0100011101000101,0100001101000100,0000010000000001,2
0x7543,0x3553,0111010101000011,0011010101010011,0100000000010000,2
0x234a,0x2302,0010001101001010,0010001100000010,0000000001001000,2
0x1151,0x1140,0001000101010001,0001000101000000,0000000000010001,2
0x0340,0x0b48,0000001101000000,0000101101001000,0000100000001000,2
0xd13e,0xf13d,1101000100111110,1111000100111101,0010000000000011,2
0x9f2d,0xdf3d,1001111100101101,1101111100111101,0100000000010000,2
0xcdbc,0xacbc,1100110110111100,1010110010111100,0110000100000000,2
0xbbbb,0xbb3d,1011101110111011,1011101100111101,0000000010000110,2
0x3d3a,0x3d26,0011110100111010,0011110100100110,0000000000011100,1
0x0000,0xef3f,0000000000000000,1110111100111111,1110111100111111,2|3
