0x0010,0x7f3f,0111111100111111,0000000000010000,0111111100101111
0x0010,0x7f3f,0111111100111111,0000000000010000,0111111100101111
0x55b6,0xd5a6,1101010110100110,0101010110110110,1000000000010000
0x3fb5,0xbfa5,1011111110100101,0011111110110101,1000000000010000
0x29b4,0xa9a4,1010100110100100,0010100110110100,1000000000010000
0x19b3,0x99a3,1001100110100011,0001100110110011,1000000000010000
0x03b2,0x83a2,1000001110100010,0000001110110010,1000000000010000
0xefb0,0x6fa1,0110111110100001,1110111110110000,1000000000010001
0xd98f,0x599f,0101100110011111,1101100110001111,1000000000010000
0xc58e,0x459e,0100010110011110,1100010110001110,1000000000010000
0xaf8d,0x2f9d,0010111110011101,1010111110001101,1000000000010000
0x9b8c,0x1b9c,0001101110011100,1001101110001100,1000000000010000
0x898b,0x099b,0000100110011011,1000100110001011,1000000000010000
0x738a,0xf399,1111001110011001,0111001110001010,1000000000010011
0x5f89,0xdf98,1101111110011000,0101111110001001,1000000000010001
0x4988,0xc997,1100100110010111,0100100110001000,1000000000011111
0x3587,0xb596,1011010110010110,0011010110000111,1000000000010001
0x1f86,0x9f95,1001111110010101,0001111110000110,1000000000010011
0x0b85,0x8b94,1000101110010100,0000101110000101,1000000000010001
0xf983,0x7993,0111100110010011,1111100110000011,1000000000010000
0xe582,0x6592,0110010110010010,1110010110000010,1000000000010000
0xcf81,0x4f91,0100111110010001,1100111110000001,1000000000010000
0xbb80,0x3b90,0011101110010000,1011101110000000,1000000000010000
0x919f,0x118f,0001000110001111,1001000110011111,1000000000010000
0x7b9e,0xfb8d,1111101110001101,0111101110011110,1000000000010011
0x679d,0xe78c,1110011110001100,0110011110011101,1000000000010001
0x519c,0xd18b,1101000110001011,0101000110011100,1000000000010111
0x3d9b,0xbd8a,1011110110001010,0011110110011011,1000000000010001
0x279a,0xa789,1010011110001001,0010011110011010,1000000000010011
0x1419,0x9408,1001010000001000,0001010000011001,1000000000010001
0x0418,0x8407,1000010000000111,0000010000011000,1000000000011111
0xf016,0x7006,0111000000000110,1111000000010110,1000000000010000
0xc695,0x4686,0100011010000110,1100011010010101,1000000000010011
0x9e94,0x1e85,0001111010000101,1001111010010100,1000000000010001
0x8893,0x0884,0000100010000100,1000100010010011,1000000000010111
0x7492,0xf482,1111010010000010,0111010010010010,1000000000010000
0x6091,0xe081,1110000010000001,0110000010010001,1000000000010000
0x4c90,0xcc80,1100110010000000,0100110010010000,1000000000010000
0x366f,0xb67f,1011011001111111,0011011001101111,1000000000010000
0x226e,0xa27e,1010001001111110,0010001001101110,1000000000010000
0x0e6d,0x8e7d,1000111001111101,0000111001101101,1000000000010000
0xfa6b,0x7a7c,0111101001111100,1111101001101011,1000000000010111
0xd06a,0x507b,0101000001111011,1101000001101010,1000000000010001
0xbc69,0x3c7a,0011110001111010,1011110001101001,1000000000010011
0xa868,0x2879,0010100001111001,1010100001101000,1000000000010001
0x9467,0x1478,0001010001111000,1001010001100111,1000000000011111
0x7e66,0xfe76,1111111001110110,0111111001100110,1000000000010000
0x6a65,0xea75,1110101001110101,0110101001100101,1000000000010000
0x5664,0xd674,1101011001110100,0101011001100100,1000000000010000
0x4263,0xc273,1100001001110011,0100001001100011,1000000000010000
0x2e62,0xae72,1010111001110010,0010111001100010,1000000000010000
0x1861,0x9871,1001100001110001,0001100001100001,1000000000010000
0x0460,0x8470,1000010001110000,0000010001100000,1000000000010000
0xf07e,0x706f,0111000001101111,1111000001111110,1000000000010001
0xdc7d,0x5c6e,0101110001101110,1101110001111101,1000000000010011
0xc87c,0x486d,0100100001101101,1100100001111100,1000000000010001
0xb27b,0x326c,0011001001101100,1011001001111011,1000000000010111
0x8a7a,0x0a6a,0000101001101010,1000101001111010,1000000000010000
0x7279,0xf268,1111001001101000,0111001001111001,1000000000010001
0x6078,0xe067,1110000001100111,0110000001111000,1000000000011111
0x4877,0xc866,1100100001100110,0100100001110111,1000000000010001
0x3476,0xb465,1011010001100101,0011010001110110,1000000000010011
0x2075,0xa064,1010000001100100,0010000001110101,1000000000010001
0x0a74,0x8a63,1000101001100011,0000101001110100,1000000000010111
0xf5f2,0x75e2,0111010111100010,1111010111110010,1000000000010000
0xe1f1,0x61e1,0110000111100001,1110000111110001,1000000000010000
0xcdf0,0x4de0,0100110111100000,1100110111110000,1000000000010000
0xb7cf,0x37df,0011011111011111,1011011111001111,1000000000010000
0xa3ce,0x23de,0010001111011110,1010001111001110,1000000000010000
0x8fcd,0x0fdd,0000111111011101,1000111111001101,1000000000010000
0x7bcc,0xfbdb,1111101111011011,0111101111001100,1000000000010111
0x65cb,0xe5da,1110010111011010,0110010111001011,1000000000010001
0x4e4a,0xce59,1100111001011001,0100111001001010,1000000000010011
0x3a49,0xba58,1011101001011000,0011101001001001,1000000000010001
0x2648,0xa657,1010011001010111,0010011001001000,1000000000011111
0x1047,0x9056,1001000001010110,0001000001000111,1000000000010001
0xfc45,0x7c55,0111110001010101,1111110001000101,1000000000010000
0xe844,0x6854,0110100001010100,1110100001000100,1000000000010000
0xd443,0x5453,0101010001010011,1101010001000011,1000000000010000
0xba42,0x3a52,0011101001010010,1011101001000010,1000000000010000
0xa641,0x2651,0010011001010001,1010011001000001,1000000000010000
0x9240,0x1250,0001001001010000,1001001001000000,1000000000010000
0x7e5f,0xfe4e,1111111001001110,0111111001011111,1000000000010001
0x6a5e,0xea4d,1110101001001101,0110101001011110,1000000000010011
0x53dd,0xd3cc,1101001111001100,0101001111011101,1000000000010001
0x3f5c,0xbf4b,1011111101001011,0011111101011100,1000000000010111
0x295b,0xa94b,1010100101001011,0010100101011011,1000000000010000
0x0eda,0x8eca,1000111011001010,0000111011011010,1000000000010000
0xfad8,0x7ac9,0111101011001001,1111101011011000,1000000000010001
0xe557,0x6548,0110010101001000,1110010101010111,1000000000011111
0xd1d6,0x51c7,0101000111000111,1101000111010110,1000000000010001
0xbdd5,0x3dc6,0011110111000110,1011110111010101,1000000000010011
0xaa54,0x2a45,0010101001000101,1010101001010100,1000000000010001
0x9253,0x1244,0001001001000100,1001001001010011,1000000000010111
0x7ed2,0xfec2,1111111011000010,0111111011010010,1000000000010000
0x6ad1,0xeac1,1110101011000001,0110101011010001,1000000000010000
0x56d0,0xd6c0,1101011011000000,0101011011010000,1000000000010000
0x3f2f,0xbf3f,1011111100111111,0011111100101111,1000000000010000
0x2b2e,0xab3e,1010101100111110,0010101100101110,1000000000010000
0x172d,0x973d,1001011100111101,0001011100101101,1000000000010000
0x052c,0x853c,1000010100111100,0000010100101100,1000000000010000
0xf1aa,0x71bb,0111000110111011,1111000110101010,1000000000010001
0xc7a9,0x47ba,0100011110111010,1100011110101001,1000000000010011
0xb3a8,0x33b9,0011001110111001,1011001110101000,1000000000010001
0x9fa7,0x1fb8,0001111110111000,1001111110100111,1000000000011111
0x8a26,0x0a37,0000101000110111,1000101000100110,1000000000010001
0x7625,0xf635,1111011000110101,0111011000100101,1000000000010000
0x5024,0xd034,1101000000110100,0101000000100100,1000000000010000
0x3e23,0xbe33,1011111000110011,0011111000100011,1000000000010000
0x2822,0xa832,1010100000110010,0010100000100010,1000000000010000
0x02a1,0x82b1,1000001010110001,0000001010100001,1000000000010000
0xf0bf,0x70b0,0111000010110000,1111000010111111,1000000000001111
0xd8be,0x58af,0101100010101111,1101100010111110,1000000000010001
0xb53d,0x352e,0011010100101110,1011010100111101,1000000000010011
0x8d3c,0x0d2d,0000110100101101,1000110100111100,1000000000010001
0x673b,0xe72b,1110011100101011,0110011100111011,1000000000010000
0x553a,0xd52a,1101010100101010,0101010100111010,1000000000010000
0x3f39,0xbf29,1011111100101001,0011111100111001,1000000000010000
0x2d38,0xad27,1010110100100111,0010110100111000,1000000000011111
0x0737,0x8726,1000011100100110,0000011100110111,1000000000010001
0xdf35,0x5f25,0101111100100101,1101111100110101,1000000000010000
0xcdb4,0x4da4,0100110110100100,1100110110110100,1000000000010000
0xb7b3,0x37a3,0011011110100011,1011011110110011,1000000000010000
0xa5b2,0x25a2,0010010110100010,1010010110110010,1000000000010000
0x93b1,0x13a1,0001001110100001,1001001110110001,1000000000010000
0x6bb0,0xeb9f,1110101110011111,0110101110110000,1000000000101111
0x598f,0xd99e,1101100110011110,0101100110001111,1000000000010001
0x480e,0xc81d,1100100000011101,0100100000001110,1000000000010011
0x380d,0xb81c,1011100000011100,0011100000001101,1000000000010001
0x228c,0xa29b,1010001010011011,0010001010001100,1000000000010111
0x008b,0x809a,1000000010011010,0000000010001011,1000000000010001
0xea89,0x6a99,0110101010011001,1110101010001001,1000000000010000
0xd888,0x5898,0101100010011000,1101100010001000,1000000000010000
0xc887,0x4897,0100100010010111,1100100010000111,1000000000010000
0xb286,0x3296,0011001010010110,1011001010000110,1000000000010000
0xa085,0x2095,0010000010010101,1010000010000101,1000000000010000
0x8e84,0x0e94,0000111010010100,1000111010000100,1000000000010000
0x7a83,0xfa92,1111101010010010,0111101010000011,1000000000010001
0x6882,0xe891,1110100010010001,0110100010000010,1000000000010011
0x5681,0xd690,1101011010010000,0101011010000001,1000000000010001
0x3080,0xb08f,1011000010001111,0011000010000000,1000000000001111
0x1e9f,0x9e8e,1001111010001110,0001111010011111,1000000000010001
0x0e9e,0x8e8d,1000111010001101,0000111010011110,1000000000010011
0xe69c,0x668c,0110011010001100,1110011010011100,1000000000010000
0xd49b,0x548b,0101010010001011,1101010010011011,1000000000010000
0xc09a,0x408a,0100000010001010,1100000010011010,1000000000010000
0x9c99,0x1c89,0001110010001001,1001110010011001,1000000000010000
0x7698,0xf687,1111011010000111,0111011010011000,1000000000011111
0x6497,0xe486,1110010010000110,0110010010010111,1000000000010001
0x5096,0xd085,1101000010000101,0101000010010110,1000000000010011
0x3e95,0xbe84,1011111010000100,0011111010010101,1000000000010001
0x2e94,0xae83,1010111010000011,0010111010010100,1000000000010111
0x1893,0x9882,1001100010000010,0001100010010011,1000000000010001
0x0692,0x8681,1000011010000001,0000011010010010,1000000000010011
0xf690,0x7680,0111011010000000,1111011010010000,1000000000010000
0xe46f,0x647f,0110010001111111,1110010001101111,1000000000010000
0xce6e,0x4e7e,0100111001111110,1100111001101110,1000000000010000
0xbe6d,0x3e7d,0011111001111101,1011111001101101,1000000000010000
0x986c,0x187c,0001100001111100,1001100001101100,1000000000010000
0x86eb,0x06fb,0000011011111011,1000011011101011,1000000000010000
0x74ea,0xf4f9,1111010011111001,0111010011101010,1000000000010011
0x4ee9,0xcef8,1100111011111000,0100111011101001,1000000000010001
0x3ee8,0xbef7,1011111011110111,0011111011101000,1000000000011111
0x28e7,0xa8f6,1010100011110110,0010100011100111,1000000000010001
0x18e6,0x98f5,1001100011110101,0001100011100110,1000000000010011
0x06e5,0x86f4,1000011011110100,0000011011100101,1000000000010001
0xf2e3,0x72f3,0111001011110011,1111001011100011,1000000000010000
0xe0e2,0x60f2,0110000011110010,1110000011100010,1000000000010000
0xbae1,0x3af1,0011101011110001,1011101011100001,1000000000010000
0x98e0,0x18f0,0001100011110000,1001100011100000,1000000000010000
0x84ff,0x04ef,0000010011101111,1000010011111111,1000000000010000
0x72fe,0xf2ed,1111001011101101,0111001011111110,1000000000010011
0x5efd,0xdeec,1101111011101100,0101111011111101,1000000000010001
0x4cfc,0xcceb,1100110011101011,0100110011111100,1000000000010111
0x3cfb,0xbcea,1011110011101010,0011110011111011,1000000000010001
0x26fa,0xa6e9,1010011011101001,0010011011111010,1000000000010011
0x0479,0x8468,1000010001101000,0000010001111001,1000000000010001
0xee77,0x6e67,0110111001100111,1110111001110111,1000000000010000
0xde76,0x5e66,0101111001100110,1101111001110110,1000000000010000
0xb5f5,0x35e5,0011010111100101,1011010111110101,1000000000010000
0xa3f4,0x23e4,0010001111100100,1010001111110100,1000000000010000
0x91f3,0x11e3,0001000111100011,1001000111110011,1000000000010000
0x6bf2,0xebe1,1110101111100001,0110101111110010,1000000000010011
0x43f1,0xc3e0,1100001111100000,0100001111110001,1000000000010001
0x31f0,0xb1df,1011000111011111,0011000111110000,1000000000101111
0x21cf,0xa1de,1010000111011110,0010000111001111,1000000000010001
0xf9cd,0x79dd,0111100111011101,1111100111001101,1000000000010000
0xe3cc,0x63dc,0110001111011100,1110001111001100,1000000000010000
0xd1cb,0x51db,0101000111011011,1101000111001011,1000000000010000
0xc1ca,0x41da,0100000111011010,1100000111001010,1000000000010000
0xabc9,0x2bd9,0010101111011001,1010101111001001,1000000000010000
0x99c8,0x19d9,0001100111011001,1001100111001000,1000000000010001
0x87c7,0x07d8,0000011111011000,1000011111000111,1000000000011111
0x73c6,0xf3d6,1111001111010110,0111001111000110,1000000000010000
0x61c5,0xe1d5,1110000111010101,0110000111000101,1000000000010000
0x4fc4,0xcfd4,1100111111010100,0100111111000100,1000000000010000
0x3c43,0xbc53,1011110001010011,0011110001000011,1000000000010000
0x2a42,0xaa52,1010101001010010,0010101001000010,1000000000010000
0x0241,0x8251,1000001001010001,0000001001000001,1000000000010000
0xee5f,0x6e50,0110111001010000,1110111001011111,1000000000001111
0xca5e,0x4a4f,0100101001001111,1100101001011110,1000000000010001
0xb65d,0x364e,0011011001001110,1011011001011101,1000000000010011
0xa45c,0x244d,0010010001001101,1010010001011100,1000000000010001
0x945b,0x144c,0001010001001100,1001010001011011,1000000000010111
0x7e5a,0xfe4a,1111111001001010,0111111001011010,1000000000010000
0x6c59,0xec49,1110110001001001,0110110001011001,1000000000010000
0x5858,0xd848,1101100001001000,0101100001011000,1000000000010000
0x4657,0xc647,1100011001000111,0100011001010111,1000000000010000
0x3656,0xb646,1011011001000110,0011011001010110,1000000000010000
0x2055,0xa045,1010000001000101,0010000001010101,1000000000010000
0x1054,0x9044,1001000001000100,0001000001010100,1000000000010000
0xfe52,0x7e43,0111111001000011,1111111001010010,1000000000010001
0xea51,0x6a42,0110101001000010,1110101001010001,1000000000010011
0xd850,0x5841,0101100001000001,1101100001010000,1000000000010001
0xc42f,0x4440,0100010001000000,1100010000101111,1000000001101111
0xb22e,0x323f,0011001000111111,1011001000101110,1000000000010001
0x9e2d,0x1e3e,0001111000111110,1001111000101101,1000000000010011
0x8c2c,0x0c3d,0000110000111101,1000110000101100,1000000000010001
0x7c2b,0xfc3b,1111110000111011,0111110000101011,1000000000010000
0x662a,0xe63a,1110011000111010,0110011000101010,1000000000010000
0x5629,0xd639,1101011000111001,0101011000101001,1000000000010000
0x4228,0xc238,1100001000111000,0100001000101000,1000000000010000
0x3027,0xb037,1011000000110111,0011000000100111,1000000000010000
0x2026,0xa036,1010000000110110,0010000000100110,1000000000010000
0x0c25,0x8c35,1000110000110101,0000110000100101,1000000000010000
0xfa23,0x7a34,0111101000110100,1111101000100011,1000000000010111
0xea22,0x6a33,0110101000110011,1110101000100010,1000000000010001
0xd421,0x5432,0101010000110010,1101010000100001,1000000000010011
0xc420,0x4431,0100010000110001,1100010000100000,1000000000010001
0xb03f,0x3030,0011000000110000,1011000000111111,1000000000001111
0x9e3e,0x1e2f,0001111000101111,1001111000111110,1000000000010001
0x8a3d,0x0a2e,0000101000101110,1000101000111101,1000000000010011
0x7a3c,0xfa2c,1111101000101100,0111101000111100,1000000000010000
0x683b,0xe82b,1110100000101011,0110100000111011,1000000000010000
0x543a,0xd42a,1101010000101010,0101010000111010,1000000000010000
0x4439,0xc429,1100010000101001,0100010000111001,1000000000010000
0x2e38,0xae28,1010111000101000,0010111000111000,1000000000010000
0x1e37,0x9e27,1001111000100111,0001111000110111,1000000000010000
0x0e36,0x8e26,1000111000100110,0000111000110110,1000000000010000
0xf834,0x7825,0111100000100101,1111100000110100,1000000000010001
0xe833,0x6824,0110100000100100,1110100000110011,1000000000010111
0xd432,0x5423,0101010000100011,1101010000110010,1000000000010001
0xc231,0x4222,0100001000100010,1100001000110001,1000000000010011
0xae30,0x2e21,0010111000100001,1010111000110000,1000000000010001
0x9e0f,0x1e20,0001111000100000,1001111000001111,1000000000101111
0x8c0e,0x0c1f,0000110000011111,1000110000001110,1000000000010001
0x780d,0xf81d,1111100000011101,0111100000001101,1000000000010000
0x680c,0xe81c,1110100000011100,0110100000001100,1000000000010000
0x520b,0xd21b,1101001000011011,0101001000001011,1000000000010000
0x420a,0xc21a,1100001000011010,0100001000001010,1000000000010000
0x3209,0xb219,1011001000011001,0011001000001001,1000000000010000
0x1c08,0x9c18,1001110000011000,0001110000001000,1000000000010000
0x0c07,0x8c17,1000110000010111,0000110000000111,1000000000010000
0xf805,0x7816,0111100000010110,1111100000000101,1000000000010011
0xe604,0x6615,0110011000010101,1110011000000100,1000000000010001
0xd203,0x5214,0101001000010100,1101001000000011,1000000000010111
0xc202,0x4213,0100001000010011,1100001000000010,1000000000010001
0xb001,0x3012,0011000000010010,1011000000000001,1000000000010011
0x9c00,0x1c11,0001110000010001,1001110000000000,1000000000010001
0x8c9f,0x0c90,0000110010010000,1000110010011111,1000000000001111
0x769e,0xf68e,1111011010001110,0111011010011110,1000000000010000
0x669d,0xe68d,1110011010001101,0110011010011101,1000000000010000
0x569c,0xd68c,1101011010001100,0101011010011100,1000000000010000
0x409b,0xc08b,1100000010001011,0100000010011011,1000000000010000
0x2c9a,0xac8a,1010110010001010,0010110010011010,1000000000010000
0x1c99,0x9c89,1001110010001001,0001110010011001,1000000000010000
0x0a98,0x8a88,1000101010001000,0000101010011000,1000000000010000
0xf696,0x7687,0111011010000111,1111011010010110,1000000000010001
0xe695,0x6686,0110011010000110,1110011010010101,1000000000010011
0xd294,0x5285,0101001010000101,1101001010010100,1000000000010001
0xc093,0x4084,0100000010000100,1100000010010011,1000000000010111
0xb092,0x3083,0011000010000011,1011000010010010,1000000000010001
0x9c91,0x1c82,0001110010000010,1001110010010001,1000000000010011
0x8c90,0x0c81,0000110010000001,1000110010010000,1000000000010001
0x766f,0xf67f,1111011001111111,0111011001101111,1000000000010000
0x666e,0xe67e,1110011001111110,0110011001101110,1000000000010000
0x526d,0xd27d,1101001001111101,0101001001101101,1000000000010000
0x426c,0xc27c,1100001001111100,0100001001101100,1000000000010000
0x326b,0xb27b,1011001001111011,0011001001101011,1000000000010000
0x1e6a,0x9e7a,1001111001111010,0001111001101010,1000000000010000
0x0e69,0x8e79,1000111001111001,0000111001101001,1000000000010000
0xfa67,0x7a78,0111101001111000,1111101001100111,1000000000011111
0xea66,0x6a77,0110101001110111,1110101001100110,1000000000010001
0xd465,0x5476,0101010001110110,1101010001100101,1000000000010011
0xc464,0x4475,0100010001110101,1100010001100100,1000000000010001
0xb0e3,0x30f4,0011000011110100,1011000011100011,1000000000010111
0xa0e2,0x20f3,0010000011110011,1010000011100010,1000000000010001
0x90e1,0x10f2,0001000011110010,1001000011100001,1000000000010011
0x7ce0,0xfcf0,1111110011110000,0111110011100000,1000000000010000
0x6eff,0xeeef,1110111011101111,0110111011111111,1000000000010000
0x5afe,0xdaee,1101101011101110,0101101011111110,1000000000010000
0x4afd,0xcaed,1100101011101101,0100101011111101,1000000000010000
0x3afc,0xbaec,1011101011101100,0011101011111100,1000000000010000
0x26fb,0xa6eb,1010011011101011,0010011011111011,1000000000010000
0x16fa,0x96ea,1001011011101010,0001011011111010,1000000000010000
0x02f9,0x82e9,1000001011101001,0000001011111001,1000000000010000
0xf2f7,0x72e8,0111001011101000,1111001011110111,1000000000011111
0xdef6,0x5ee7,0101111011100111,1101111011110110,1000000000010001
0xcef5,0x4ee6,0100111011100110,1100111011110101,1000000000010011
0xbcf4,0x3ce5,0011110011100101,1011110011110100,1000000000010001
0xacf3,0x2ce4,0010110011100100,1010110011110011,1000000000010111
0x9cf2,0x1ce3,0001110011100011,1001110011110010,1000000000010001
0x88f1,0x08e2,0000100011100010,1000100011110001,1000000000010011
0x78f0,0xf8e0,1111100011100000,0111100011110000,1000000000010000
0x66cf,0xe6df,1110011011011111,0110011011001111,1000000000010000
0x56ce,0xd6de,1101011011011110,0101011011001110,1000000000010000
0x42cd,0xc2dd,1100001011011101,0100001011001101,1000000000010000
0x32cc,0xb2dc,1011001011011100,0011001011001100,1000000000010000
0x24cb,0xa4db,1010010011011011,0010010011001011,1000000000010000
0x10ca,0x90da,1001000011011010,0001000011001010,1000000000010000
0x00c9,0x80d9,1000000011011001,0000000011001001,1000000000010000
0xeec7,0x6ed8,0110111011011000,1110111011000111,1000000000011111
0xdf46,0x5f57,0101111101010111,1101111101000110,1000000000010001
0xcd45,0x4d56,0100110101010110,1100110101000101,1000000000010011
0xbd44,0x3d55,0011110101010101,1011110101000100,1000000000010001
0xab43,0x2b54,0010101101010100,1010101101000011,1000000000010111
0x9b42,0x1b53,0001101101010011,1001101101000010,1000000000010001
0x8b41,0x0b52,0000101101010010,1000101101000001,1000000000010011
0x7940,0xf950,1111100101010000,0111100101000000,1000000000010000
0x6b5f,0xeb4f,1110101101001111,0110101101011111,1000000000010000
0x575e,0xd74e,1101011101001110,0101011101011110,1000000000010000
0x495d,0xc94d,1100100101001101,0100100101011101,1000000000010000
0x395c,0xb94c,1011100101001100,0011100101011100,1000000000010000
0x275b,0xa74b,1010011101001011,0010011101011011,1000000000010000
0x195a,0x994a,1001100101001010,0001100101011010,1000000000010000
0x0559,0x8549,1000010101001001,0000010101011001,1000000000010000
0xf757,0x7748,0111011101001000,1111011101010111,1000000000011111
0xe556,0x6547,0110010101000111,1110010101010110,1000000000010001
0xd555,0x5546,0101010101000110,1101010101010101,1000000000010011
0xc754,0x4745,0100011101000101,1100011101010100,1000000000010001
0xb553,0x3544,0011010101000100,1011010101010011,1000000000010111
0xa552,0x2543,0010010101000011,1010010101010010,1000000000010001
0x9351,0x1342,0001001101000010,1001001101010001,1000000000010011
0x8550,0x0541,0000010101000001,1000010101010000,1000000000010001
0x752f,0xf53f,1111010100111111,0111010100101111,1000000000010000
0x632e,0xe33e,1110001100111110,0110001100101110,1000000000010000
0x532d,0xd33d,1101001100111101,0101001100101101,1000000000010000
0x44ac,0xc4bc,1100010010111100,0100010010101100,1000000000010000
0x312b,0xb13b,1011000100111011,0011000100101011,1000000000010000
0x232a,0xa33a,1010001100111010,0010001100101010,1000000000010000
0x11a9,0x91b9,1001000110111001,0001000110101001,1000000000010000
0x0328,0x8338,1000001100111000,0000001100101000,1000000000010000
0xef26,0x6f37,0110111100110111,1110111100100110,1000000000010001
0xe125,0x6136,0110000100110110,1110000100100101,1000000000010011
0xd324,0x5335,0101001100110101,1101001100100100,1000000000010001
0xc1a3,0x41b4,0100000110110100,1100000110100011,1000000000010111
0xb3a2,0x33b3,0011001110110011,1011001110100010,1000000000010001
0xa1a1,0x21b2,0010000110110010,1010000110100001,1000000000010011
0x93a0,0x13b1,0001001110110001,1001001110100000,1000000000010001
0x85bf,0x05b0,0000010110110000,1000010110111111,1000000000001111
0x73be,0xf3ae,1111001110101110,0111001110111110,1000000000010000
0x663c,0xe62c,1110011000101100,0110011000111100,1000000000010000
0x583b,0xd82b,1101100000101011,0101100000111011,1000000000010000
0x463a,0xc62a,1100011000101010,0100011000111010,1000000000010000
0x3839,0xb829,1011100000101001,0011100000111001,1000000000010000
0x2a38,0xaa28,1010101000101000,0010101000111000,1000000000010000
0x1837,0x9827,1001100000100111,0001100000110111,1000000000010000
0x0a36,0x8a25,1000101000100101,0000101000110110,1000000000010011
0xf834,0x7824,0111100000100100,1111100000110100,1000000000010000
0xea33,0x6a23,0110101000100011,1110101000110011,1000000000010000
0xd832,0x5822,0101100000100010,1101100000110010,1000000000010000
0xcab1,0x4aa1,0100101010100001,1100101010110001,1000000000010000
0xb9b1,0x39a1,0011100110100001,1011100110110001,1000000000010000
0xa7b0,0x27a0,0010011110100000,1010011110110000,1000000000010000
0x978f,0x179f,0001011110011111,1001011110001111,1000000000010000
0x890e,0x091e,0000100100011110,1000100100001110,1000000000010000
0x750d,0xf51c,1111010100011100,0111010100001101,1000000000010001
0x670c,0xe71b,1110011100011011,0110011100001100,1000000000010111
0x590b,0xd91a,1101100100011010,0101100100001011,1000000000010001
0x458a,0xc599,1100010110011001,0100010110001010,1000000000010011
0x3789,0xb798,1011011110011000,0011011110001001,1000000000010001
0x2788,0xa797,1010011110010111,0010011110001000,1000000000011111
0x1606,0x9615,1001011000010101,0001011000000110,1000000000010011
0x0805,0x8814,1000100000010100,0000100000000101,1000000000010001
0xf803,0x7813,0111100000010011,1111100000000011,1000000000010000
0xe682,0x6692,0110011010010010,1110011010000010,1000000000010000
0xd881,0x5891,0101100010010001,1101100010000001,1000000000010000
0xc680,0x4690,0100011010010000,1100011010000000,1000000000010000
0xb69f,0x368f,0011011010001111,1011011010011111,1000000000010000
0xa89e,0x288e,0010100010001110,1010100010011110,1000000000010000
0x969d,0x168d,0001011010001101,1001011010011101,1000000000010000
0x891c,0x090c,0000100100001100,1000100100011100,1000000000010000
0x7b1b,0xfb0a,1111101100001010,0111101100011011,1000000000010001
0x699a,0xe989,1110100110001001,0110100110011010,1000000000010011
0x5b99,0xdb88,1101101110001000,0101101110011001,1000000000010001
0x4d98,0xcd87,1100110110000111,0100110110011000,1000000000011111
0x3c17,0xbc06,1011110000000110,0011110000010111,1000000000010001
0x3016,0xb005,1011000000000101,0011000000010110,1000000000010011
0x2295,0xa284,1010001010000100,0010001010010101,1000000000010001
0x1294,0x9283,1001001010000011,0001001010010100,1000000000010111
0x0513,0x8502,1000010100000010,0000010100010011,1000000000010001
0xf911,0x7901,0111100100000001,1111100100010001,1000000000010000
0xe710,0x6700,0110011100000000,1110011100010000,1000000000010000
0xdaef,0x5aff,0101101011111111,1101101011101111,1000000000010000
0xccee,0x4cfe,0100110011111110,1100110011101110,1000000000010000
0xbced,0x3cfd,0011110011111101,1011110011101101,1000000000010000
0xb0ec,0x30fc,0011000011111100,1011000011101100,1000000000010000
0xa2eb,0x22fb,0010001011111011,1010001011101011,1000000000010000
0x96ea,0x16fa,0001011011111010,1001011011101010,1000000000010000
0x86e9,0x06f9,0000011011111001,1000011011101001,1000000000010000
0x78e8,0xf8f7,1111100011110111,0111100011101000,1000000000011111
0x6ce7,0xecf6,1110110011110110,0110110011100111,1000000000010001
0x5ce6,0xdcf5,1101110011110101,0101110011100110,1000000000010011
0x4ee5,0xcef4,1100111011110100,0100111011100101,1000000000010001
0x42e4,0xc2f3,1100001011110011,0100001011100100,1000000000010111
0x32e3,0xb2f2,1011001011110010,0011001011100011,1000000000010001
0x26e2,0xa6f1,1010011011110001,0010011011100010,1000000000010011
0x18e1,0x98f0,1001100011110000,0001100011100001,1000000000010001
0x0ce0,0x8cef,1000110011101111,0000110011100000,1000000000001111
0xfcfe,0x7cee,0111110011101110,1111110011111110,1000000000010000
0xf0fd,0x70ed,0111000011101101,1111000011111101,1000000000010000
0xe4fc,0x64ed,0110010011101101,1110010011111100,1000000000010001
0xd8fb,0x58ec,0101100011101100,1101100011111011,1000000000010111
0xc8fa,0x48eb,0100100011101011,1100100011111010,1000000000010001
0xbcf9,0x3cea,0011110011101010,1011110011111001,1000000000010011
0xb0f8,0x30e9,0011000011101001,1011000011111000,1000000000010001
0xa4f7,0x24e8,0010010011101000,1010010011110111,1000000000011111
0x94f6,0x14e7,0001010011100111,1001010011110110,1000000000010001
0x88f5,0x08e6,0000100011100110,1000100011110101,1000000000010011
0x7cf4,0xfce4,1111110011100100,0111110011110100,1000000000010000
0x6d73,0xed63,1110110101100011,0110110101110011,1000000000010000
0x6172,0xe162,1110000101100010,0110000101110010,1000000000010000
0x5571,0xd561,1101010101100001,0101010101110001,1000000000010000
0x4970,0xc960,1100100101100000,0100100101110000,1000000000010000
0x3f4f,0xbf5f,1011111101011111,0011111101001111,1000000000010000
0x2f4e,0xaf5e,1010111101011110,0010111101001110,1000000000010000
0x234d,0xa35d,1010001101011101,0010001101001101,1000000000010000
0x174c,0x975c,1001011101011100,0001011101001100,1000000000010000
0x0b4b,0x8b5b,1000101101011011,0000101101001011,1000000000010000
0x014a,0x815a,1000000101011010,0000000101001010,1000000000010000
0xf148,0x7159,0111000101011001,1111000101001000,1000000000010001
0xe547,0x6558,0110010101011000,1110010101000111,1000000000011111
0xd946,0x5957,0101100101010111,1101100101000110,1000000000010001
0xcf45,0x4f56,0100111101010110,1100111101000101,1000000000010011
0xc344,0x4355,0100001101010101,1100001101000100,1000000000010001
0xb343,0x3354,0011001101010100,1011001101000011,1000000000010111
0xa742,0x2753,0010011101010011,1010011101000010,1000000000010001
0x9d41,0x1d52,0001110101010010,1001110101000001,1000000000010011
0x9140,0x1151,0001000101010001,1001000101000000,1000000000010001
0x855f,0x0550,0000010101010000,1000010101011111,1000000000001111
0x7b5e,0xfb4e,1111101101001110,0111101101011110,1000000000010000
0x6b5d,0xeb4c,1110101101001100,0110101101011101,1000000000010001
0x5f5c,0xdf4b,1101111101001011,0101111101011100,1000000000010111
0x535b,0xd34a,1101001101001010,0101001101011011,1000000000010001
0x495a,0xc949,1100100101001001,0100100101011010,1000000000010011
0x3d59,0xbd48,1011110101001000,0011110101011001,1000000000010001
0x3158,0xb147,1011000101000111,0011000101011000,1000000000011111
0x2357,0xa346,1010001101000110,0010001101010111,1000000000010001
0x1b56,0x9b45,1001101101000101,0001101101010110,1000000000010011
0x0b55,0x8b44,1000101101000100,0000101101010101,1000000000010001
0xff53,0x7f43,0111111101000011,1111111101010011,1000000000010000
0xf552,0x7542,0111010101000010,1111010101010010,1000000000010000
0xe951,0x6941,0110100101000001,1110100101010001,1000000000010000
0xdd50,0x5d40,0101110101000000,1101110101010000,1000000000010000
0xd12f,0x513f,0101000100111111,1101000100101111,1000000000010000
0xc72e,0x473e,0100011100111110,1100011100101110,1000000000010000
0xb72d,0x373d,0011011100111101,1011011100101101,1000000000010000
0xab2c,0x2b3c,0010101100111100,1010101100101100,1000000000010000
0x9f2b,0x1f3b,0001111100111011,1001111100101011,1000000000010000
0x952a,0x153a,0001010100111010,1001010100101010,1000000000010000
0x8929,0x0939,0000100100111001,1000100100101001,1000000000010000
0x7d28,0xfd37,1111110100110111,0111110100101000,1000000000011111
0x7127,0xf136,1111000100110110,0111000100100111,1000000000010001
0x6726,0xe735,1110011100110101,0110011100100110,1000000000010011
0x5b25,0xdb34,1101101100110100,0101101100100101,1000000000010001
0x4fa4,0xcfb3,1100111110110011,0100111110100100,1000000000010111
0x45a3,0xc5b2,1100010110110010,0100010110100011,1000000000010001
0x39a2,0xb9b1,1011100110110001,0011100110100010,1000000000010011
0x29a1,0xa9b0,1010100110110000,0010100110100001,1000000000010001
0x23a0,0xa3b0,1010001110110000,0010001110100000,1000000000010000
0x13bf,0x93af,1001001110101111,0001001110111111,1000000000010000
0x07be,0x87ae,1000011110101110,0000011110111110,1000000000010000
0xfbbc,0x7bad,0111101110101101,1111101110111100,1000000000010001
0xf1bb,0x71ac,0111000110101100,1111000110111011,1000000000010111
0xe5ba,0x65ab,0110010110101011,1110010110111010,1000000000010001
0xd9b9,0x59aa,0101100110101010,1101100110111001,1000000000010011
0xcfb8,0x4fa9,0100111110101001,1100111110111000,1000000000010001
0xc3b7,0x43a8,0100001110101000,1100001110110111,1000000000011111
0xb7b6,0x37a7,0011011110100111,1011011110110110,1000000000010001
0xadb5,0x2da6,0010110110100110,1010110110110101,1000000000010011
0xa1b4,0x21a5,0010000110100101,1010000110110100,1000000000010001
0x95b3,0x15a4,0001010110100100,1001010110110011,1000000000010111
0x8bb2,0x0ba3,0000101110100011,1000101110110010,1000000000010001
0x7fb1,0xffa1,1111111110100001,0111111110110001,1000000000010000
0x73b0,0xf3a0,1111001110100000,0111001110110000,1000000000010000
0x678f,0xe79f,1110011110011111,0110011110001111,1000000000010000
0x5d8e,0xdd9e,1101110110011110,0101110110001110,1000000000010000
0x518d,0xd19d,1101000110011101,0101000110001101,1000000000010000
0x458c,0xc59c,1100010110011100,0100010110001100,1000000000010000
0x3b8b,0xbb9b,1011101110011011,0011101110001011,1000000000010000
0x2f8a,0xaf9a,1010111110011010,0010111110001010,1000000000010000
0x2389,0xa399,1010001110011001,0010001110001001,1000000000010000
0x1988,0x9998,1001100110011000,0001100110001000,1000000000010000
0x0d87,0x8d97,1000110110010111,0000110110000111,1000000000010000
0x0186,0x8196,1000000110010110,0000000110000110,1000000000010000
0xf784,0x7795,0111011110010101,1111011110000100,1000000000010001
0xef83,0x6f94,0110111110010100,1110111110000011,1000000000010111
0xe582,0x6592,0110010110010010,1110010110000010,1000000000010000
0xd981,0x5991,0101100110010001,1101100110000001,1000000000010000
0xcd80,0x4d90,0100110110010000,1100110110000000,1000000000010000
0xc39f,0x438f,0100001110001111,1100001110011111,1000000000010000
0xb79e,0x378e,0011011110001110,1011011110011110,1000000000010000
0xab9d,0x2b8d,0010101110001101,1010101110011101,1000000000010000
0xa19c,0x218c,0010000110001100,1010000110011100,1000000000010000
0x959b,0x158b,0001010110001011,1001010110011011,1000000000010000
0x8b9a,0x0b8a,0000101110001010,1000101110011010,1000000000010000
0x7f99,0xff88,1111111110001000,0111111110011001,1000000000010001
0x7398,0xf387,1111001110000111,0111001110011000,1000000000011111
0x6d97,0xed86,1110110110000110,0110110110010111,1000000000010001
0x6196,0xe185,1110000110000101,0110000110010110,1000000000010011
0x5595,0xd584,1101010110000100,0101010110010101,1000000000010001
0x4b94,0xcb83,1100101110000011,0100101110010100,1000000000010111
0x3f93,0xbf82,1011111110000010,0011111110010011,1000000000010001
0x3392,0xb381,1011001110000001,0011001110010010,1000000000010011
0x2911,0xa900,1010100100000000,0010100100010001,1000000000010001
0x1d10,0x9cff,1001110011111111,0001110100010000,1000000111101111
0x10ef,0x90fe,1001000011111110,0001000011101111,1000000000010001
0x08ee,0x88fd,1000100011111101,0000100011101110,1000000000010011
0xfeec,0x7efc,0111111011111100,1111111011101100,1000000000010000
0xf2eb,0x72fb,0111001011111011,1111001011101011,1000000000010000
0xe6ea,0x66fa,0110011011111010,1110011011101010,1000000000010000
0xdae9,0x5af9,0101101011111001,1101101011101001,1000000000010000
0xcee8,0x4ef8,0100111011111000,1100111011101000,1000000000010000
0xc4e7,0x44f7,0100010011110111,1100010011100111,1000000000010000
0xbce6,0x3cf7,0011110011110111,1011110011100110,1000000000010001
0xb065,0x3076,0011000001110110,1011000001100101,1000000000010011
0xa464,0x2475,0010010001110101,1010010001100100,1000000000010001
0x9863,0x1874,0001100001110100,1001100001100011,1000000000010111
0x8c62,0x0c73,0000110001110011,1000110001100010,1000000000010001
0x8061,0x0072,0000000001110010,1000000001100001,1000000000010011
0x7660,0xf670,1111011001110000,0111011001100000,1000000000010000
0x69ff,0xe9ef,1110100111101111,0110100111111111,1000000000010000
0x5dfe,0xddee,1101110111101110,0101110111111110,1000000000010000
0x51fd,0xd1ed,1101000111101101,0101000111111101,1000000000010000
0x43fc,0xc3ec,1100001111101100,0100001111111100,1000000000010000
0x3bfb,0xbbeb,1011101111101011,0011101111111011,1000000000010000
0x2f7a,0xaf6a,1010111101101010,0010111101111010,1000000000010000
0x2179,0xa169,1010000101101001,0010000101111001,1000000000010000
0x1578,0x9568,1001010101101000,0001010101111000,1000000000010000
0x0777,0x8767,1000011101100111,0000011101110111,1000000000010000
0xf975,0x7966,0111100101100110,1111100101110101,1000000000010011
0xf174,0x7165,0111000101100101,1111000101110100,1000000000010001
0xe2f3,0x62e4,0110001011100100,1110001011110011,1000000000010111
0xd4f2,0x54e3,0101010011100011,1101010011110010,1000000000010001
0xc6f1,0x46e2,0100011011100010,1100011011110001,1000000000010011
0xbcf0,0x3ce1,0011110011100001,1011110011110000,1000000000010001
0xaecf,0x2ee0,0010111011100000,1010111011001111,1000000000101111
0xa0ce,0x20df,0010000011011111,1010000011001110,1000000000010001
0x92cd,0x12de,0001001011011110,1001001011001101,1000000000010011
0x84cc,0x04dd,0000010011011101,1000010011001100,1000000000010001
0x7acb,0xfadb,1111101011011011,0111101011001011,1000000000010000
0x6cca,0xecda,1110110011011010,0110110011001010,1000000000010000
0x5ec9,0xded9,1101111011011001,0101111011001001,1000000000010000
0x4ec8,0xced8,1100111011011000,0100111011001000,1000000000010000
0x44c7,0xc4d7,1100010011010111,0100010011000111,1000000000010000
0x3646,0xb656,1011011001010110,0011011001000110,1000000000010000
0x2845,0xa855,1010100001010101,0010100001000101,1000000000010000
0x1844,0x9854,1001100001010100,0001100001000100,1000000000010000
0x0a43,0x8a53,1000101001010011,0000101001000011,1000000000010000
0xfe41,0x7e52,0111111001010010,1111111001000001,1000000000010011
0xf040,0x7051,0111000001010001,1111000001000000,1000000000010001
0xe25f,0x6250,0110001001010000,1110001001011111,1000000000001111
0xd65e,0x564f,0101011001001111,1101011001011110,1000000000010001
0xc85d,0x484e,0100100001001110,1100100001011101,1000000000010011
0xb85c,0x384d,0011100001001101,1011100001011100,1000000000010001
0xaa5b,0x2a4c,0010101001001100,1010101001011011,1000000000010111
0x9a5a,0x1a4b,0001101001001011,1001101001011010,1000000000010001
0x9059,0x104a,0001000001001010,1001000001011001,1000000000010011
0x8058,0x0049,0000000001001001,1000000001011000,1000000000010001
0x7257,0xf247,1111001001000111,0111001001010111,1000000000010000
0x6256,0xe246,1110001001000110,0110001001010110,1000000000010000
0x57d5,0xd7c5,1101011111000101,0101011111010101,1000000000010000
0x4754,0xc744,1100011101000100,0100011101010100,1000000000010000
0x36d4,0xb6c4,1011011011000100,0011011011010100,1000000000010000
0x2453,0xa443,1010010001000011,0010010001010011,1000000000010000
0x17d2,0x97c2,1001011111000010,0001011111010010,1000000000010000
0x04d1,0x84c1,1000010011000001,0000010011010001,1000000000010000
0xf22f,0x7240,0111001001000000,1111001000101111,1000000001101111
0xe02e,0x603f,0110000000111111,1110000000101110,1000000000010001
0xd1ad,0x51be,0101000110111110,1101000110101101,1000000000010011
0xbfac,0x3fbd,0011111110111101,1011111110101100,1000000000010001
0xadab,0x2dbc,0010110110111100,1010110110101011,1000000000010111
0x9baa,0x1bbb,0001101110111011,1001101110101010,1000000000010001
0x8da9,0x0dba,0000110110111010,1000110110101001,1000000000010011
0x7ba8,0xfbb8,1111101110111000,0111101110101000,1000000000010000
0x6ba7,0xebb7,1110101110110111,0110101110100111,1000000000010000
0x5a26,0xda36,1101101000110110,0101101000100110,1000000000010000
0x4825,0xc835,1100100000110101,0100100000100101,1000000000010000
0x3a24,0xba34,1011101000110100,0011101000100100,1000000000010000
0x2823,0xa833,1010100000110011,0010100000100011,1000000000010000
0x1622,0x9632,1001011000110010,0001011000100010,1000000000010000
0x0621,0x8631,1000011000110001,0000011000100001,1000000000010000
0xf83f,0x7830,0111100000110000,1111100000111111,1000000000001111
0xe63e,0x662f,0110011000101111,1110011000111110,1000000000010001
0xd43d,0x542e,0101010000101110,1101010000111101,1000000000010011
0xc23c,0x422d,0100001000101101,1100001000111100,1000000000010001
0xb23b,0x322c,0011001000101100,1011001000111011,1000000000010111
0xa43a,0x242b,0010010000101011,1010010000111010,1000000000010001
0x9239,0x122a,0001001000101010,1001001000111001,1000000000010011
0x8038,0x0029,0000000000101001,1000000000111000,1000000000010001
0x6e37,0xee27,1110111000100111,0110111000110111,1000000000010000
0x6036,0xe026,1110000000100110,0110000000110110,1000000000010000
0x5035,0xd025,1101000000100101,0101000000110101,1000000000010000
0x3e34,0xbe24,1011111000100100,0011111000110100,1000000000010000
0x2c33,0xac23,1010110000100011,0010110000110011,1000000000010000
0x1a32,0x9a22,1001101000100010,0001101000110010,1000000000010000
0x0831,0x8821,1000100000100001,0000100000110001,1000000000010000
0xfa0f,0x7a20,0111101000100000,1111101000001111,1000000000101111
0xea0e,0x6a1f,0110101000011111,1110101000001110,1000000000010001
0xd80d,0x581e,0101100000011110,1101100000001101,1000000000010011
0xc60c,0x461d,0100011000011101,1100011000001100,1000000000010001
0xb40b,0x341c,0011010000011100,1011010000001011,1000000000010111
0xa60a,0x261b,0010011000011011,1010011000001010,1000000000010001
0x9409,0x141a,0001010000011010,1001010000001001,1000000000010011
0x8408,0x0419,0000010000011001,1000010000001000,1000000000010001
0x7207,0xf217,1111001000010111,0111001000000111,1000000000010000
0x6406,0xe416,1110010000010110,0110010000000110,1000000000010000
0x5205,0xd215,1101001000010101,0101001000000101,1000000000010000
0x4004,0xc014,1100000000010100,0100000000000100,1000000000010000
0x2e03,0xae13,1010111000010011,0010111000000011,1000000000010000
0x1e02,0x9e12,1001111000010010,0001111000000010,1000000000010000
0x0c01,0x8c11,1000110000010001,0000110000000001,1000000000010000
0xfe1f,0x7e10,0111111000010000,1111111000011111,1000000000001111
0xec1e,0x6c0f,0110110000001111,1110110000011110,1000000000010001
0xdc1d,0x5c0e,0101110000001110,1101110000011101,1000000000010011
0xca1c,0x4a0d,0100101000001101,1100101000011100,1000000000010001
0xb81b,0x380c,0011100000001100,1011100000011011,1000000000010111
0xa61a,0x260b,0010011000001011,1010011000011010,1000000000010001
0x9a19,0x1a0a,0001101000001010,1001101000011001,1000000000010011
0x8818,0x0809,0000100000001001,1000100000011000,1000000000010001
0x7617,0xf607,1111011000000111,0111011000010111,1000000000010000
0x6416,0xe406,1110010000000110,0110010000010110,1000000000010000
0x5415,0xd405,1101010000000101,0101010000010101,1000000000010000
0x4294,0xc284,1100001010000100,0100001010010100,1000000000010000
0x3493,0xb483,1011010010000011,0011010010010011,1000000000010000
0x2292,0xa282,1010001010000010,0010001010010010,1000000000010000
0x1291,0x9281,1001001010000001,0001001010010001,1000000000010000
0x0090,0x807f,1000000001111111,0000000010010000,1000000011101111
0xee6e,0x6e7e,0110111001111110,1110111001101110,1000000000010000
0xde6d,0x5e7d,0101111001111101,1101111001101101,1000000000010000
0xd06c,0x507c,0101000001111100,1101000001101100,1000000000010000
0xc06b,0x407b,0100000001111011,1100000001101011,1000000000010000
0xae6a,0x2e7a,0010111001111010,1010111001101010,1000000000010000
0x9c69,0x1c79,0001110001111001,1001110001101001,1000000000010000
0x8c68,0x0c78,0000110001111000,1000110001101000,1000000000010000
0x7a67,0xfa76,1111101001110110,0111101001100111,1000000000010001
0x6c66,0xec75,1110110001110101,0110110001100110,1000000000010011
0x5c65,0xdc74,1101110001110100,0101110001100101,1000000000010001
0x4a64,0xca73,1100101001110011,0100101001100100,1000000000010111
0x3863,0xb872,1011100001110010,0011100001100011,1000000000010001
0x2862,0xa871,1010100001110001,0010100001100010,1000000000010011
0x1661,0x9670,1001011001110000,0001011001100001,1000000000010001
0x0460,0x846f,1000010001101111,0000010001100000,1000000000001111
0xf27e,0x726e,0111001001101110,1111001001111110,1000000000010000
0xe67d,0x666d,0110011001101101,1110011001111101,1000000000010000
0xd47c,0x546c,0101010001101100,1101010001111100,1000000000010000
0xc27b,0x426b,0100001001101011,1100001001111011,1000000000010000
0xb1fa,0x31ea,0011000111101010,1011000111111010,1000000000010000
0x9ff9,0x1fe9,0001111111101001,1001111111111001,1000000000010000
0x8df8,0x0de8,0000110111101000,1000110111111000,1000000000010000
0x7bf7,0xfbe6,1111101111100110,0111101111110111,1000000000010001
0x6df6,0xede5,1110110111100101,0110110111110110,1000000000010011
0x5df5,0xdde4,1101110111100100,0101110111110101,1000000000010001
0x4bf4,0xcbe3,1100101111100011,0100101111110100,1000000000010111
0x39f3,0xb9e2,1011100111100010,0011100111110011,1000000000010001
0x27f2,0xa7e1,1010011111100001,0010011111110010,1000000000010011
0x17f1,0x97e0,1001011111100000,0001011111110001,1000000000010001
0x05f0,0x85df,1000010111011111,0000010111110000,1000000000101111
0xf3ce,0x73de,0111001111011110,1111001111001110,1000000000010000
0xe5cd,0x65dd,0110010111011101,1110010111001101,1000000000010000
0xd5cc,0x55dc,0101010111011100,1101010111001100,1000000000010000
0xc3cb,0x43db,0100001111011011,1100001111001011,1000000000010000
0xb1ca,0x31da,0011000111011010,1011000111001010,1000000000010000
0x9fc9,0x1fd9,0001111111011001,1001111111001001,1000000000010000
0x8fc8,0x0fd8,0000111111011000,1000111111001000,1000000000010000
0x7dc7,0xfdd6,1111110111010110,0111110111000111,1000000000010001
0x6fc6,0xefd5,1110111111010101,0110111111000110,1000000000010011
0x5dc5,0xddd4,1101110111010100,0101110111000101,1000000000010001
0x4dc4,0xcdd3,1100110111010011,0100110111000100,1000000000010111
0x3bc3,0xbbd2,1011101111010010,0011101111000011,1000000000010001
0x29c2,0xa9d1,1010100111010001,0010100111000010,1000000000010011
0x17c1,0x97d0,1001011111010000,0001011111000001,1000000000010001
0x05c0,0x85cf,1000010111001111,0000010111000000,1000000000001111
0xf5de,0x75ce,0111010111001110,1111010111011110,1000000000010000
0xe3dd,0x63cd,0110001111001101,1110001111011101,1000000000010000
0xd1dc,0x51cc,0101000111001100,1101000111011100,1000000000010000
0xbfdb,0x3fcb,0011111111001011,1011111111011011,1000000000010000
0xb1da,0x31ca,0011000111001010,1011000111011010,1000000000010000
0x9fd9,0x1fc9,0001111111001001,1001111111011001,1000000000010000
0x8dd8,0x0dc8,0000110111001000,1000110111011000,1000000000010000
0x7bd7,0xfbc6,1111101111000110,0111101111010111,1000000000010001
0x6b56,0xeb45,1110101101000101,0110101101010110,1000000000010011
0x5955,0xd944,1101100101000100,0101100101010101,1000000000010001
0x4754,0xc743,1100011101000011,0100011101010100,1000000000010111
0x3553,0xb542,1011010101000010,0011010101010011,1000000000010001
0x2352,0xa341,1010001101000001,0010001101010010,1000000000010011
0x1151,0x9140,1001000101000000,0001000101010001,1000000000010001
0x0350,0x833f,1000001100111111,0000001101010000,1000000001101111
0xf12e,0x713e,0111000100111110,1111000100101110,1000000000010000
0xdf2d,0x5f3d,0101111100111101,1101111100101101,1000000000010000
0xcdac,0x4dbc,0100110110111100,1100110110101100,1000000000010000
0xbbab,0x3bbb,0011101110111011,1011101110101011,1000000000010000
0xa92a,0x293a,0010100100111010,1010100100101010,1000000000010000
0x9729,0x1739,0001011100111001,1001011100101001,1000000000010000
0x8528,0x0538,0000010100111000,1000010100101000,1000000000010000
0x7327,0xf336,1111001100110110,0111001100100111,1000000000010001
0x6126,0xe135,1110000100110101,0110000100100110,1000000000010011
0x4f25,0xcf34,1100111100110100,0100111100100101,1000000000010001
0x3d24,0xbd33,1011110100110011,0011110100100100,1000000000010111
0x2b23,0xab32,1010101100110010,0010101100100011,1000000000010001
0x18a2,0x98b1,1001100010110001,0001100010100010,1000000000010011
0x06a1,0x86b0,1000011010110000,0000011010100001,1000000000010001
0xf8bf,0x78af,0111100010101111,1111100010111111,1000000000010000
0xe6be,0x66ae,0110011010101110,1110011010111110,1000000000010000
0xd2bd,0x52ae,0101001010101110,1101001010111101,1000000000010011
0xc0bc,0x40ad,0100000010101101,1100000010111100,1000000000010001
0xaebb,0x2eac,0010111010101100,1010111010111011,1000000000010111
0x9cba,0x1cab,0001110010101011,1001110010111010,1000000000010001
0x8ab9,0x0aaa,0000101010101010,1000101010111001,1000000000010011
0x78b8,0xf8a8,1111100010101000,0111100010111000,1000000000010000
0x64b7,0xe4a7,1110010010100111,0110010010110111,1000000000010000
0x52b6,0xd2a6,1101001010100110,0101001010110110,1000000000010000
0x40b5,0xc0a5,1100000010100101,0100000010110101,1000000000010000
0x2eb4,0xaea4,1010111010100100,0010111010110100,1000000000010000
0x1cb3,0x9ca3,1001110010100011,0001110010110011,1000000000010000
0x08b2,0x88a2,1000100010100010,0000100010110010,1000000000010000
0xf6b0,0x76a1,0111011010100001,1111011010110000,1000000000010001
0xe48f,0x64a0,0110010010100000,1110010010001111,1000000000101111
0xd20e,0x521f,0101001000011111,1101001000001110,1000000000010001
0xbe0d,0x3e1e,0011111000011110,1011111000001101,1000000000010011
0xac0c,0x2c1d,0010110000011101,1010110000001100,1000000000010001
0x9a0b,0x1a1c,0001101000011100,1001101000001011,1000000000010111
0x880a,0x081b,0000100000011011,1000100000001010,1000000000010001
0x7409,0xf419,1111010000011001,0111010000001001,1000000000010000
0x6208,0xe218,1110001000011000,0110001000001000,1000000000010000
0x5007,0xd017,1101000000010111,0101000000000111,1000000000010000
0x3c06,0xbc16,1011110000010110,0011110000000110,1000000000010000
0x2a05,0xaa15,1010101000010101,0010101000000101,1000000000010000
0x1804,0x9814,1001100000010100,0001100000000100,1000000000010000
0x0603,0x8613,1000011000010011,0000011000000011,1000000000010000
0xf201,0x7212,0111001000010010,1111001000000001,1000000000010011
0xe000,0x6011,0110000000010001,1110000000000000,1000000000010001
0xce1f,0x4e10,0100111000010000,1100111000011111,1000000000001111
0xa81e,0x280f,0010100000001111,1010100000011110,1000000000010001
0x961d,0x160e,0001011000001110,1001011000011101,1000000000010011
0x821c,0x020d,0000001000001101,1000001000011100,1000000000010001
0x701b,0xf00b,1111000000001011,0111000000011011,1000000000010000
0x5e1a,0xde0a,1101111000001010,0101111000011010,1000000000010000
0x4a19,0xca09,1100101000001001,0100101000011001,1000000000010000
0x3818,0xb808,1011100000001000,0011100000011000,1000000000010000
0x2617,0xa607,1010011000000111,0010011000010111,1000000000010000
0x1216,0x9206,1001001000000110,0001001000010110,1000000000010000
0x0015,0x8005,1000000000000101,0000000000010101,1000000000010000
0xee13,0x6e04,0110111000000100,1110111000010011,1000000000010111
0xda12,0x5a03,0101101000000011,1101101000010010,1000000000010001
0xc811,0x4802,0100100000000010,1100100000010001,1000000000010011
0xb610,0x3601,0011011000000001,1011011000010000,1000000000010001
0xa3ef,0x2400,0010010000000000,1010001111101111,1000011111101111
0x906e,0x107f,0001000001111111,1001000001101110,1000000000010001
0x7e6d,0xfe7d,1111111001111101,0111111001101101,1000000000010000
0x6c6c,0xec7c,1110110001111100,0110110001101100,1000000000010000
0x5a6b,0xda7b,1101101001111011,0101101001101011,1000000000010000
0x45ea,0xc5fa,1100010111111010,0100010111101010,1000000000010000
0x3369,0xb379,1011001101111001,0011001101101001,1000000000010000
0x1f68,0x9f77,1001111101110111,0001111101101000,1000000000011111
0x0ce7,0x8cf6,1000110011110110,0000110011100111,1000000000010001
0xf8e5,0x78f5,0111100011110101,1111100011100101,1000000000010000
0xe0e4,0x60f4,0110000011110100,1110000011100100,1000000000010000
0xd0e3,0x50f3,0101000011110011,1101000011100011,1000000000010000
0xba62,0x3a72,0011101001110010,1011101001100010,1000000000010000
0xa661,0x2671,0010011001110001,1010011001100001,1000000000010000
0x9260,0x1270,0001001001110000,1001001001100000,1000000000010000
0x7dff,0xfdee,1111110111101110,0111110111111111,1000000000010001
0x69fe,0xe9ed,1110100111101101,0110100111111110,1000000000010011
0x55fd,0xd5ec,1101010111101100,0101010111111101,1000000000010001
0x41fc,0xc1eb,1100000111101011,0100000111111100,1000000000010111
0x2dfb,0xadea,1010110111101010,0010110111111011,1000000000010001
0x19fa,0x99e9,1001100111101001,0001100111111010,1000000000010011
0x0579,0x8568,1000010101101000,0000010101111001,1000000000010001
0xeb77,0x6b67,0110101101100111,1110101101110111,1000000000010000
0xdb76,0x5b66,0101101101100110,1101101101110110,1000000000010000
0xc375,0x4365,0100001101100101,1100001101110101,1000000000010000
0xaf74,0x2f64,0010111101100100,1010111101110100,1000000000010000
0x9b73,0x1b63,0001101101100011,1001101101110011,1000000000010000
0x8572,0x0562,0000010101100010,1000010101110010,1000000000010000
0x7171,0xf160,1111000101100000,0111000101110001,1000000000010001
0x5cf0,0xdcdf,1101110011011111,0101110011110000,1000000000101111
0x48cf,0xc8de,1100100011011110,0100100011001111,1000000000010001
0x2ece,0xaedd,1010111011011101,0010111011001110,1000000000010011
0x1acd,0x9adc,1001101011011100,0001101011001101,1000000000010001
0x06cc,0x86db,1000011011011011,0000011011001100,1000000000010111
0xf2ca,0x72da,0111001011011010,1111001011001010,1000000000010000
0xdcc9,0x5cd9,0101110011011001,1101110011001001,1000000000010000
0xc8c8,0x48d8,0100100011011000,1100100011001000,1000000000010000
0xb2c7,0x32d8,0011001011011000,1011001011000111,1000000000011111
0x9ec6,0x1ed7,0001111011010111,1001111011000110,1000000000010001
0x86c5,0x06d6,0000011011010110,1000011011000101,1000000000010011
0x70c4,0xf0d4,1111000011010100,0111000011000100,1000000000010000
0x5cc3,0xdcd3,1101110011010011,0101110011000011,1000000000010000
0x46c2,0xc6d2,1100011011010010,0100011011000010,1000000000010000
0x32c1,0xb2d1,1011001011010001,0011001011000001,1000000000010000
0x1ac0,0x9ad0,1001101011010000,0001101011000000,1000000000010000
0x045f,0x844f,1000010001001111,0000010001011111,1000000000010000
0xf05d,0x704e,0111000001001110,1111000001011101,1000000000010011
0xda5c,0x5a4d,0101101001001101,1101101001011100,1000000000010001
0xc65b,0x464c,0100011001001100,1100011001011011,1000000000010111
0xac5a,0x2c4b,0010110001001011,1010110001011010,1000000000010001
0x9859,0x184a,0001100001001010,1001100001011001,1000000000010011
0x8258,0x0249,0000001001001001,1000001001011000,1000000000010001
0x6e57,0xee47,1110111001000111,0110111001010111,1000000000010000
0x5a56,0xda46,1101101001000110,0101101001010110,1000000000010000
0x4055,0xc045,1100000001000101,0100000001010101,1000000000010000
0x2c54,0xac44,1010110001000100,0010110001010100,1000000000010000
0x1653,0x9643,1001011001000011,0001011001010011,1000000000010000
0x0252,0x8242,1000001001000010,0000001001010010,1000000000010000
0xe850,0x6841,0110100001000001,1110100001010000,1000000000010001
0xd4af,0x54c0,0101010011000000,1101010010101111,1000000001101111
0xc02e,0x403f,0100000000111111,1100000000101110,1000000000010001
0xaa2d,0x2a3e,0010101000111110,1010101000101101,1000000000010011
0x922c,0x123d,0001001000111101,1001001000101100,1000000000010001
0x7c2b,0xfc3b,1111110000111011,0111110000101011,1000000000010000
0x682a,0xe839,1110100000111001,0110100000101010,1000000000010011
0x5229,0xd238,1101001000111000,0101001000101001,1000000000010001
0x3a28,0xba37,1011101000110111,0011101000101000,1000000000011111
0x2427,0xa436,1010010000110110,0010010000100111,1000000000010001
0x1026,0x9035,1001000000110101,0001000000100110,1000000000010011
0xf624,0x7634,0111011000110100,1111011000100100,1000000000010000
0xe223,0x6233,0110001000110011,1110001000100011,1000000000010000
0xce22,0x4e32,0100111000110010,1100111000100010,1000000000010000
0xb821,0x3831,0011100000110001,1011100000100001,1000000000010000
0xa020,0x2030,0010000000110000,1010000000100000,1000000000010000
0x8a3f,0x0a2f,0000101000101111,1000101000111111,1000000000010000
0x763e,0xf62d,1111011000101101,0111011000111110,1000000000010011
0x5c3d,0xdc2c,1101110000101100,0101110000111101,1000000000010001
0x483c,0xc82b,1100100000101011,0100100000111100,1000000000010111
0x343b,0xb42a,1011010000101010,0011010000111011,1000000000010001
0x1a3a,0x9a29,1001101000101001,0001101000111010,1000000000010011
0x0639,0x8628,1000011000101000,0000011000111001,1000000000010001
0xf037,0x7027,0111000000100111,1111000000110111,1000000000010000
0xd836,0x5826,0101100000100110,1101100000110110,1000000000010000
0xc235,0x4225,0100001000100101,1100001000110101,1000000000010000
0xae34,0x2e24,0010111000100100,1010111000110100,1000000000010000
0x9433,0x1423,0001010000100011,1001010000110011,1000000000010000
0x7db2,0xfda1,1111110110100001,0111110110110010,1000000000010011
0x6931,0xe920,1110100100100000,0110100100110001,1000000000010001
0x4f30,0xcf1f,1100111100011111,0100111100110000,1000000000101111
0x390f,0xb91f,1011100100011111,0011100100001111,1000000000010000
0x1f0e,0x9f1e,1001111100011110,0001111100001110,1000000000010000
0x0b8d,0x8b9d,1000101110011101,0000101110001101,1000000000010000
0xf60b,0x761c,0111011000011100,1111011000001011,1000000000010111
0xde0a,0x5e1b,0101111000011011,1101111000001010,1000000000010001
0xc889,0x489a,0100100010011010,1100100010001001,1000000000010011
0xb488,0x3499,0011010010011001,1011010010001000,1000000000010001
0x9c87,0x1c98,0001110010011000,1001110010000111,1000000000011111
0x8906,0x0917,0000100100010111,1000100100000110,1000000000010001
0x7105,0xf115,1111000100010101,0111000100000101,1000000000010000
0x5b04,0xdb14,1101101100010100,0101101100000100,1000000000010000
0x4303,0xc313,1100001100010011,0100001100000011,1000000000010000
0x2f82,0xaf92,1010111110010010,0010111110000010,1000000000010000
0x1b81,0x9b91,1001101110010001,0001101110000001,1000000000010000
0x0380,0x8390,1000001110010000,0000001110000000,1000000000010000
0xf19e,0x718f,0111000110001111,1111000110011110,1000000000010001
0xd99d,0x598e,0101100110001110,1101100110011101,1000000000010011
0xc61c,0x460d,0100011000001101,1100011000011100,1000000000010001
0xb21b,0x320c,0011001000001100,1011001000011011,1000000000010111
0x9a1a,0x1a0b,0001101000001011,1001101000011010,1000000000010001
0x8619,0x060a,0000011000001010,1000011000011001,1000000000010011
0x7018,0xf008,1111000000001000,0111000000011000,1000000000010000
0x5c17,0xdc07,1101110000000111,0101110000010111,1000000000010000
0x4496,0xc486,1100010010000110,0100010010010110,1000000000010000
0x3095,0xb085,1011000010000101,0011000010010101,1000000000010000
0x1a94,0x9a84,1001101010000100,0001101010010100,1000000000010000
0x0693,0x8683,1000011010000011,0000011010010011,1000000000010000
0xf291,0x7282,0111001010000010,1111001010010001,1000000000010011
0xdc90,0x5c81,0101110010000001,1101110010010000,1000000000010001
0xc46f,0x4480,0100010010000000,1100010001101111,1000000011101111
0xb26e,0x327f,0011001001111111,1011001001101110,1000000000010001
0x9e6d,0x1e7e,0001111001111110,1001111001101101,1000000000010011
0x866c,0x067d,0000011001111101,1000011001101100,1000000000010001
0x746b,0xf47a,1111010001111010,0111010001101011,1000000000010001
0x5c6a,0xdc79,1101110001111001,0101110001101010,1000000000010011
0x4ae9,0xcaf8,1100101011111000,0100101011101001,1000000000010001
0x32e8,0xb2f7,1011001011110111,0011001011101000,1000000000011111
0x1ee7,0x9ef6,1001111011110110,0001111011100111,1000000000010001
0x08e6,0x88f5,1000100011110101,0000100011100110,1000000000010011
0xf4e4,0x74f4,0111010011110100,1111010011100100,1000000000010000
0xdee3,0x5ef3,0101111011110011,1101111011100011,1000000000010000
0xcae2,0x4af2,0100101011110010,1100101011100010,1000000000010000
0xb4e1,0x34f1,0011010011110001,1011010011100001,1000000000010000
0xa0e0,0x20f0,0010000011110000,1010000011100000,1000000000010000
0x8aff,0x0aef,0000101011101111,1000101011111111,1000000000010000
0x76fe,0xf6ed,1111011011101101,0111011011111110,1000000000010011
0x60fd,0xe0ec,1110000011101100,0110000011111101,1000000000010001
0x4cfc,0xcceb,1100110011101011,0100110011111100,1000000000010111
0x36fb,0xb6ea,1011011011101010,0011011011111011,1000000000010001
0x22fa,0xa2e9,1010001011101001,0010001011111010,1000000000010011
0x0cf9,0x8ce8,1000110011101000,0000110011111001,1000000000010001
0xf8f7,0x78e7,0111100011100111,1111100011110111,1000000000010000
0xe2f6,0x62e6,0110001011100110,1110001011110110,1000000000010000
0xb8f5,0x38e5,0011100011100101,1011100011110101,1000000000010000
0xa2f4,0x22e4,0010001011100100,1010001011110100,1000000000010000
0x8ef3,0x0ee3,0000111011100011,1000111011110011,1000000000010000
0x78f2,0xf8e1,1111100011100001,0111100011110010,1000000000010011
0x64f1,0xe4e0,1110010011100000,0110010011110001,1000000000010001
0x4ef0,0xcedf,1100111011011111,0100111011110000,1000000000101111
0x3acf,0xbade,1011101011011110,0011101011001111,1000000000010001
0x24ce,0xa4dd,1010010011011101,0010010011001110,1000000000010011
0x12cd,0x92dc,1001001011011100,0001001011001101,1000000000010001
0xfacb,0x7adb,0111101011011011,1111101011001011,1000000000010000
0xe4ca,0x64da,0110010011011010,1110010011001010,1000000000010000
0xd0c9,0x50d9,0101000011011001,1101000011001001,1000000000010000
0xb6c8,0x36d8,0011011011011000,1011011011001000,1000000000010000
0xa4c7,0x24d7,0010010011010111,1010010011000111,1000000000010000
0x90c6,0x10d6,0001000011010110,1001000011000110,1000000000010000
0x7cc5,0xfcd4,1111110011010100,0111110011000101,1000000000010001
0x66c4,0xe6d3,1110011011010011,0110011011000100,1000000000010111
0x50c3,0xd0d2,1101000011010010,0101000011000011,1000000000010001
0x3cc2,0xbcd1,1011110011010001,0011110011000010,1000000000010011
0x26c1,0xa6d0,1010011011010000,0010011011000001,1000000000010001
0x12c0,0x92cf,1001001011001111,0001001011000000,1000000000001111
0xfcde,0x7cce,0111110011001110,1111110011011110,1000000000010000
0xe8dd,0x68ce,0110100011001110,1110100011011101,1000000000010011
0xd2dc,0x52cd,0101001011001101,1101001011011100,1000000000010001
0xbedb,0x3ecc,0011111011001100,1011111011011011,1000000000010111
0xa8da,0x28cb,0010100011001011,1010100011011010,1000000000010001
0x92d9,0x12ca,0001001011001010,1001001011011001,1000000000010011
0x7ed8,0xfec8,1111111011001000,0111111011011000,1000000000010000
0x68d7,0xe8c7,1110100011000111,0110100011010111,1000000000010000
0x50d6,0xd0c6,1101000011000110,0101000011010110,1000000000010000
0x3ed5,0xbec5,1011111011000101,0011111011010101,1000000000010000
0x28d4,0xa8c4,1010100011000100,0010100011010100,1000000000010000
0x14d3,0x94c3,1001010011000011,0001010011010011,1000000000010000
0xfed1,0x7ec2,0111111011000010,1111111011010001,1000000000010011
0xe6d0,0x66c1,0110011011000001,1110011011010000,1000000000010001
0xd4af,0x54c0,0101010011000000,1101010010101111,1000000001101111
0xbcae,0x3cbf,0011110010111111,1011110010101110,1000000000010001
0xaaad,0x2abe,0010101010111110,1010101010101101,1000000000010011
0x92ac,0x12bd,0001001010111101,1001001010101100,1000000000010001
0x7cab,0xfcbb,1111110010111011,0111110010101011,1000000000010000
0x6aaa,0xeaba,1110101010111010,0110101010101010,1000000000010000
0x52a9,0xd2b9,1101001010111001,0101001010101001,1000000000010000
0x40a8,0xc0b8,1100000010111000,0100000010101000,1000000000010000
0x28a7,0xa8b7,1010100010110111,0010100010100111,1000000000010000
0x12a6,0x92b6,1001001010110110,0001001010100110,1000000000010000
0xfea4,0x7eb5,0111111010110101,1111111010100100,1000000000010001
0xe8a3,0x68b4,0110100010110100,1110100010100011,1000000000010111
0xd2a2,0x52b3,0101001010110011,1101001010100010,1000000000010001
0xbea1,0x3eb2,0011111010110010,1011111010100001,1000000000010011
0xa8a0,0x28b1,0010100010110001,1010100010100000,1000000000010001
0x90bf,0x10b0,0001000010110000,1001000010111111,1000000000001111
0x7ebe,0xfeae,1111111010101110,0111111010111110,1000000000010000
0x50bd,0xd0ad,1101000010101101,0101000010111101,1000000000010000
0x3cbc,0xbcac,1011110010101100,0011110010111100,1000000000010000
0x26bb,0xa6ab,1010011010101011,0010011010111011,1000000000010000
0x10ba,0x90aa,1001000010101010,0001000010111010,1000000000010000
0xe6b8,0x66a9,0110011010101001,1110011010111000,1000000000010001
0xceb7,0x4ea8,0100111010101000,1100111010110111,1000000000011111
0xbcb6,0x3ca7,0011110010100111,1011110010110110,1000000000010001
0xa4b5,0x24a6,0010010010100110,1010010010110101,1000000000010011
0x8eb4,0x0ea5,0000111010100101,1000111010110100,1000000000010001
0x7cb3,0xfca3,1111110010100011,0111110010110011,1000000000010000
0x64b2,0xe4a2,1110010010100010,0110010010110010,1000000000010000
0x4eb1,0xcea1,1100111010100001,0100111010110001,1000000000010000
0x3ab0,0xbaa0,1011101010100000,0011101010110000,1000000000010000
0x248f,0xa49e,1010010010011110,0010010010001111,1000000000010001
0x0c8e,0x8c9d,1000110010011101,0000110010001110,1000000000010011
0xfb0c,0x7b1c,0111101100011100,1111101100001100,1000000000010000
0xe48b,0x649b,0110010010011011,1110010010001011,1000000000010000
0xcc8a,0x4c9a,0100110010011010,1100110010001010,1000000000010000
0xb689,0x3699,0011011010011001,1011011010001001,1000000000010000
0xa288,0x2298,0010001010011000,1010001010001000,1000000000010000
0x8c87,0x0c97,0000110010010111,1000110010000111,1000000000010000
0x7506,0xf515,1111010100010101,0111010100000110,1000000000010011
0x5f05,0xdf14,1101111100010100,0101111100000101,1000000000010001
0x4d04,0xcd13,1100110100010011,0100110100000100,1000000000010111
0x3483,0xb492,1011010010010010,0011010010000011,1000000000010001
0x1e82,0x9e91,1001111010010001,0001111010000010,1000000000010011
0x0a81,0x8a90,1000101010010000,0000101010000001,1000000000010001
0xf49f,0x748f,0111010010001111,1111010010011111,1000000000010000
0xdd1e,0x5d0e,0101110100001110,1101110100011110,1000000000010000
0xc71d,0x470d,0100011100001101,1100011100011101,1000000000010000
0xb49c,0x348c,0011010010001100,1011010010011100,1000000000010000
0x9d1b,0x1d0b,0001110100001011,1001110100011011,1000000000010000
0x871a,0x070a,0000011100001010,1000011100011010,1000000000010000
0x7519,0xf508,1111010100001000,0111010100011001,1000000000010001
0x5d18,0xdd07,1101110100000111,0101110100011000,1000000000011111
0x4717,0xc706,1100011100000110,0100011100010111,1000000000010001
0x2f16,0xaf05,1010111100000101,0010111100010110,1000000000010011
0x1d15,0x9d04,1001110100000100,0001110100010101,1000000000010001
0x0714,0x8703,1000011100000011,0000011100010100,1000000000010111
0xee92,0x6e82,0110111010000010,1110111010010010,1000000000010000
0xd891,0x5881,0101100010000001,1101100010010001,1000000000010000
0xc090,0x4080,0100000010000000,1100000010010000,1000000000010000
0xae6f,0x2e7f,0010111001111111,1010111001101111,1000000000010000
0x986e,0x187e,0001100001111110,1001100001101110,1000000000010000
0x806d,0x007d,0000000001111101,1000000001101101,1000000000010000
0x6e6c,0xee7b,1110111001111011,0110111001101100,1000000000010111
0x566b,0xd67a,1101011001111010,0101011001101011,1000000000010001
0x406a,0xc079,1100000001111001,0100000001101010,1000000000010011
0x2869,0xa878,1010100001111000,0010100001101001,1000000000010001
0x1268,0x9277,1001001001110111,0001001001101000,1000000000011111
0xfc66,0x7c76,0111110001110110,1111110001100110,1000000000010000
0x3d2a,0xbd39,1011110100111001,0011110100101010,1000000000010011
0x0010,0x6ecc,0110111011001100,0000000000010000,0110111011011100
