0x0000,0x7f3e,0111111100111110,0000000000000000,0111111100111110
0x55a6,0xd5a4,1101010110100100,0101010110100110,1000000000000010
0x0000,0x7f3e,0111111100111110,0000000000000000,0111111100111110
0x3fa5,0xbfa3,1011111110100011,0011111110100101,1000000000000110
0x29a4,0xa9a2,1010100110100010,0010100110100100,1000000000000110
0x19a3,0x99a1,1001100110100001,0001100110100011,1000000000000010
0x03a2,0x83a0,1000001110100000,0000001110100010,1000000000000010
0xefa0,0x6f9f,0110111110011111,1110111110100000,1000000000111111
0xd99f,0x599e,0101100110011110,1101100110011111,1000000000000001
0xc59e,0x459d,0100010110011101,1100010110011110,1000000000000011
0xaf9d,0x2f9c,0010111110011100,1010111110011101,1000000000000001
0x9b9c,0x1b9b,0001101110011011,1001101110011100,1000000000000111
0x899b,0x099a,0000100110011010,1000100110011011,1000000000000001
0x739a,0xf398,1111001110011000,0111001110011010,1000000000000010
0x5f99,0xdf97,1101111110010111,0101111110011001,1000000000001110
0x4998,0xc996,1100100110010110,0100100110011000,1000000000001110
0x3597,0xb595,1011010110010101,0011010110010111,1000000000000010
0x1f96,0x9f94,1001111110010100,0001111110010110,1000000000000010
0x0b95,0x8b93,1000101110010011,0000101110010101,1000000000000110
0xf993,0x7994,0111100110010100,1111100110010011,1000000000000111
0xe592,0x6593,0110010110010011,1110010110010010,1000000000000001
0xcf91,0x4f92,0100111110010010,1100111110010001,1000000000000011
0xbb90,0x3b91,0011101110010001,1011101110010000,1000000000000001
0x918f,0x1190,0001000110010000,1001000110001111,1000000000011111
0x7b8e,0xfb8e,1111101110001110,0111101110001110,1000000000000000
0x678d,0xe78d,1110011110001101,0110011110001101,1000000000000000
0x518c,0xd18c,1101000110001100,0101000110001100,1000000000000000
0x3d8b,0xbd8b,1011110110001011,0011110110001011,1000000000000000
0x278a,0xa78a,1010011110001010,0010011110001010,1000000000000000
0x1409,0x9409,1001010000001001,0001010000001001,1000000000000000
0x0408,0x8408,1000010000001000,0000010000001000,1000000000000000
0xf006,0x7007,0111000000000111,1111000000000110,1000000000000001
0xc685,0x4686,0100011010000110,1100011010000101,1000000000000011
0x9e84,0x1e83,0001111010000011,1001111010000100,1000000000000111
0x8883,0x0882,0000100010000010,1000100010000011,1000000000000001
0x7482,0xf480,1111010010000000,0111010010000010,1000000000000010
0x6081,0xe07f,1110000001111111,0110000010000001,1000000011111110
0x4c80,0xcc7e,1100110001111110,0100110010000000,1000000011111110
0x367f,0xb67d,1011011001111101,0011011001111111,1000000000000010
0x227e,0xa27c,1010001001111100,0010001001111110,1000000000000010
0x0e7d,0x8e7b,1000111001111011,0000111001111101,1000000000000110
0xfa7b,0x7a7a,0111101001111010,1111101001111011,1000000000000001
0xd07a,0x5079,0101000001111001,1101000001111010,1000000000000011
0xbc79,0x3c78,0011110001111000,1011110001111001,1000000000000001
0xa878,0x2877,0010100001110111,1010100001111000,1000000000001111
0x9477,0x1476,0001010001110110,1001010001110111,1000000000000001
0x7e76,0xfe74,1111111001110100,0111111001110110,1000000000000010
0x6a75,0xea75,1110101001110101,0110101001110101,1000000000000000
0x5674,0xd674,1101011001110100,0101011001110100,1000000000000000
0x4273,0xc273,1100001001110011,0100001001110011,1000000000000000
0x2e72,0xae72,1010111001110010,0010111001110010,1000000000000000
0x1871,0x9871,1001100001110001,0001100001110001,1000000000000000
0x0470,0x8470,1000010001110000,0000010001110000,1000000000000000
0xf06e,0x706f,0111000001101111,1111000001101110,1000000000000001
0xdc6d,0x5c6e,0101110001101110,1101110001101101,1000000000000011
0xc86c,0x486d,0100100001101101,1100100001101100,1000000000000001
0xb26b,0x326c,0011001001101100,1011001001101011,1000000000000111
0x8a6a,0x0a6b,0000101001101011,1000101001101010,1000000000000001
0x7269,0xf269,1111001001101001,0111001001101001,1000000000000000
0x6068,0xe068,1110000001101000,0110000001101000,1000000000000000
0x4867,0xc867,1100100001100111,0100100001100111,1000000000000000
0x3466,0xb466,1011010001100110,0011010001100110,1000000000000000
0x2065,0xa063,1010000001100011,0010000001100101,1000000000000110
0x0a64,0x8a62,1000101001100010,0000101001100100,1000000000000110
0xf5e2,0x75e1,0111010111100001,1111010111100010,1000000000000011
0xe1e1,0x61e0,0110000111100000,1110000111100001,1000000000000001
0xcde0,0x4ddf,0100110111011111,1100110111100000,1000000000111111
0xb7df,0x37de,0011011111011110,1011011111011111,1000000000000001
0xa3de,0x23dd,0010001111011101,1010001111011110,1000000000000011
0x8fdd,0x0fdc,0000111111011100,1000111111011101,1000000000000001
0x7bdc,0xfbda,1111101111011010,0111101111011100,1000000000000110
0x65db,0xe5d9,1110010111011001,0110010111011011,1000000000000010
0x4e5a,0xce58,1100111001011000,0100111001011010,1000000000000010
0x3a59,0xba57,1011101001010111,0011101001011001,1000000000001110
0x2658,0xa656,1010011001010110,0010011001011000,1000000000001110
0x1057,0x9055,1001000001010101,0001000001010111,1000000000000010
0xfc55,0x7c54,0111110001010100,1111110001010101,1000000000000001
0xe854,0x6853,0110100001010011,1110100001010100,1000000000000111
0xd453,0x5454,0101010001010100,1101010001010011,1000000000000111
0xba52,0x3a53,0011101001010011,1011101001010010,1000000000000001
0xa651,0x2652,0010011001010010,1010011001010001,1000000000000011
0x9250,0x1251,0001001001010001,1001001001010000,1000000000000001
0x7e4f,0xfe4f,1111111001001111,0111111001001111,1000000000000000
0x6a4e,0xea4e,1110101001001110,0110101001001110,1000000000000000
0x53cd,0xd3cd,1101001111001101,0101001111001101,1000000000000000
0x3f4c,0xbf4c,1011111101001100,0011111101001100,1000000000000000
0x294b,0xa94b,1010100101001011,0010100101001011,1000000000000000
0x0eca,0x8eca,1000111011001010,0000111011001010,1000000000000000
0xfac8,0x7ac9,0111101011001001,1111101011001000,1000000000000001
0xe547,0x6548,0110010101001000,1110010101000111,1000000000001111
0xd1c6,0x51c7,0101000111000111,1101000111000110,1000000000000001
0xbdc5,0x3dc6,0011110111000110,1011110111000101,1000000000000011
0xaa44,0x2a45,0010101001000101,1010101001000100,1000000000000001
0x9243,0x1242,0001001001000010,1001001001000011,1000000000000001
0x7ec2,0xfec0,1111111011000000,0111111011000010,1000000000000010
0x6ac1,0xeabf,1110101010111111,0110101011000001,1000000001111110
0x56c0,0xd6be,1101011010111110,0101011011000000,1000000001111110
0x3f3f,0xbf3d,1011111100111101,0011111100111111,1000000000000010
0x2b3e,0xab3c,1010101100111100,0010101100111110,1000000000000010
0x173d,0x973b,1001011100111011,0001011100111101,1000000000000110
0x053c,0x853a,1000010100111010,0000010100111100,1000000000000110
0xf1ba,0x71b9,0111000110111001,1111000110111010,1000000000000011
0xc7b9,0x47b8,0100011110111000,1100011110111001,1000000000000001
0xb3b8,0x33b7,0011001110110111,1011001110111000,1000000000001111
0x9fb7,0x1fb6,0001111110110110,1001111110110111,1000000000000001
0x8a36,0x0a35,0000101000110101,1000101000110110,1000000000000011
0x7635,0xf633,1111011000110011,0111011000110101,1000000000000110
0x5034,0xd034,1101000000110100,0101000000110100,1000000000000000
0x3e33,0xbe33,1011111000110011,0011111000110011,1000000000000000
0x2832,0xa832,1010100000110010,0010100000110010,1000000000000000
0x02b1,0x82b1,1000001010110001,0000001010110001,1000000000000000
0xf0af,0x70b0,0111000010110000,1111000010101111,1000000000011111
0xd8ae,0x58af,0101100010101111,1101100010101110,1000000000000001
0xb52d,0x352e,0011010100101110,1011010100101101,1000000000000011
0x8d2c,0x0d2d,0000110100101101,1000110100101100,1000000000000001
0x672b,0xe72b,1110011100101011,0110011100101011,1000000000000000
0x552a,0xd52a,1101010100101010,0101010100101010,1000000000000000
0x3f29,0xbf27,1011111100100111,0011111100101001,1000000000001110
0x2d28,0xad26,1010110100100110,0010110100101000,1000000000001110
0x0727,0x8725,1000011100100101,0000011100100111,1000000000000010
0xdf25,0x5f24,0101111100100100,1101111100100101,1000000000000001
0xcda4,0x4da3,0100110110100011,1100110110100100,1000000000000111
0xb7a3,0x37a2,0011011110100010,1011011110100011,1000000000000001
0xa5a2,0x25a1,0010010110100001,1010010110100010,1000000000000011
0x93a1,0x13a0,0001001110100000,1001001110100001,1000000000000001
0x6ba0,0xeb9e,1110101110011110,0110101110100000,1000000000111110
0x599f,0xd99d,1101100110011101,0101100110011111,1000000000000010
0x481e,0xc81c,1100100000011100,0100100000011110,1000000000000010
0x381d,0xb81b,1011100000011011,0011100000011101,1000000000000110
0x229c,0xa29c,1010001010011100,0010001010011100,1000000000000000
0x009b,0x809b,1000000010011011,0000000010011011,1000000000000000
0xea99,0x6a9a,0110101010011010,1110101010011001,1000000000000011
0xd898,0x5899,0101100010011001,1101100010011000,1000000000000001
0xc897,0x4898,0100100010011000,1100100010010111,1000000000001111
0xb296,0x3297,0011001010010111,1011001010010110,1000000000000001
0xa095,0x2096,0010000010010110,1010000010010101,1000000000000011
0x8e94,0x0e95,0000111010010101,1000111010010100,1000000000000001
0x7a93,0xfa93,1111101010010011,0111101010010011,1000000000000000
0x6892,0xe892,1110100010010010,0110100010010010,1000000000000000
0x5691,0xd691,1101011010010001,0101011010010001,1000000000000000
0x3090,0xb090,1011000010010000,0011000010010000,1000000000000000
0x1e8f,0x9e8f,1001111010001111,0001111010001111,1000000000000000
0x0e8e,0x8e8c,1000111010001100,0000111010001110,1000000000000010
0xe68c,0x668b,0110011010001011,1110011010001100,1000000000000111
0xd48b,0x548a,0101010010001010,1101010010001011,1000000000000001
0xc08a,0x4089,0100000010001001,1100000010001010,1000000000000011
0x9c89,0x1c88,0001110010001000,1001110010001001,1000000000000001
0x7688,0xf686,1111011010000110,0111011010001000,1000000000001110
0x6487,0xe485,1110010010000101,0110010010000111,1000000000000010
0x5086,0xd084,1101000010000100,0101000010000110,1000000000000010
0x3e85,0xbe83,1011111010000011,0011111010000101,1000000000000110
0x2e84,0xae82,1010111010000010,0010111010000100,1000000000000110
0x1883,0x9881,1001100010000001,0001100010000011,1000000000000010
0x0682,0x8680,1000011010000000,0000011010000010,1000000000000010
0xf680,0x7681,0111011010000001,1111011010000000,1000000000000001
0xe47f,0x6480,0110010010000000,1110010001111111,1000000011111111
0xce7e,0x4e7f,0100111001111111,1100111001111110,1000000000000001
0xbe7d,0x3e7e,0011111001111110,1011111001111101,1000000000000011
0x987c,0x187d,0001100001111101,1001100001111100,1000000000000001
0x86fb,0x06fc,0000011011111100,1000011011111011,1000000000000111
0x74fa,0xf4fa,1111010011111010,0111010011111010,1000000000000000
0x4ef9,0xcef9,1100111011111001,0100111011111001,1000000000000000
0x3ef8,0xbef8,1011111011111000,0011111011111000,1000000000000000
0x28f7,0xa8f7,1010100011110111,0010100011110111,1000000000000000
0x18f6,0x98f6,1001100011110110,0001100011110110,1000000000000000
0x06f5,0x86f5,1000011011110101,0000011011110101,1000000000000000
0xf2f3,0x72f4,0111001011110100,1111001011110011,1000000000000111
0xe0f2,0x60f1,0110000011110001,1110000011110010,1000000000000011
0xbaf1,0x3af0,0011101011110000,1011101011110001,1000000000000001
0x98f0,0x18ef,0001100011101111,1001100011110000,1000000000011111
0x84ef,0x04ee,0000010011101110,1000010011101111,1000000000000001
0x72ee,0xf2ec,1111001011101100,0111001011101110,1000000000000010
0x5eed,0xdeeb,1101111011101011,0101111011101101,1000000000000110
0x4cec,0xccea,1100110011101010,0100110011101100,1000000000000110
0x3ceb,0xbce9,1011110011101001,0011110011101011,1000000000000010
0x26ea,0xa6e8,1010011011101000,0010011011101010,1000000000000010
0x0469,0x8467,1000010001100111,0000010001101001,1000000000001110
0xee67,0x6e66,0110111001100110,1110111001100111,1000000000000001
0xde66,0x5e65,0101111001100101,1101111001100110,1000000000000011
0xb5e5,0x35e6,0011010111100110,1011010111100101,1000000000000011
0xa3e4,0x23e5,0010001111100101,1010001111100100,1000000000000001
0x91e3,0x11e4,0001000111100100,1001000111100011,1000000000000111
0x6be2,0xebe2,1110101111100010,0110101111100010,1000000000000000
0x43e1,0xc3e1,1100001111100001,0100001111100001,1000000000000000
0x31e0,0xb1e0,1011000111100000,0011000111100000,1000000000000000
0x21df,0xa1df,1010000111011111,0010000111011111,1000000000000000
0xf9dd,0x79de,0111100111011110,1111100111011101,1000000000000011
0xe3dc,0x63dd,0110001111011101,1110001111011100,1000000000000001
0xd1db,0x51dc,0101000111011100,1101000111011011,1000000000000111
0xc1da,0x41d9,0100000111011001,1100000111011010,1000000000000011
0xabd9,0x2bd8,0010101111011000,1010101111011001,1000000000000001
0x99d8,0x19d7,0001100111010111,1001100111011000,1000000000001111
0x87d7,0x07d6,0000011111010110,1000011111010111,1000000000000001
0x73d6,0xf3d4,1111001111010100,0111001111010110,1000000000000010
0x61d5,0xe1d3,1110000111010011,0110000111010101,1000000000000110
0x4fd4,0xcfd2,1100111111010010,0100111111010100,1000000000000110
0x3c53,0xbc51,1011110001010001,0011110001010011,1000000000000010
0x2a52,0xaa50,1010101001010000,0010101001010010,1000000000000010
0x0251,0x824f,1000001001001111,0000001001010001,1000000000011110
0xee4f,0x6e4e,0110111001001110,1110111001001111,1000000000000001
0xca4e,0x4a4d,0100101001001101,1100101001001110,1000000000000011
0xb64d,0x364c,0011011001001100,1011011001001101,1000000000000001
0xa44c,0x244d,0010010001001101,1010010001001100,1000000000000001
0x944b,0x144c,0001010001001100,1001010001001011,1000000000000111
0x7e4a,0xfe4a,1111111001001010,0111111001001010,1000000000000000
0x6c49,0xec49,1110110001001001,0110110001001001,1000000000000000
0x5848,0xd848,1101100001001000,0101100001001000,1000000000000000
0x4647,0xc647,1100011001000111,0100011001000111,1000000000000000
0x3646,0xb646,1011011001000110,0011011001000110,1000000000000000
0x2045,0xa045,1010000001000101,0010000001000101,1000000000000000
0x1044,0x9044,1001000001000100,0001000001000100,1000000000000000
0xfe42,0x7e43,0111111001000011,1111111001000010,1000000000000001
0xea41,0x6a42,0110101001000010,1110101001000001,1000000000000011
0xd840,0x5841,0101100001000001,1101100001000000,1000000000000001
0xc43f,0x4440,0100010001000000,1100010000111111,1000000001111111
0xb23e,0x323f,0011001000111111,1011001000111110,1000000000000001
0x9e3d,0x1e3c,0001111000111100,1001111000111101,1000000000000001
0x8c3c,0x0c3b,0000110000111011,1000110000111100,1000000000000111
0x7c3b,0xfc39,1111110000111001,0111110000111011,1000000000000010
0x663a,0xe638,1110011000111000,0110011000111010,1000000000000010
0x5639,0xd637,1101011000110111,0101011000111001,1000000000001110
0x4238,0xc236,1100001000110110,0100001000111000,1000000000001110
0x3037,0xb035,1011000000110101,0011000000110111,1000000000000010
0x2036,0xa034,1010000000110100,0010000000110110,1000000000000010
0x0c35,0x8c33,1000110000110011,0000110000110101,1000000000000110
0xfa33,0x7a32,0111101000110010,1111101000110011,1000000000000001
0xea32,0x6a31,0110101000110001,1110101000110010,1000000000000011
0xd431,0x5430,0101010000110000,1101010000110001,1000000000000001
0xc430,0x442f,0100010000101111,1100010000110000,1000000000011111
0xb02f,0x302e,0011000000101110,1011000000101111,1000000000000001
0x9e2e,0x1e2d,0001111000101101,1001111000101110,1000000000000011
0x8a2d,0x0a2e,0000101000101110,1000101000101101,1000000000000011
0x7a2c,0xfa2c,1111101000101100,0111101000101100,1000000000000000
0x682b,0xe82b,1110100000101011,0110100000101011,1000000000000000
0x542a,0xd42a,1101010000101010,0101010000101010,1000000000000000
0x4429,0xc429,1100010000101001,0100010000101001,1000000000000000
0x2e28,0xae28,1010111000101000,0010111000101000,1000000000000000
0x1e27,0x9e27,1001111000100111,0001111000100111,1000000000000000
0x0e26,0x8e26,1000111000100110,0000111000100110,1000000000000000
0xf824,0x7825,0111100000100101,1111100000100100,1000000000000001
0xe823,0x6824,0110100000100100,1110100000100011,1000000000000111
0xd422,0x5423,0101010000100011,1101010000100010,1000000000000001
0xc221,0x4222,0100001000100010,1100001000100001,1000000000000011
0xae20,0x2e21,0010111000100001,1010111000100000,1000000000000001
0x9e1f,0x1e20,0001111000100000,1001111000011111,1000000000111111
0x8c1e,0x0c1f,0000110000011111,1000110000011110,1000000000000001
0x781d,0xf81b,1111100000011011,0111100000011101,1000000000000110
0x681c,0xe81a,1110100000011010,0110100000011100,1000000000000110
0x521b,0xd219,1101001000011001,0101001000011011,1000000000000010
0x421a,0xc218,1100001000011000,0100001000011010,1000000000000010
0x3219,0xb217,1011001000010111,0011001000011001,1000000000001110
0x1c18,0x9c16,1001110000010110,0001110000011000,1000000000001110
0x0c17,0x8c15,1000110000010101,0000110000010111,1000000000000010
0xf815,0x7814,0111100000010100,1111100000010101,1000000000000001
0xe614,0x6613,0110011000010011,1110011000010100,1000000000000111
0xd213,0x5212,0101001000010010,1101001000010011,1000000000000001
0xc212,0x4211,0100001000010001,1100001000010010,1000000000000011
0xb011,0x3010,0011000000010000,1011000000010001,1000000000000001
0x9c10,0x1c0f,0001110000001111,1001110000010000,1000000000011111
0x8c8f,0x0c8e,0000110010001110,1000110010001111,1000000000000001
0x768e,0xf68e,1111011010001110,0111011010001110,1000000000000000
0x668d,0xe68d,1110011010001101,0110011010001101,1000000000000000
0x568c,0xd68c,1101011010001100,0101011010001100,1000000000000000
0x408b,0xc08b,1100000010001011,0100000010001011,1000000000000000
0x2c8a,0xac8a,1010110010001010,0010110010001010,1000000000000000
0x1c89,0x9c89,1001110010001001,0001110010001001,1000000000000000
0x0a88,0x8a88,1000101010001000,0000101010001000,1000000000000000
0xf686,0x7687,0111011010000111,1111011010000110,1000000000000001
0xe685,0x6686,0110011010000110,1110011010000101,1000000000000011
0xd284,0x5285,0101001010000101,1101001010000100,1000000000000001
0xc083,0x4084,0100000010000100,1100000010000011,1000000000000111
0xb082,0x3083,0011000010000011,1011000010000010,1000000000000001
0x9c81,0x1c82,0001110010000010,1001110010000001,1000000000000011
0x8c80,0x0c81,0000110010000001,1000110010000000,1000000000000001
0x767f,0xf67d,1111011001111101,0111011001111111,1000000000000010
0x667e,0xe67c,1110011001111100,0110011001111110,1000000000000010
0x527d,0xd27b,1101001001111011,0101001001111101,1000000000000110
0x427c,0xc27a,1100001001111010,0100001001111100,1000000000000110
0x327b,0xb279,1011001001111001,0011001001111011,1000000000000010
0x1e7a,0x9e78,1001111001111000,0001111001111010,1000000000000010
0x0e79,0x8e77,1000111001110111,0000111001111001,1000000000001110
0xfa77,0x7a76,0111101001110110,1111101001110111,1000000000000001
0xea76,0x6a75,0110101001110101,1110101001110110,1000000000000011
0xd475,0x5474,0101010001110100,1101010001110101,1000000000000001
0xc474,0x4473,0100010001110011,1100010001110100,1000000000000111
0xb0f3,0x30f2,0011000011110010,1011000011110011,1000000000000001
0xa0f2,0x20f1,0010000011110001,1010000011110010,1000000000000011
0x90f1,0x10f0,0001000011110000,1001000011110001,1000000000000001
0x7cf0,0xfcee,1111110011101110,0111110011110000,1000000000011110
0x6eef,0xeeef,1110111011101111,0110111011101111,1000000000000000
0x5aee,0xdaee,1101101011101110,0101101011101110,1000000000000000
0x4aed,0xcaed,1100101011101101,0100101011101101,1000000000000000
0x3aec,0xbaec,1011101011101100,0011101011101100,1000000000000000
0x26eb,0xa6eb,1010011011101011,0010011011101011,1000000000000000
0x16ea,0x96ea,1001011011101010,0001011011101010,1000000000000000
0x02e9,0x82e9,1000001011101001,0000001011101001,1000000000000000
0xf2e7,0x72e8,0111001011101000,1111001011100111,1000000000001111
0xdee6,0x5ee7,0101111011100111,1101111011100110,1000000000000001
0xcee5,0x4ee6,0100111011100110,1100111011100101,1000000000000011
0xbce4,0x3ce5,0011110011100101,1011110011100100,1000000000000001
0xace3,0x2ce4,0010110011100100,1010110011100011,1000000000000111
0x9ce2,0x1ce3,0001110011100011,1001110011100010,1000000000000001
0x88e1,0x08e2,0000100011100010,1000100011100001,1000000000000011
0x78e0,0xf8de,1111100011011110,0111100011100000,1000000000111110
0x66df,0xe6dd,1110011011011101,0110011011011111,1000000000000010
0x56de,0xd6dc,1101011011011100,0101011011011110,1000000000000010
0x42dd,0xc2db,1100001011011011,0100001011011101,1000000000000110
0x32dc,0xb2da,1011001011011010,0011001011011100,1000000000000110
0x24db,0xa4d9,1010010011011001,0010010011011011,1000000000000010
0x10da,0x90d8,1001000011011000,0001000011011010,1000000000000010
0x00d9,0x80d7,1000000011010111,0000000011011001,1000000000001110
0xeed7,0x6ed6,0110111011010110,1110111011010111,1000000000000001
0xdf56,0x5f55,0101111101010101,1101111101010110,1000000000000011
0xcd55,0x4d54,0100110101010100,1100110101010101,1000000000000001
0xbd54,0x3d53,0011110101010011,1011110101010100,1000000000000111
0xab53,0x2b52,0010101101010010,1010101101010011,1000000000000001
0x9b52,0x1b51,0001101101010001,1001101101010010,1000000000000011
0x8b51,0x0b50,0000101101010000,1000101101010001,1000000000000001
0x7950,0xf950,1111100101010000,0111100101010000,1000000000000000
0x6b4f,0xeb4f,1110101101001111,0110101101001111,1000000000000000
0x574e,0xd74e,1101011101001110,0101011101001110,1000000000000000
0x494d,0xc94d,1100100101001101,0100100101001101,1000000000000000
0x394c,0xb94c,1011100101001100,0011100101001100,1000000000000000
0x274b,0xa74b,1010011101001011,0010011101001011,1000000000000000
0x194a,0x994a,1001100101001010,0001100101001010,1000000000000000
0x0549,0x8549,1000010101001001,0000010101001001,1000000000000000
0xf747,0x7748,0111011101001000,1111011101000111,1000000000001111
0xe546,0x6547,0110010101000111,1110010101000110,1000000000000001
0xd545,0x5546,0101010101000110,1101010101000101,1000000000000011
0xc744,0x4745,0100011101000101,1100011101000100,1000000000000001
0xb543,0x3544,0011010101000100,1011010101000011,1000000000000111
0xa542,0x2543,0010010101000011,1010010101000010,1000000000000001
0x9341,0x1340,0001001101000000,1001001101000001,1000000000000001
0x8540,0x053f,0000010100111111,1000010101000000,1000000001111111
0x753f,0xf53d,1111010100111101,0111010100111111,1000000000000010
0x633e,0xe33c,1110001100111100,0110001100111110,1000000000000010
0x533d,0xd33b,1101001100111011,0101001100111101,1000000000000110
0x44bc,0xc4ba,1100010010111010,0100010010111100,1000000000000110
0x313b,0xb139,1011000100111001,0011000100111011,1000000000000010
0x233a,0xa338,1010001100111000,0010001100111010,1000000000000010
0x11b9,0x91b7,1001000110110111,0001000110111001,1000000000001110
0x0338,0x8336,1000001100110110,0000001100111000,1000000000001110
0xef36,0x6f35,0110111100110101,1110111100110110,1000000000000011
0xe135,0x6134,0110000100110100,1110000100110101,1000000000000001
0xd334,0x5333,0101001100110011,1101001100110100,1000000000000111
0xc1b3,0x41b2,0100000110110010,1100000110110011,1000000000000001
0xb3b2,0x33b1,0011001110110001,1011001110110010,1000000000000011
0xa1b1,0x21b2,0010000110110010,1010000110110001,1000000000000011
0x93b0,0x13b1,0001001110110001,1001001110110000,1000000000000001
0x85af,0x05b0,0000010110110000,1000010110101111,1000000000011111
0x73ae,0xf3ae,1111001110101110,0111001110101110,1000000000000000
0x662c,0xe62d,1110011000101101,0110011000101100,1000000000000001
0x582b,0xd82c,1101100000101100,0101100000101011,1000000000000111
0x462a,0xc62b,1100011000101011,0100011000101010,1000000000000001
0x3829,0xb82a,1011100000101010,0011100000101001,1000000000000011
0x2a28,0xaa29,1010101000101001,0010101000101000,1000000000000001
0x1827,0x9828,1001100000101000,0001100000100111,1000000000001111
0x0a26,0x8a27,1000101000100111,0000101000100110,1000000000000001
0xf824,0x7826,0111100000100110,1111100000100100,1000000000000010
0xea23,0x6a25,0110101000100101,1110101000100011,1000000000000110
0xd822,0x5824,0101100000100100,1101100000100010,1000000000000110
0xcaa1,0x4aa1,0100101010100001,1100101010100001,1000000000000000
0xb9a1,0x39a0,0011100110100000,1011100110100001,1000000000000001
0xa7a0,0x279f,0010011110011111,1010011110100000,1000000000111111
0x979f,0x179e,0001011110011110,1001011110011111,1000000000000001
0x891e,0x091d,0000100100011101,1000100100011110,1000000000000011
0x751d,0xf51b,1111010100011011,0111010100011101,1000000000000110
0x671c,0xe71a,1110011100011010,0110011100011100,1000000000000110
0x591b,0xd919,1101100100011001,0101100100011011,1000000000000010
0x459a,0xc598,1100010110011000,0100010110011010,1000000000000010
0x3799,0xb797,1011011110010111,0011011110011001,1000000000001110
0x2798,0xa796,1010011110010110,0010011110011000,1000000000001110
0x1616,0x9615,1001011000010101,0001011000010110,1000000000000011
0x0815,0x8814,1000100000010100,0000100000010101,1000000000000001
0xf813,0x7813,0111100000010011,1111100000010011,1000000000000000
0xe692,0x6692,0110011010010010,1110011010010010,1000000000000000
0xd891,0x5893,0101100010010011,1101100010010001,1000000000000010
0xc690,0x4692,0100011010010010,1100011010010000,1000000000000010
0xb68f,0x3691,0011011010010001,1011011010001111,1000000000011110
0xa88e,0x2890,0010100010010000,1010100010001110,1000000000011110
0x968d,0x168f,0001011010001111,1001011010001101,1000000000000010
0x890c,0x090e,0000100100001110,1000100100001100,1000000000000010
0x7b0b,0xfb0c,1111101100001100,0111101100001011,1000000000000111
0x698a,0xe98b,1110100110001011,0110100110001010,1000000000000001
0x5b89,0xdb8a,1101101110001010,0101101110001001,1000000000000011
0x4d88,0xcd89,1100110110001001,0100110110001000,1000000000000001
0x3c07,0xbc08,1011110000001000,0011110000000111,1000000000001111
0x3006,0xb007,1011000000000111,0011000000000110,1000000000000001
0x2285,0xa286,1010001010000110,0010001010000101,1000000000000011
0x1284,0x9285,1001001010000101,0001001010000100,1000000000000001
0x0503,0x8504,1000010100000100,0000010100000011,1000000000000111
0xf901,0x7901,0111100100000001,1111100100000001,1000000000000000
0xe700,0x6700,0110011100000000,1110011100000000,1000000000000000
0xdaff,0x5aff,0101101011111111,1101101011111111,1000000000000000
0xccfe,0x4cfe,0100110011111110,1100110011111110,1000000000000000
0xbcfd,0x3cfd,0011110011111101,1011110011111101,1000000000000000
0xb0fc,0x30fc,0011000011111100,1011000011111100,1000000000000000
0xa2fb,0x22fb,0010001011111011,1010001011111011,1000000000000000
0x96fa,0x16fa,0001011011111010,1001011011111010,1000000000000000
0x86f9,0x06f9,0000011011111001,1000011011111001,1000000000000000
0x78f8,0xf8f7,1111100011110111,0111100011111000,1000000000001111
0x6cf7,0xecf6,1110110011110110,0110110011110111,1000000000000001
0x5cf6,0xdcf5,1101110011110101,0101110011110110,1000000000000011
0x4ef5,0xcef4,1100111011110100,0100111011110101,1000000000000001
0x42f4,0xc2f3,1100001011110011,0100001011110100,1000000000000111
0x32f3,0xb2f2,1011001011110010,0011001011110011,1000000000000001
0x26f2,0xa6f3,1010011011110011,0010011011110010,1000000000000001
0x18f1,0x98f2,1001100011110010,0001100011110001,1000000000000011
0x0cf0,0x8cf1,1000110011110001,0000110011110000,1000000000000001
0xfcee,0x7cf0,0111110011110000,1111110011101110,1000000000011110
0xf0ed,0x70ef,0111000011101111,1111000011101101,1000000000000010
0xe4ec,0x64ee,0110010011101110,1110010011101100,1000000000000010
0xd8eb,0x58ed,0101100011101101,1101100011101011,1000000000000110
0xc8ea,0x48ec,0100100011101100,1100100011101010,1000000000000110
0xbce9,0x3ceb,0011110011101011,1011110011101001,1000000000000010
0xb0e8,0x30ea,0011000011101010,1011000011101000,1000000000000010
0xa4e7,0x24e9,0010010011101001,1010010011100111,1000000000001110
0x94e6,0x14e8,0001010011101000,1001010011100110,1000000000001110
0x88e5,0x08e7,0000100011100111,1000100011100101,1000000000000010
0x7ce4,0xfce5,1111110011100101,0111110011100100,1000000000000001
0x6d63,0xed64,1110110101100100,0110110101100011,1000000000000111
0x6162,0xe161,1110000101100001,0110000101100010,1000000000000011
0x5561,0xd560,1101010101100000,0101010101100001,1000000000000001
0x4960,0xc95f,1100100101011111,0100100101100000,1000000000111111
0x3f5f,0xbf5e,1011111101011110,0011111101011111,1000000000000001
0x2f5e,0xaf5d,1010111101011101,0010111101011110,1000000000000011
0x235d,0xa35c,1010001101011100,0010001101011101,1000000000000001
0x175c,0x975b,1001011101011011,0001011101011100,1000000000000111
0x0b5b,0x8b5a,1000101101011010,0000101101011011,1000000000000001
0x015a,0x8159,1000000101011001,0000000101011010,1000000000000011
0xf158,0x7158,0111000101011000,1111000101011000,1000000000000000
0xe557,0x6557,0110010101010111,1110010101010111,1000000000000000
0xd956,0x5956,0101100101010110,1101100101010110,1000000000000000
0xcf55,0x4f55,0100111101010101,1100111101010101,1000000000000000
0xc354,0x4354,0100001101010100,1100001101010100,1000000000000000
0xb353,0x3353,0011001101010011,1011001101010011,1000000000000000
0xa752,0x2754,0010011101010100,1010011101010010,1000000000000110
0x9d51,0x1d53,0001110101010011,1001110101010001,1000000000000010
0x9150,0x1152,0001000101010010,1001000101010000,1000000000000010
0x854f,0x0551,0000010101010001,1000010101001111,1000000000011110
0x7b4e,0xfb4f,1111101101001111,0111101101001110,1000000000000001
0x6b4d,0xeb4e,1110101101001110,0110101101001101,1000000000000011
0x5f4c,0xdf4d,1101111101001101,0101111101001100,1000000000000001
0x534b,0xd34c,1101001101001100,0101001101001011,1000000000000111
0x494a,0xc94b,1100100101001011,0100100101001010,1000000000000001
0x3d49,0xbd4a,1011110101001010,0011110101001001,1000000000000011
0x3148,0xb149,1011000101001001,0011000101001000,1000000000000001
0x2347,0xa348,1010001101001000,0010001101000111,1000000000001111
0x1b46,0x9b47,1001101101000111,0001101101000110,1000000000000001
0x0b45,0x8b46,1000101101000110,0000101101000101,1000000000000011
0xff43,0x7f45,0111111101000101,1111111101000011,1000000000000110
0xf542,0x7542,0111010101000010,1111010101000010,1000000000000000
0xe941,0x6941,0110100101000001,1110100101000001,1000000000000000
0xdd40,0x5d40,0101110101000000,1101110101000000,1000000000000000
0xd13f,0x513f,0101000100111111,1101000100111111,1000000000000000
0xc73e,0x473e,0100011100111110,1100011100111110,1000000000000000
0xb73d,0x373d,0011011100111101,1011011100111101,1000000000000000
0xab3c,0x2b3c,0010101100111100,1010101100111100,1000000000000000
0x9f3b,0x1f3b,0001111100111011,1001111100111011,1000000000000000
0x953a,0x153a,0001010100111010,1001010100111010,1000000000000000
0x8939,0x0939,0000100100111001,1000100100111001,1000000000000000
0x7d38,0xfd37,1111110100110111,0111110100111000,1000000000001111
0x7137,0xf136,1111000100110110,0111000100110111,1000000000000001
0x6736,0xe735,1110011100110101,0110011100110110,1000000000000011
0x5b35,0xdb34,1101101100110100,0101101100110101,1000000000000001
0x4fb4,0xcfb3,1100111110110011,0100111110110100,1000000000000111
0x45b3,0xc5b2,1100010110110010,0100010110110011,1000000000000001
0x39b2,0xb9b3,1011100110110011,0011100110110010,1000000000000001
0x29b1,0xa9b2,1010100110110010,0010100110110001,1000000000000011
0x23b0,0xa3b1,1010001110110001,0010001110110000,1000000000000001
0x13af,0x93b0,1001001110110000,0001001110101111,1000000000011111
0x07ae,0x87af,1000011110101111,0000011110101110,1000000000000001
0xfbac,0x7bae,0111101110101110,1111101110101100,1000000000000010
0xf1ab,0x71ad,0111000110101101,1111000110101011,1000000000000110
0xe5aa,0x65ac,0110010110101100,1110010110101010,1000000000000110
0xd9a9,0x59ab,0101100110101011,1101100110101001,1000000000000010
0xcfa8,0x4faa,0100111110101010,1100111110101000,1000000000000010
0xc3a7,0x43a9,0100001110101001,1100001110100111,1000000000001110
0xb7a6,0x37a8,0011011110101000,1011011110100110,1000000000001110
0xada5,0x2da7,0010110110100111,1010110110100101,1000000000000010
0xa1a4,0x21a6,0010000110100110,1010000110100100,1000000000000010
0x95a3,0x15a5,0001010110100101,1001010110100011,1000000000000110
0x8ba2,0x0ba4,0000101110100100,1000101110100010,1000000000000110
0x7fa1,0xffa0,1111111110100000,0111111110100001,1000000000000001
0x73a0,0xf39f,1111001110011111,0111001110100000,1000000000111111
0x679f,0xe79e,1110011110011110,0110011110011111,1000000000000001
0x5d9e,0xdd9d,1101110110011101,0101110110011110,1000000000000011
0x519d,0xd19c,1101000110011100,0101000110011101,1000000000000001
0x459c,0xc59b,1100010110011011,0100010110011100,1000000000000111
0x3b9b,0xbb9a,1011101110011010,0011101110011011,1000000000000001
0x2f9a,0xaf99,1010111110011001,0010111110011010,1000000000000011
0x2399,0xa398,1010001110011000,0010001110011001,1000000000000001
0x1998,0x9997,1001100110010111,0001100110011000,1000000000001111
0x0d97,0x8d96,1000110110010110,0000110110010111,1000000000000001
0x0196,0x8195,1000000110010101,0000000110010110,1000000000000011
0xf794,0x7794,0111011110010100,1111011110010100,1000000000000000
0xef93,0x6f93,0110111110010011,1110111110010011,1000000000000000
0xe592,0x6592,0110010110010010,1110010110010010,1000000000000000
0xd991,0x5991,0101100110010001,1101100110010001,1000000000000000
0xcd90,0x4d92,0100110110010010,1100110110010000,1000000000000010
0xc38f,0x4391,0100001110010001,1100001110001111,1000000000011110
0xb78e,0x3790,0011011110010000,1011011110001110,1000000000011110
0xab8d,0x2b8f,0010101110001111,1010101110001101,1000000000000010
0xa18c,0x218e,0010000110001110,1010000110001100,1000000000000010
0x958b,0x158d,0001010110001101,1001010110001011,1000000000000110
0x8b8a,0x0b8c,0000101110001100,1000101110001010,1000000000000110
0x7f89,0xff8a,1111111110001010,0111111110001001,1000000000000011
0x7388,0xf389,1111001110001001,0111001110001000,1000000000000001
0x6d87,0xed88,1110110110001000,0110110110000111,1000000000001111
0x6186,0xe187,1110000110000111,0110000110000110,1000000000000001
0x5585,0xd586,1101010110000110,0101010110000101,1000000000000011
0x4b84,0xcb85,1100101110000101,0100101110000100,1000000000000001
0x3f83,0xbf84,1011111110000100,0011111110000011,1000000000000111
0x3382,0xb383,1011001110000011,0011001110000010,1000000000000001
0x2901,0xa902,1010100100000010,0010100100000001,1000000000000011
0x1d00,0x9cff,1001110011111111,0001110100000000,1000000111111111
0x10ff,0x90fe,1001000011111110,0001000011111111,1000000000000001
0x08fe,0x88fd,1000100011111101,0000100011111110,1000000000000011
0xfefc,0x7efc,0111111011111100,1111111011111100,1000000000000000
0xf2fb,0x72fb,0111001011111011,1111001011111011,1000000000000000
0xe6fa,0x66fa,0110011011111010,1110011011111010,1000000000000000
0xdaf9,0x5af9,0101101011111001,1101101011111001,1000000000000000
0xcef8,0x4ef8,0100111011111000,1100111011111000,1000000000000000
0xc4f7,0x44f7,0100010011110111,1100010011110111,1000000000000000
0xbcf6,0x3cf6,0011110011110110,1011110011110110,1000000000000000
0xb075,0x3075,0011000001110101,1011000001110101,1000000000000000
0xa474,0x2474,0010010001110100,1010010001110100,1000000000000000
0x9873,0x1873,0001100001110011,1001100001110011,1000000000000000
0x8c72,0x0c72,0000110001110010,1000110001110010,1000000000000000
0x8071,0x0071,0000000001110001,1000000001110001,1000000000000000
0x7670,0xf66f,1111011001101111,0111011001110000,1000000000011111
0x69ef,0xe9ee,1110100111101110,0110100111101111,1000000000000001
0x5dee,0xddef,1101110111101111,0101110111101110,1000000000000001
0x51ed,0xd1ee,1101000111101110,0101000111101101,1000000000000011
0x43ec,0xc3ed,1100001111101101,0100001111101100,1000000000000001
0x3beb,0xbbec,1011101111101100,0011101111101011,1000000000000111
0x2f6a,0xaf6b,1010111101101011,0010111101101010,1000000000000001
0x2169,0xa16a,1010000101101010,0010000101101001,1000000000000011
0x1568,0x9569,1001010101101001,0001010101101000,1000000000000001
0x0767,0x8768,1000011101101000,0000011101100111,1000000000001111
0xf965,0x7967,0111100101100111,1111100101100101,1000000000000010
0xf164,0x7166,0111000101100110,1111000101100100,1000000000000010
0xe2e3,0x62e5,0110001011100101,1110001011100011,1000000000000110
0xd4e2,0x54e4,0101010011100100,1101010011100010,1000000000000110
0xc6e1,0x46e3,0100011011100011,1100011011100001,1000000000000010
0xbce0,0x3ce2,0011110011100010,1011110011100000,1000000000000010
0xaedf,0x2ee1,0010111011100001,1010111011011111,1000000000111110
0xa0de,0x20e0,0010000011100000,1010000011011110,1000000000111110
0x92dd,0x12df,0001001011011111,1001001011011101,1000000000000010
0x84dc,0x04dc,0000010011011100,1000010011011100,1000000000000000
0x7adb,0xfada,1111101011011010,0111101011011011,1000000000000001
0x6cda,0xecd9,1110110011011001,0110110011011010,1000000000000011
0x5ed9,0xded8,1101111011011000,0101111011011001,1000000000000001
0x4ed8,0xced7,1100111011010111,0100111011011000,1000000000001111
0x44d7,0xc4d6,1100010011010110,0100010011010111,1000000000000001
0x3656,0xb655,1011011001010101,0011011001010110,1000000000000011
0x2855,0xa854,1010100001010100,0010100001010101,1000000000000001
0x1854,0x9853,1001100001010011,0001100001010100,1000000000000111
0x0a53,0x8a52,1000101001010010,0000101001010011,1000000000000001
0xfe51,0x7e51,0111111001010001,1111111001010001,1000000000000000
0xf050,0x7050,0111000001010000,1111000001010000,1000000000000000
0xe24f,0x624f,0110001001001111,1110001001001111,1000000000000000
0xd64e,0x564e,0101011001001110,1101011001001110,1000000000000000
0xc84d,0x484d,0100100001001101,1100100001001101,1000000000000000
0xb84c,0x384c,0011100001001100,1011100001001100,1000000000000000
0xaa4b,0x2a4b,0010101001001011,1010101001001011,1000000000000000
0x9a4a,0x1a4c,0001101001001100,1001101001001010,1000000000000110
0x9049,0x104b,0001000001001011,1001000001001001,1000000000000010
0x8048,0x004a,0000000001001010,1000000001001000,1000000000000010
0x7247,0xf248,1111001001001000,0111001001000111,1000000000001111
0x6246,0xe247,1110001001000111,0110001001000110,1000000000000001
0x57c5,0xd7c6,1101011111000110,0101011111000101,1000000000000011
0x4744,0xc745,1100011101000101,0100011101000100,1000000000000001
0x36c4,0xb6c4,1011011011000100,0011011011000100,1000000000000000
0x2443,0xa443,1010010001000011,0010010001000011,1000000000000000
0x17c2,0x97c2,1001011111000010,0001011111000010,1000000000000000
0x04c1,0x84c1,1000010011000001,0000010011000001,1000000000000000
0xf23f,0x7240,0111001001000000,1111001000111111,1000000001111111
0xe03e,0x603f,0110000000111111,1110000000111110,1000000000000001
0xd1bd,0x51be,0101000110111110,1101000110111101,1000000000000011
0xbfbc,0x3fbd,0011111110111101,1011111110111100,1000000000000001
0xadbb,0x2dbc,0010110110111100,1010110110111011,1000000000000111
0x9bba,0x1bbb,0001101110111011,1001101110111010,1000000000000001
0x8db9,0x0db8,0000110110111000,1000110110111001,1000000000000001
0x7bb8,0xfbb6,1111101110110110,0111101110111000,1000000000001110
0x6bb7,0xebb5,1110101110110101,0110101110110111,1000000000000010
0x5a36,0xda34,1101101000110100,0101101000110110,1000000000000010
0x4835,0xc833,1100100000110011,0100100000110101,1000000000000110
0x3a34,0xba32,1011101000110010,0011101000110100,1000000000000110
0x2833,0xa831,1010100000110001,0010100000110011,1000000000000010
0x1632,0x9630,1001011000110000,0001011000110010,1000000000000010
0x0631,0x862f,1000011000101111,0000011000110001,1000000000011110
0xf82f,0x782e,0111100000101110,1111100000101111,1000000000000001
0xe62e,0x662d,0110011000101101,1110011000101110,1000000000000011
0xd42d,0x542c,0101010000101100,1101010000101101,1000000000000001
0xc22c,0x422b,0100001000101011,1100001000101100,1000000000000111
0xb22b,0x322a,0011001000101010,1011001000101011,1000000000000001
0xa42a,0x2429,0010010000101001,1010010000101010,1000000000000011
0x9229,0x1228,0001001000101000,1001001000101001,1000000000000001
0x8028,0x0027,0000000000100111,1000000000101000,1000000000001111
0x6e27,0xee27,1110111000100111,0110111000100111,1000000000000000
0x6026,0xe026,1110000000100110,0110000000100110,1000000000000000
0x5025,0xd025,1101000000100101,0101000000100101,1000000000000000
0x3e24,0xbe24,1011111000100100,0011111000100100,1000000000000000
0x2c23,0xac23,1010110000100011,0010110000100011,1000000000000000
0x1a22,0x9a22,1001101000100010,0001101000100010,1000000000000000
0x0821,0x8821,1000100000100001,0000100000100001,1000000000000000
0xfa1f,0x7a20,0111101000100000,1111101000011111,1000000000111111
0xea1e,0x6a1f,0110101000011111,1110101000011110,1000000000000001
0xd81d,0x581e,0101100000011110,1101100000011101,1000000000000011
0xc61c,0x461d,0100011000011101,1100011000011100,1000000000000001
0xb41b,0x341c,0011010000011100,1011010000011011,1000000000000111
0xa61a,0x261b,0010011000011011,1010011000011010,1000000000000001
0x9419,0x141a,0001010000011010,1001010000011001,1000000000000011
0x8418,0x0419,0000010000011001,1000010000011000,1000000000000001
0x7217,0xf217,1111001000010111,0111001000010111,1000000000000000
0x6416,0xe416,1110010000010110,0110010000010110,1000000000000000
0x5215,0xd213,1101001000010011,0101001000010101,1000000000000110
0x4014,0xc012,1100000000010010,0100000000010100,1000000000000110
0x2e13,0xae11,1010111000010001,0010111000010011,1000000000000010
0x1e12,0x9e10,1001111000010000,0001111000010010,1000000000000010
0x0c11,0x8c0f,1000110000001111,0000110000010001,1000000000011110
0xfe0f,0x7e0e,0111111000001110,1111111000001111,1000000000000001
0xec0e,0x6c0d,0110110000001101,1110110000001110,1000000000000011
0xdc0d,0x5c0c,0101110000001100,1101110000001101,1000000000000001
0xca0c,0x4a0b,0100101000001011,1100101000001100,1000000000000111
0xb80b,0x380a,0011100000001010,1011100000001011,1000000000000001
0xa60a,0x2609,0010011000001001,1010011000001010,1000000000000011
0x9a09,0x1a08,0001101000001000,1001101000001001,1000000000000001
0x8808,0x0807,0000100000000111,1000100000001000,1000000000001111
0x7607,0xf605,1111011000000101,0111011000000111,1000000000000010
0x6406,0xe404,1110010000000100,0110010000000110,1000000000000010
0x5405,0xd403,1101010000000011,0101010000000101,1000000000000110
0x4284,0xc284,1100001010000100,0100001010000100,1000000000000000
0x3483,0xb483,1011010010000011,0011010010000011,1000000000000000
0x2282,0xa282,1010001010000010,0010001010000010,1000000000000000
0x1281,0x9281,1001001010000001,0001001010000001,1000000000000000
0x0080,0x8080,1000000010000000,0000000010000000,1000000000000000
0xee7e,0x6e7f,0110111001111111,1110111001111110,1000000000000001
0xde7d,0x5e7e,0101111001111110,1101111001111101,1000000000000011
0xd07c,0x507d,0101000001111101,1101000001111100,1000000000000001
0xc07b,0x407c,0100000001111100,1100000001111011,1000000000000111
0xae7a,0x2e7b,0010111001111011,1010111001111010,1000000000000001
0x9c79,0x1c7a,0001110001111010,1001110001111001,1000000000000011
0x8c78,0x0c79,0000110001111001,1000110001111000,1000000000000001
0x7a77,0xfa77,1111101001110111,0111101001110111,1000000000000000
0x6c76,0xec76,1110110001110110,0110110001110110,1000000000000000
0x5c75,0xdc75,1101110001110101,0101110001110101,1000000000000000
0x4a74,0xca74,1100101001110100,0100101001110100,1000000000000000
0x3873,0xb873,1011100001110011,0011100001110011,1000000000000000
0x2872,0xa870,1010100001110000,0010100001110010,1000000000000010
0x1671,0x966f,1001011001101111,0001011001110001,1000000000011110
0x0470,0x846e,1000010001101110,0000010001110000,1000000000011110
0xf26e,0x726d,0111001001101101,1111001001101110,1000000000000011
0xe66d,0x666c,0110011001101100,1110011001101101,1000000000000001
0xd46c,0x546b,0101010001101011,1101010001101100,1000000000000111
0xc26b,0x426a,0100001001101010,1100001001101011,1000000000000001
0xb1ea,0x31e9,0011000111101001,1011000111101010,1000000000000011
0x9fe9,0x1fe8,0001111111101000,1001111111101001,1000000000000001
0x8de8,0x0de7,0000110111100111,1000110111101000,1000000000001111
0x7be7,0xfbe5,1111101111100101,0111101111100111,1000000000000010
0x6de6,0xede4,1110110111100100,0110110111100110,1000000000000010
0x5de5,0xdde3,1101110111100011,0101110111100101,1000000000000110
0x4be4,0xcbe2,1100101111100010,0100101111100100,1000000000000110
0x39e3,0xb9e1,1011100111100001,0011100111100011,1000000000000010
0x27e2,0xa7e0,1010011111100000,0010011111100010,1000000000000010
0x17e1,0x97df,1001011111011111,0001011111100001,1000000000111110
0x05e0,0x85e0,1000010111100000,0000010111100000,1000000000000000
0xf3de,0x73df,0111001111011111,1111001111011110,1000000000000001
0xe5dd,0x65de,0110010111011110,1110010111011101,1000000000000011
0xd5dc,0x55dd,0101010111011101,1101010111011100,1000000000000001
0xc3db,0x43dc,0100001111011100,1100001111011011,1000000000000111
0xb1da,0x31db,0011000111011011,1011000111011010,1000000000000001
0x9fd9,0x1fda,0001111111011010,1001111111011001,1000000000000011
0x8fd8,0x0fd9,0000111111011001,1000111111011000,1000000000000001
0x7dd7,0xfdd7,1111110111010111,0111110111010111,1000000000000000
0x6fd6,0xefd6,1110111111010110,0110111111010110,1000000000000000
0x5dd5,0xddd5,1101110111010101,0101110111010101,1000000000000000
0x4dd4,0xcdd4,1100110111010100,0100110111010100,1000000000000000
0x3bd3,0xbbd3,1011101111010011,0011101111010011,1000000000000000
0x29d2,0xa9d2,1010100111010010,0010100111010010,1000000000000000
0x17d1,0x97d1,1001011111010001,0001011111010001,1000000000000000
0x05d0,0x85d0,1000010111010000,0000010111010000,1000000000000000
0xf5ce,0x75cd,0111010111001101,1111010111001110,1000000000000011
0xe3cd,0x63cc,0110001111001100,1110001111001101,1000000000000001
0xd1cc,0x51cb,0101000111001011,1101000111001100,1000000000000111
0xbfcb,0x3fca,0011111111001010,1011111111001011,1000000000000001
0xb1ca,0x31c9,0011000111001001,1011000111001010,1000000000000011
0x9fc9,0x1fc8,0001111111001000,1001111111001001,1000000000000001
0x8dc8,0x0dc7,0000110111000111,1000110111001000,1000000000001111
0x7bc7,0xfbc5,1111101111000101,0111101111000111,1000000000000010
0x6b46,0xeb44,1110101101000100,0110101101000110,1000000000000010
0x5945,0xd943,1101100101000011,0101100101000101,1000000000000110
0x4744,0xc742,1100011101000010,0100011101000100,1000000000000110
0x3543,0xb541,1011010101000001,0011010101000011,1000000000000010
0x2342,0xa340,1010001101000000,0010001101000010,1000000000000010
0x1141,0x913f,1001000100111111,0001000101000001,1000000001111110
0x0340,0x833e,1000001100111110,0000001101000000,1000000001111110
0xf13e,0x713d,0111000100111101,1111000100111110,1000000000000011
0xdf3d,0x5f3c,0101111100111100,1101111100111101,1000000000000001
0xcdbc,0x4dbd,0100110110111101,1100110110111100,1000000000000001
0xbbbb,0x3bbc,0011101110111100,1011101110111011,1000000000000111
0xa93a,0x293b,0010100100111011,1010100100111010,1000000000000001
0x9739,0x173a,0001011100111010,1001011100111001,1000000000000011
0x8538,0x0539,0000010100111001,1000010100111000,1000000000000001
0x7337,0xf337,1111001100110111,0111001100110111,1000000000000000
0x6136,0xe136,1110000100110110,0110000100110110,1000000000000000
0x4f35,0xcf35,1100111100110101,0100111100110101,1000000000000000
0x3d34,0xbd34,1011110100110100,0011110100110100,1000000000000000
0x2b33,0xab33,1010101100110011,0010101100110011,1000000000000000
0x18b2,0x98b2,1001100010110010,0001100010110010,1000000000000000
0x06b1,0x86b1,1000011010110001,0000011010110001,1000000000000000
0xf8af,0x78b0,0111100010110000,1111100010101111,1000000000011111
0xe6ae,0x66af,0110011010101111,1110011010101110,1000000000000001
0xd2ad,0x52ae,0101001010101110,1101001010101101,1000000000000011
0xc0ac,0x40ad,0100000010101101,1100000010101100,1000000000000001
0xaeab,0x2eaa,0010111010101010,1010111010101011,1000000000000001
0x9caa,0x1ca9,0001110010101001,1001110010101010,1000000000000011
0x8aa9,0x0aa8,0000101010101000,1000101010101001,1000000000000001
0x78a8,0xf8a6,1111100010100110,0111100010101000,1000000000001110
0x64a7,0xe4a5,1110010010100101,0110010010100111,1000000000000010
0x52a6,0xd2a4,1101001010100100,0101001010100110,1000000000000010
0x40a5,0xc0a3,1100000010100011,0100000010100101,1000000000000110
0x2ea4,0xaea2,1010111010100010,0010111010100100,1000000000000110
0x1ca3,0x9ca1,1001110010100001,0001110010100011,1000000000000010
0x08a2,0x88a0,1000100010100000,0000100010100010,1000000000000010
0xf6a0,0x769f,0111011010011111,1111011010100000,1000000000111111
0xe49f,0x649e,0110010010011110,1110010010011111,1000000000000001
0xd21e,0x521d,0101001000011101,1101001000011110,1000000000000011
0xbe1d,0x3e1c,0011111000011100,1011111000011101,1000000000000001
0xac1c,0x2c1b,0010110000011011,1010110000011100,1000000000000111
0x9a1b,0x1a1a,0001101000011010,1001101000011011,1000000000000001
0x881a,0x081b,0000100000011011,1000100000011010,1000000000000001
0x7419,0xf419,1111010000011001,0111010000011001,1000000000000000
0x6218,0xe218,1110001000011000,0110001000011000,1000000000000000
0x5017,0xd017,1101000000010111,0101000000010111,1000000000000000
0x3c16,0xbc16,1011110000010110,0011110000010110,1000000000000000
0x2a15,0xaa15,1010101000010101,0010101000010101,1000000000000000
0x1814,0x9814,1001100000010100,0001100000010100,1000000000000000
0x0613,0x8613,1000011000010011,0000011000010011,1000000000000000
0xf211,0x7212,0111001000010010,1111001000010001,1000000000000011
0xe010,0x6011,0110000000010001,1110000000010000,1000000000000001
0xce0f,0x4e10,0100111000010000,1100111000001111,1000000000011111
0xa80e,0x280f,0010100000001111,1010100000001110,1000000000000001
0x960d,0x160e,0001011000001110,1001011000001101,1000000000000011
0x820c,0x020d,0000001000001101,1000001000001100,1000000000000001
0x700b,0xf00b,1111000000001011,0111000000001011,1000000000000000
0x5e0a,0xde08,1101111000001000,0101111000001010,1000000000000010
0x4a09,0xca07,1100101000000111,0100101000001001,1000000000001110
0x3808,0xb806,1011100000000110,0011100000001000,1000000000001110
0x2607,0xa605,1010011000000101,0010011000000111,1000000000000010
0x1206,0x9204,1001001000000100,0001001000000110,1000000000000010
0x0005,0x8003,1000000000000011,0000000000000101,1000000000000110
0xee03,0x6e02,0110111000000010,1110111000000011,1000000000000001
0xda02,0x5a01,0101101000000001,1101101000000010,1000000000000011
0xc801,0x4800,0100100000000000,1100100000000001,1000000000000001
0xb600,0x35ff,0011010111111111,1011011000000000,1000001111111111
0xa3ff,0x23fe,0010001111111110,1010001111111111,1000000000000001
0x907e,0x107d,0001000001111101,1001000001111110,1000000000000011
0x7e7d,0xfe7b,1111111001111011,0111111001111101,1000000000000110
0x6c7c,0xec7a,1110110001111010,0110110001111100,1000000000000110
0x5a7b,0xda79,1101101001111001,0101101001111011,1000000000000010
0x45fa,0xc5f8,1100010111111000,0100010111111010,1000000000000010
0x3379,0xb379,1011001101111001,0011001101111001,1000000000000000
0x1f78,0x9f78,1001111101111000,0001111101111000,1000000000000000
0x0cf7,0x8cf7,1000110011110111,0000110011110111,1000000000000000
0xf8f5,0x78f6,0111100011110110,1111100011110101,1000000000000011
0xe0f4,0x60f5,0110000011110101,1110000011110100,1000000000000001
0xd0f3,0x50f4,0101000011110100,1101000011110011,1000000000000111
0xba72,0x3a73,0011101001110011,1011101001110010,1000000000000001
0xa671,0x2672,0010011001110010,1010011001110001,1000000000000011
0x9270,0x1271,0001001001110001,1001001001110000,1000000000000001
0x7def,0xfdef,1111110111101111,0111110111101111,1000000000000000
0x69ee,0xe9ee,1110100111101110,0110100111101110,1000000000000000
0x55ed,0xd5ed,1101010111101101,0101010111101101,1000000000000000
0x41ec,0xc1ec,1100000111101100,0100000111101100,1000000000000000
0x2deb,0xadeb,1010110111101011,0010110111101011,1000000000000000
0x19ea,0x99ea,1001100111101010,0001100111101010,1000000000000000
0x0569,0x8569,1000010101101001,0000010101101001,1000000000000000
0xeb67,0x6b66,0110101101100110,1110101101100111,1000000000000001
0xdb66,0x5b65,0101101101100101,1101101101100110,1000000000000011
0xc365,0x4364,0100001101100100,1100001101100101,1000000000000001
0xaf64,0x2f63,0010111101100011,1010111101100100,1000000000000111
0x9b63,0x1b62,0001101101100010,1001101101100011,1000000000000001
0x8562,0x0561,0000010101100001,1000010101100010,1000000000000011
0x7161,0xf15f,1111000101011111,0111000101100001,1000000000111110
0x5ce0,0xdcde,1101110011011110,0101110011100000,1000000000111110
0x48df,0xc8dd,1100100011011101,0100100011011111,1000000000000010
0x2ede,0xaedc,1010111011011100,0010111011011110,1000000000000010
0x1add,0x9adb,1001101011011011,0001101011011101,1000000000000110
0x06dc,0x86da,1000011011011010,0000011011011100,1000000000000110
0xf2da,0x72d9,0111001011011001,1111001011011010,1000000000000011
0xdcd9,0x5cd8,0101110011011000,1101110011011001,1000000000000001
0xc8d8,0x48d7,0100100011010111,1100100011011000,1000000000001111
0xb2d7,0x32d8,0011001011011000,1011001011010111,1000000000001111
0x9ed6,0x1ed7,0001111011010111,1001111011010110,1000000000000001
0x86d5,0x06d6,0000011011010110,1000011011010101,1000000000000011
0x70d4,0xf0d4,1111000011010100,0111000011010100,1000000000000000
0x5cd3,0xdcd3,1101110011010011,0101110011010011,1000000000000000
0x46d2,0xc6d2,1100011011010010,0100011011010010,1000000000000000
0x32d1,0xb2d1,1011001011010001,0011001011010001,1000000000000000
0x1ad0,0x9ad0,1001101011010000,0001101011010000,1000000000000000
0x044f,0x844f,1000010001001111,0000010001001111,1000000000000000
0xf04d,0x704e,0111000001001110,1111000001001101,1000000000000011
0xda4c,0x5a4d,0101101001001101,1101101001001100,1000000000000001
0xc64b,0x464c,0100011001001100,1100011001001011,1000000000000111
0xac4a,0x2c4b,0010110001001011,1010110001001010,1000000000000001
0x9849,0x184a,0001100001001010,1001100001001001,1000000000000011
0x8248,0x0249,0000001001001001,1000001001001000,1000000000000001
0x6e47,0xee45,1110111001000101,0110111001000111,1000000000000010
0x5a46,0xda44,1101101001000100,0101101001000110,1000000000000010
0x4045,0xc043,1100000001000011,0100000001000101,1000000000000110
0x2c44,0xac42,1010110001000010,0010110001000100,1000000000000110
0x1643,0x9641,1001011001000001,0001011001000011,1000000000000010
0x0242,0x8240,1000001001000000,0000001001000010,1000000000000010
0xe840,0x683f,0110100000111111,1110100001000000,1000000001111111
0xd4bf,0x54be,0101010010111110,1101010010111111,1000000000000001
0xc03e,0x403d,0100000000111101,1100000000111110,1000000000000011
0xaa3d,0x2a3c,0010101000111100,1010101000111101,1000000000000001
0x923c,0x123b,0001001000111011,1001001000111100,1000000000000111
0x7c3b,0xfc39,1111110000111001,0111110000111011,1000000000000010
0x683a,0xe838,1110100000111000,0110100000111010,1000000000000010
0x5239,0xd237,1101001000110111,0101001000111001,1000000000001110
0x3a38,0xba36,1011101000110110,0011101000111000,1000000000001110
0x2437,0xa437,1010010000110111,0010010000110111,1000000000000000
0x1036,0x9036,1001000000110110,0001000000110110,1000000000000000
0xf634,0x7635,0111011000110101,1111011000110100,1000000000000001
0xe233,0x6234,0110001000110100,1110001000110011,1000000000000111
0xce32,0x4e33,0100111000110011,1100111000110010,1000000000000001
0xb831,0x3832,0011100000110010,1011100000110001,1000000000000011
0xa030,0x2031,0010000000110001,1010000000110000,1000000000000001
0x8a2f,0x0a30,0000101000110000,1000101000101111,1000000000011111
0x762e,0xf62e,1111011000101110,0111011000101110,1000000000000000
0x5c2d,0xdc2d,1101110000101101,0101110000101101,1000000000000000
0x482c,0xc82c,1100100000101100,0100100000101100,1000000000000000
0x342b,0xb42b,1011010000101011,0011010000101011,1000000000000000
0x1a2a,0x9a2a,1001101000101010,0001101000101010,1000000000000000
0x0629,0x8629,1000011000101001,0000011000101001,1000000000000000
0xf027,0x7028,0111000000101000,1111000000100111,1000000000001111
0xd826,0x5825,0101100000100101,1101100000100110,1000000000000011
0xc225,0x4224,0100001000100100,1100001000100101,1000000000000001
0xae24,0x2e23,0010111000100011,1010111000100100,1000000000000111
0x9423,0x1422,0001010000100010,1001010000100011,1000000000000001
0x7da2,0xfda0,1111110110100000,0111110110100010,1000000000000010
0x6921,0xe91f,1110100100011111,0110100100100001,1000000000111110
0x4f20,0xcf1e,1100111100011110,0100111100100000,1000000000111110
0x391f,0xb91d,1011100100011101,0011100100011111,1000000000000010
0x1f1e,0x9f1c,1001111100011100,0001111100011110,1000000000000010
0x0b9d,0x8b9b,1000101110011011,0000101110011101,1000000000000110
0xf61b,0x761a,0111011000011010,1111011000011011,1000000000000001
0xde1a,0x5e19,0101111000011001,1101111000011010,1000000000000011
0xc899,0x4898,0100100010011000,1100100010011001,1000000000000001
0xb498,0x3497,0011010010010111,1011010010011000,1000000000001111
0x9c97,0x1c96,0001110010010110,1001110010010111,1000000000000001
0x8916,0x0917,0000100100010111,1000100100010110,1000000000000001
0x7115,0xf115,1111000100010101,0111000100010101,1000000000000000
0x5b14,0xdb14,1101101100010100,0101101100010100,1000000000000000
0x4313,0xc313,1100001100010011,0100001100010011,1000000000000000
0x2f92,0xaf92,1010111110010010,0010111110010010,1000000000000000
0x1b91,0x9b91,1001101110010001,0001101110010001,1000000000000000
0x0390,0x8390,1000001110010000,0000001110010000,1000000000000000
0xf18e,0x718f,0111000110001111,1111000110001110,1000000000000001
0xd98d,0x598e,0101100110001110,1101100110001101,1000000000000011
0xc60c,0x460d,0100011000001101,1100011000001100,1000000000000001
0xb20b,0x320c,0011001000001100,1011001000001011,1000000000000111
0x9a0a,0x1a0b,0001101000001011,1001101000001010,1000000000000001
0x8609,0x060a,0000011000001010,1000011000001001,1000000000000011
0x7008,0xf008,1111000000001000,0111000000001000,1000000000000000
0x5c07,0xdc05,1101110000000101,0101110000000111,1000000000000010
0x4486,0xc484,1100010010000100,0100010010000110,1000000000000010
0x3085,0xb083,1011000010000011,0011000010000101,1000000000000110
0x1a84,0x9a82,1001101010000010,0001101010000100,1000000000000110
0x0683,0x8681,1000011010000001,0000011010000011,1000000000000010
0xf281,0x7280,0111001010000000,1111001010000001,1000000000000001
0xdc80,0x5c7f,0101110001111111,1101110010000000,1000000011111111
0xc47f,0x447e,0100010001111110,1100010001111111,1000000000000001
0xb27e,0x327d,0011001001111101,1011001001111110,1000000000000011
0x9e7d,0x1e7c,0001111001111100,1001111001111101,1000000000000001
0x867c,0x067b,0000011001111011,1000011001111100,1000000000000111
0x747b,0xf479,1111010001111001,0111010001111011,1000000000000010
0x5c7a,0xdc78,1101110001111000,0101110001111010,1000000000000010
0x4af9,0xcaf7,1100101011110111,0100101011111001,1000000000001110
0x32f8,0xb2f6,1011001011110110,0011001011111000,1000000000001110
0x1ef7,0x9ef7,1001111011110111,0001111011110111,1000000000000000
0x08f6,0x88f6,1000100011110110,0000100011110110,1000000000000000
0xf4f4,0x74f5,0111010011110101,1111010011110100,1000000000000001
0xdef3,0x5ef4,0101111011110100,1101111011110011,1000000000000111
0xcaf2,0x4af3,0100101011110011,1100101011110010,1000000000000001
0xb4f1,0x34f2,0011010011110010,1011010011110001,1000000000000011
0xa0f0,0x20f1,0010000011110001,1010000011110000,1000000000000001
0x8aef,0x0af0,0000101011110000,1000101011101111,1000000000011111
0x76ee,0xf6ee,1111011011101110,0111011011101110,1000000000000000
0x60ed,0xe0ed,1110000011101101,0110000011101101,1000000000000000
0x4cec,0xccec,1100110011101100,0100110011101100,1000000000000000
0x36eb,0xb6eb,1011011011101011,0011011011101011,1000000000000000
0x22ea,0xa2ea,1010001011101010,0010001011101010,1000000000000000
0x0ce9,0x8ce9,1000110011101001,0000110011101001,1000000000000000
0xf8e7,0x78e6,0111100011100110,1111100011100111,1000000000000001
0xe2e6,0x62e5,0110001011100101,1110001011100110,1000000000000011
0xb8e5,0x38e4,0011100011100100,1011100011100101,1000000000000001
0xa2e4,0x22e3,0010001011100011,1010001011100100,1000000000000111
0x8ee3,0x0ee2,0000111011100010,1000111011100011,1000000000000001
0x78e2,0xf8e0,1111100011100000,0111100011100010,1000000000000010
0x64e1,0xe4df,1110010011011111,0110010011100001,1000000000111110
0x4ee0,0xcede,1100111011011110,0100111011100000,1000000000111110
0x3adf,0xbadd,1011101011011101,0011101011011111,1000000000000010
0x24de,0xa4dc,1010010011011100,0010010011011110,1000000000000010
0x12dd,0x92db,1001001011011011,0001001011011101,1000000000000110
0xfadb,0x7ada,0111101011011010,1111101011011011,1000000000000001
0xe4da,0x64d9,0110010011011001,1110010011011010,1000000000000011
0xd0d9,0x50da,0101000011011010,1101000011011001,1000000000000011
0xb6d8,0x36d9,0011011011011001,1011011011011000,1000000000000001
0xa4d7,0x24d8,0010010011011000,1010010011010111,1000000000001111
0x90d6,0x10d7,0001000011010111,1001000011010110,1000000000000001
0x7cd5,0xfcd5,1111110011010101,0111110011010101,1000000000000000
0x66d4,0xe6d4,1110011011010100,0110011011010100,1000000000000000
0x50d3,0xd0d3,1101000011010011,0101000011010011,1000000000000000
0x3cd2,0xbcd2,1011110011010010,0011110011010010,1000000000000000
0x26d1,0xa6d1,1010011011010001,0010011011010001,1000000000000000
0x12d0,0x92d0,1001001011010000,0001001011010000,1000000000000000
0xfcce,0x7ccf,0111110011001111,1111110011001110,1000000000000001
0xe8cd,0x68ce,0110100011001110,1110100011001101,1000000000000011
0xd2cc,0x52cd,0101001011001101,1101001011001100,1000000000000001
0xbecb,0x3ecc,0011111011001100,1011111011001011,1000000000000111
0xa8ca,0x28c9,0010100011001001,1010100011001010,1000000000000011
0x92c9,0x12c8,0001001011001000,1001001011001001,1000000000000001
0x7ec8,0xfec6,1111111011000110,0111111011001000,1000000000001110
0x68c7,0xe8c5,1110100011000101,0110100011000111,1000000000000010
0x50c6,0xd0c4,1101000011000100,0101000011000110,1000000000000010
0x3ec5,0xbec3,1011111011000011,0011111011000101,1000000000000110
0x28c4,0xa8c2,1010100011000010,0010100011000100,1000000000000110
0x14c3,0x94c1,1001010011000001,0001010011000011,1000000000000010
0xfec1,0x7ec0,0111111011000000,1111111011000001,1000000000000001
0xe6c0,0x66bf,0110011010111111,1110011011000000,1000000001111111
0xd4bf,0x54be,0101010010111110,1101010010111111,1000000000000001
0xbcbe,0x3cbd,0011110010111101,1011110010111110,1000000000000011
0xaabd,0x2abc,0010101010111100,1010101010111101,1000000000000001
0x92bc,0x12bb,0001001010111011,1001001010111100,1000000000000111
0x7cbb,0xfcbb,1111110010111011,0111110010111011,1000000000000000
0x6aba,0xeaba,1110101010111010,0110101010111010,1000000000000000
0x52b9,0xd2b9,1101001010111001,0101001010111001,1000000000000000
0x40b8,0xc0b8,1100000010111000,0100000010111000,1000000000000000
0x28b7,0xa8b7,1010100010110111,0010100010110111,1000000000000000
0x12b6,0x92b6,1001001010110110,0001001010110110,1000000000000000
0xfeb4,0x7eb5,0111111010110101,1111111010110100,1000000000000001
0xe8b3,0x68b4,0110100010110100,1110100010110011,1000000000000111
0xd2b2,0x52b3,0101001010110011,1101001010110010,1000000000000001
0xbeb1,0x3eb2,0011111010110010,1011111010110001,1000000000000011
0xa8b0,0x28b1,0010100010110001,1010100010110000,1000000000000001
0x90af,0x10b0,0001000010110000,1001000010101111,1000000000011111
0x7eae,0xfeae,1111111010101110,0111111010101110,1000000000000000
0x50ad,0xd0ab,1101000010101011,0101000010101101,1000000000000110
0x3cac,0xbcaa,1011110010101010,0011110010101100,1000000000000110
0x26ab,0xa6a9,1010011010101001,0010011010101011,1000000000000010
0x10aa,0x90a8,1001000010101000,0001000010101010,1000000000000010
0xe6a8,0x66a7,0110011010100111,1110011010101000,1000000000001111
0xcea7,0x4ea6,0100111010100110,1100111010100111,1000000000000001
0xbca6,0x3ca5,0011110010100101,1011110010100110,1000000000000011
0xa4a5,0x24a4,0010010010100100,1010010010100101,1000000000000001
0x8ea4,0x0ea3,0000111010100011,1000111010100100,1000000000000111
0x7ca3,0xfca1,1111110010100001,0111110010100011,1000000000000010
0x64a2,0xe4a0,1110010010100000,0110010010100010,1000000000000010
0x4ea1,0xce9f,1100111010011111,0100111010100001,1000000000111110
0x3aa0,0xbaa0,1011101010100000,0011101010100000,1000000000000000
0x249f,0xa49f,1010010010011111,0010010010011111,1000000000000000
0x0c9e,0x8c9e,1000110010011110,0000110010011110,1000000000000000
0xfb1c,0x7b1d,0111101100011101,1111101100011100,1000000000000001
0xe49b,0x649c,0110010010011100,1110010010011011,1000000000000111
0xcc9a,0x4c9b,0100110010011011,1100110010011010,1000000000000001
0xb699,0x369a,0011011010011010,1011011010011001,1000000000000011
0xa298,0x2299,0010001010011001,1010001010011000,1000000000000001
0x8c97,0x0c98,0000110010011000,1000110010010111,1000000000001111
0x7516,0xf516,1111010100010110,0111010100010110,1000000000000000
0x5f15,0xdf15,1101111100010101,0101111100010101,1000000000000000
0x4d14,0xcd14,1100110100010100,0100110100010100,1000000000000000
0x3493,0xb493,1011010010010011,0011010010010011,1000000000000000
0x1e92,0x9e92,1001111010010010,0001111010010010,1000000000000000
0x0a91,0x8a8f,1000101010001111,0000101010010001,1000000000011110
0xf48f,0x748e,0111010010001110,1111010010001111,1000000000000001
0xdd0e,0x5d0d,0101110100001101,1101110100001110,1000000000000011
0xc70d,0x470c,0100011100001100,1100011100001101,1000000000000001
0xb48c,0x348b,0011010010001011,1011010010001100,1000000000000111
0x9d0b,0x1d0a,0001110100001010,1001110100001011,1000000000000001
0x870a,0x0709,0000011100001001,1000011100001010,1000000000000011
0x7509,0xf507,1111010100000111,0111010100001001,1000000000001110
0x5d08,0xdd06,1101110100000110,0101110100001000,1000000000001110
0x4707,0xc705,1100011100000101,0100011100000111,1000000000000010
0x2f06,0xaf04,1010111100000100,0010111100000110,1000000000000010
0x1d05,0x9d03,1001110100000011,0001110100000101,1000000000000110
0x0704,0x8702,1000011100000010,0000011100000100,1000000000000110
0xee82,0x6e83,0110111010000011,1110111010000010,1000000000000001
0xd881,0x5882,0101100010000010,1101100010000001,1000000000000011
0xc080,0x4081,0100000010000001,1100000010000000,1000000000000001
0xae7f,0x2e80,0010111010000000,1010111001111111,1000000011111111
0x987e,0x187f,0001100001111111,1001100001111110,1000000000000001
0x807d,0x007e,0000000001111110,1000000001111101,1000000000000011
0x6e7c,0xee7c,1110111001111100,0110111001111100,1000000000000000
0x567b,0xd67b,1101011001111011,0101011001111011,1000000000000000
0x407a,0xc07a,1100000001111010,0100000001111010,1000000000000000
0x2879,0xa879,1010100001111001,0010100001111001,1000000000000000
0x1278,0x9278,1001001001111000,0001001001111000,1000000000000000
0xfc76,0x7c77,0111110001110111,1111110001110110,1000000000000001
0x3d3a,0xbd38,1011110100111000,0011110100111010,1000000000000010
0x0000,0x6ecd,0110111011001101,0000000000000000,0110111011001101
