0x0000,0xf93f,0000000000000000,1111100100111111,1111100100111111,2|3
0x55a6,0x5564,0101010110100110,0101010101100100,0000000011000010,2
0x3fa5,0xbfa3,0011111110100101,1011111110100011,1000000000000110,2
0x29e4,0x29a3,0010100111100100,0010100110100011,0000000001000111,2
0x19a3,0x1b9f,0001100110100011,0001101110011111,0000001000111100,2
0x03a2,0x035a,0000001110100010,0000001101011010,0000000011111000,1
0xefa0,0xf380,1110111110100000,1111001110000000,0001110000100000,2
0xd99f,0x599d,1101100110011111,0101100110011101,1000000000000010,2
0x859e,0xc55e,1000010110011110,1100010101011110,0100000011000000,2
0xef9d,0x6f9d,1110111110011101,0110111110011101,1000000000000000,1
0x9b9d,0x8b9c,1001101110011101,1000101110011100,0001000000000001,2
0x899b,0x896b,1000100110011011,1000100101101011,0000000011110000,1
0x739a,0x6d9a,0111001110011010,0110110110011010,0001111000000000,1
0x5f9d,0x5799,0101111110011101,0101011110011001,0000100000000100,2
0x4998,0x459a,0100100110011000,0100010110011010,0000110000000010,2
0x3795,0x3597,0011011110010101,0011010110010111,0000001000000010,2
0x1f94,0x1f9e,0001111110010100,0001111110011110,0000000000001010,2
0x0b95,0xf394,0000101110010101,1111001110010100,1111100000000001,1|2
0xf983,0xd993,1111100110000011,1101100110010011,0010000000010000,2
0xe792,0xe591,1110011110010010,1110010110010001,0000001000000011,2
0xef91,0xaf91,1110111110010001,1010111110010001,0100000000000000,1
0xbb90,0xab88,1011101110010000,1010101110001000,0001000000011000,2
0x918f,0x904f,1001000110001111,1001000001001111,0000000111000000,1
0x7b8e,0x7b88,0111101110001110,0111101110001000,0000000000000110,1
0x678d,0x488d,0110011110001101,0100100010001101,0010111100000000,2
0x518c,0x110c,0101000110001100,0001000100001100,0100000010000000,2
0x3d8b,0x3d6c,0011110110001011,0011110101101100,0000000011100111,2
0x278a,0x5f8a,0010011110001010,0101111110001010,0111100000000000,1
0x1409,0x3405,0001010000001001,0011010000000101,0010000000001100,2
0x0408,0x8307,0000010000001000,1000001100000111,1000011100001111,2|3
0xf006,0x5006,1111000000000110,0101000000000110,1010000000000000,2
0xc785,0xc645,1100011110000101,1100011001000101,0000000111000000,1
0x9e8d,0x9e84,1001111010001101,1001111010000100,0000000000001001,2
0x8c83,0x88a3,1000110010000011,1000100010100011,0000010000100000,2
0x7482,0x3442,0111010010000010,0011010001000010,0100000011000000,2
0x60c1,0xe080,0110000011000001,1110000010000000,1000000001000001,2|3
0x4c80,0x8b80,0100110010000000,1000101110000000,1100011100000000,2
0x367f,0x2e81,0011011001111111,0010111010000001,0001100011111110,2
0x2a7e,0x227c,0010101001111110,0010001001111100,0000100000000010,2
0x0e5d,0x0e5d,0000111001011101,0000111001011101,0000000000000000,0
0xfa7b,0x5a7c,1111101001111011,0101101001111100,1010000000000111,2|3
0xd07a,0xc87c,1101000001111010,1100100001111100,0001100000000110,2
0x9c79,0xac79,1001110001111001,1010110001111001,0011000000000000,1
0xa878,0xa879,1010100001111000,1010100001111001,0000000000000001,1
0x9477,0x9467,1001010001110111,1001010001100111,0000000000010000,1
0x7e76,0x7a36,0111111001110110,0111101000110110,0000010001000000,2
0x6a75,0x68f5,0110101001110101,0110100011110101,0000001010000000,2
0x5674,0x6670,0101011001110100,0110011001110000,0011000000000100,2
0x4273,0x3253,0100001001110011,0011001001010011,0111000000100000,2
0x6e72,0x2e82,0110111001110010,0010111010000010,0100000011110000,2
0x1871,0x9830,0001100001110001,1001100000110000,1000000001000001,2|3
0x0472,0xfc6f,0000010001110010,1111110001101111,1111100000011101,2|3
0xf26e,0xf066,1111001001101110,1111000001100110,0000001000001000,2
0xdc6d,0xdc7c,1101110001101101,1101110001111100,0000000000010001,2
0xc86c,0xc72c,1100100001101100,1100011100101100,0000111101000000,2
0xb26b,0xb25d,1011001001101011,1011001001011101,0000000000110110,2
0x8a6a,0x89eb,1000101001101010,1000100111101011,0000001110000001,2
0xf269,0x7069,1111001001101001,0111000001101001,1000001000000000,2
0x6468,0x6064,0110010001101000,0110000001100100,0000010000001100,2
0xca67,0x4867,1100101001100111,0100100001100111,1000001000000000,2
0x3566,0x3426,0011010101100110,0011010000100110,0000000101000000,2
0x2065,0x2062,0010000001100101,0010000001100010,0000000000000111,1
0x0a64,0x09dc,0000101001100100,0000100111011100,0000001110111000,2
0xf9e2,0xf5e2,1111100111100010,1111010111100010,0000110000000000,1
0xe1a1,0xd9e1,1110000110100001,1101100111100001,0011100001000000,2
0xdde0,0xd5e0,1101110111100000,1101010111100000,0000100000000000,1
0xb75f,0xb5df,1011011101011111,1011010111011111,0000001010000000,2
0xa3de,0xa29e,1010001111011110,1010001010011110,0000000101000000,2
0xafdd,0x8fcd,1010111111011101,1000111111001101,0010000000010000,2
0x7bd8,0x7c1c,0111101111011000,0111110000011100,0000011111000100,2
0x65db,0x695b,0110010111011011,0110100101011011,0000110010000000,2
0x4c5a,0x4d5a,0100110001011010,0100110101011010,0000000100000000,1
0x3a59,0x3619,0011101001011001,0011011000011001,0000110001000000,2
0x2658,0x2548,0010011001011000,0010010101001000,0000001100010000,2
0x0057,0x2057,0000000001010111,0010000001010111,0010000000000000,1
0xfc55,0xf355,1111110001010101,1111001101010101,0000111100000000,1
0xe854,0x2851,1110100001010100,0010100001010001,1100000000000101,2|3
0xc453,0xb453,1100010001010011,1011010001010011,0111000000000000,1
0xb252,0xba32,1011001001010010,1011101000110010,0000100001100000,2
0x8651,0xa6d1,1000011001010001,1010011011010001,0010000010000000,2
0x9250,0x51d0,1001001001010000,0101000111010000,1100001110000000,2
0x7c4f,0x7d4f,0111110001001111,0111110101001111,0000000100000000,1
0x6a4c,0x6a50,0110101001001100,0110101001010000,0000000000011100,1
0x53cd,0x54ad,0101001111001101,0101010010101101,0000011101100000,2
0x3f4c,0x3f45,0011111101001100,0011111101000101,0000000000001001,2
0x2d4b,0x2d4b,0010110101001011,0010110101001011,0000000000000000,0
0x0eca,0xecc9,0000111011001010,1110110011001001,1110001000000011,2|3
0xfacc,0xfcc8,1111101011001100,1111110011001000,0000011000000100,2
0xe547,0xdd43,1110010101000111,1101110101000011,0011100000000100,2
0xd1c6,0xd1c5,1101000111000110,1101000111000101,0000000000000011,1
0xbdc5,0x75c5,1011110111000101,0111010111000101,1100100000000000,2
0xa844,0xaa43,1010100001000100,1010101001000011,0000001000000111,2
0xd243,0x9143,1101001001000011,1001000101000011,0100001100000000,2
0x7ec2,0x7dd2,0111111011000010,0111110111010010,0000001100010000,2
0x6ac1,0x4ac2,0110101011000001,0100101011000010,0010000000000011,2
0x56e1,0x56c0,0101011011100001,0101011011000000,0000000000100001,2
0x3f3f,0x3ec3,0011111100111111,0011111011000011,0000000111111100,1
0x2b3e,0x133e,0010101100111110,0001001100111110,0011100000000000,1
0x173d,0x1f4d,0001011100111101,0001111101001101,0000100001110000,2
0x053c,0x054d,0000010100111100,0000010101001101,0000000001110001,2
0xf1ba,0xd1bb,1111000110111010,1101000110111011,0010000000000001,2
0xc7bb,0xc7bb,1100011110111011,1100011110111011,0000000000000000,0
0xb3b8,0xb390,1011001110111000,1011001110010000,0000000000101000,2
0x9db7,0x7fb7,1001110110110111,0111111110110111,1110001000000000,2
0x8a36,0xaa38,1000101000110110,1010101000111000,0010000000001110,2
0x7435,0x7634,0111010000110101,0111011000110100,0000001000000001,2
0x5034,0xb033,0101000000110100,1011000000110011,1110000000000111,1|2
0x2e33,0x3d33,0010111000110011,0011110100110011,0001001100000000,2
0x2832,0x2772,0010100000110010,0010011101110010,0000111101000000,2
0x02b1,0x20b1,0000001010110001,0010000010110001,0010001000000000,2
0xf0af,0xf05f,1111000010101111,1111000001011111,0000000011110000,1
0xd8ae,0xd6a6,1101100010101110,1101011010100110,0000111000001000,2
0xb56d,0xb535,1011010101101101,1011010100110101,0000000001011000,2
0x8d2c,0x0d6d,1000110100101100,0000110101101101,1000000001000001,2|3
0x632b,0x674b,0110001100101011,0110011101001011,0000010001100000,2
0x5522,0x552c,0101010100100010,0101010100101100,0000000000001110,1
0x3b2b,0x3f29,0011101100101011,0011111100101001,0000010000000010,2
0x2da8,0x0d28,0010110110101000,0000110100101000,0010000010000000,2
0x0f27,0x06a7,0000111100100111,0000011010100111,0000100110000000,2
0xdf25,0xdeb5,1101111100100101,1101111010110101,0000000110010000,2
0xcda4,0xcd94,1100110110100100,1100110110010100,0000000000110000,1
0xb7ab,0xb7a1,1011011110101011,1011011110100001,0000000000001010,2
0xa5a0,0x85a2,1010010110100000,1000010110100010,0010000000000010,2
0x93a1,0x9320,1001001110100001,1001001100100000,0000000010000001,2
0x6ba0,0xfba0,0110101110100000,1111101110100000,1001000000000000,2
0x599f,0x49a3,0101100110011111,0100100110100011,0001000000111100,2
0x681c,0x481e,0110100000011100,0100100000011110,0010000000000010,2
0x383d,0x381c,0011100000111101,0011100000011100,0000000000100001,2
0x229c,0x224c,0010001010011100,0010001001001100,0000000011010000,2
0x0093,0x089b,0000000010010011,0000100010011011,0000100000001000,2
0xea99,0x6c99,1110101010011001,0110110010011001,1000011000000000,2
0xd898,0xd118,1101100010011000,1101000100011000,0000100110000000,2
0xc897,0x8a97,1100100010010111,1000101010010111,0100001000000000,2
0xb296,0xb28a,1011001010010110,1011001010001010,0000000000011100,1
0xa295,0x9c95,1010001010010101,1001110010010101,0011111000000000,1
0x8e94,0x8f12,1000111010010100,1000111100010010,0000000110000110,2
0x7a93,0x8a94,0111101010010011,1000101010010100,1111000000000111,1|2
0x6892,0x6992,0110100010010010,0110100110010010,0000000100000000,1
0x5699,0x5671,0101011010011001,0101011001110001,0000000011101000,2
0x3090,0x309c,0011000010010000,0011000010011100,0000000000001100,1
0x1e8f,0x4e8f,0001111010001111,0100111010001111,0101000000000000,2
0x0e0e,0x0e92,0000111000001110,0000111010010010,0000000010011100,2
0xe68c,0x628c,1110011010001100,0110001010001100,1000010000000000,2
0xd48b,0xda8b,1101010010001011,1101101010001011,0000111000000000,1
0x808a,0x408a,1000000010001010,0100000010001010,1100000000000000,1
0x9c81,0x9889,1001110010000001,1001100010001001,0000010000001000,2
0x7688,0x8e88,0111011010001000,1000111010001000,1111100000000000,1
0x6487,0x638b,0110010010000111,0110001110001011,0000011100001100,2
0xd086,0x5006,1101000010000110,0101000000000110,1000000010000000,2
0x3e85,0x2a85,0011111010000101,0010101010000101,0001010000000000,2
0x2e86,0x2c84,0010111010000110,0010110010000100,0000001000000010,2
0x1883,0x9082,0001100010000011,1001000010000010,1000100000000001,2|3
0x8682,0x0692,1000011010000010,0000011010010010,1000000000010000,2
0xd680,0xf67e,1101011010000000,1111011001111110,0010000011111110,2
0xe43d,0xe47f,1110010000111101,1110010001111111,0000000001000010,2
0xce7e,0xae76,1100111001111110,1010111001110110,0110000000001000,2
0xbe7d,0xc67f,1011111001111101,1100011001111111,0111100000000010,2
0x987c,0x97dc,1001100001111100,1001011111011100,0000111110100000,2
0x86fb,0x84fc,1000011011111011,1000010011111100,0000001000000111,2
0x74fa,0x72f9,0111010011111010,0111001011111001,0000011000000011,2
0x4ef9,0x4eb7,0100111011111001,0100111010110111,0000000001001110,2
0x3ef8,0x3eb6,0011111011111000,0011111010110110,0000000001001110,2
0x00f7,0x28f7,0000000011110111,0010100011110111,0010100000000000,2
0x18f6,0x11f6,0001100011110110,0001000111110110,0000100100000000,2
0x06f5,0x07f3,0000011011110101,0000011111110011,0000000100000110,2
0xc2f3,0xf2f3,1100001011110011,1111001011110011,0011000000000000,1
0xe0f2,0x98f2,1110000011110010,1001100011110010,0111100000000000,1
0xbaf1,0x7b71,1011101011110001,0111101101110001,1100000110000000,2
0x98e0,0x98b0,1001100011100000,1001100010110000,0000000001010000,2
0x84ef,0x64f3,1000010011101111,0110010011110011,1110000000011100,2
0xf2ee,0x72ec,1111001011101110,0111001011101100,1000000000000010,2
0x5eed,0x5c6d,0101111011101101,0101110001101101,0000001010000000,2
0x4cee,0x4cac,0100110011101110,0100110010101100,0000000001000010,2
0x3ceb,0x3aef,0011110011101011,0011101011101111,0000011000000100,2
0x26ea,0x2f0a,0010011011101010,0010111100001010,0000100111100000,2
0x0469,0x05e9,0000010001101001,0000010111101001,0000000110000000,1
0xee67,0xea66,1110111001100111,1110101001100110,0000010000000001,2
0xde46,0xde86,1101111001000110,1101111010000110,0000000011000000,1
0xb5e4,0xb5e3,1011010111100100,1011010111100011,0000000000000111,1
0x0000,0x7b3f,0000000000000000,0111101100111111,0111101100111111,3
0xa3f4,0xa3e6,1010001111110100,1010001111100110,0000000000010010,2
0x91e3,0x926b,1001000111100011,1001001001101011,0000001110001000,2
0x6be2,0x69e6,0110101111100010,0110100111100110,0000001000000100,2
0x4be1,0xc3e1,0100101111100001,1100001111100001,1000100000000000,2
0x31e0,0x37e0,0011000111100000,0011011111100000,0000011000000000,1
0x20df,0x219f,0010000011011111,0010000110011111,0000000101000000,2
0xd95d,0xf9dd,1101100101011101,1111100111011101,0010000010000000,2
0xe3dc,0xa3dd,1110001111011100,1010001111011101,0100000000000001,2
0xd1db,0x31dc,1101000111011011,0011000111011100,1110000000000111,1|2
0xc1d2,0xbfda,1100000111010010,1011111111011010,0111111000001000,2
0xabd9,0x6bd1,1010101111011001,0110101111010001,1100000000001000,2
0x99d0,0x9dd8,1001100111010000,1001110111011000,0000010000001000,2
0x83d7,0x87d6,1000001111010111,1000011111010110,0000010000000001,2
0x73d6,0xf3c5,0111001111010110,1111001111000101,1000000000010011,2|3
0x61d5,0x21d1,0110000111010101,0010000111010001,0100000000000100,2
0x4fd4,0x5034,0100111111010100,0101000000110100,0001111111100000,1
0x3c53,0xbe52,0011110001010011,1011111001010010,1000001000000001,2|3
0x2ad2,0x2a32,0010101011010010,0010101000110010,0000000011100000,1
0x0251,0x0281,0000001001010001,0000001010000001,0000000011010000,2
0xee4f,0x6e4d,1110111001001111,0110111001001101,1000000000000010,2
0xea4e,0xc24e,1110101001001110,1100001001001110,0010100000000000,2
0xb64d,0xb58d,1011011001001101,1011010110001101,0000001111000000,1
0xa44e,0xa40c,1010010001001110,1010010000001100,0000000001000010,2
0x94cb,0x744b,1001010011001011,0111010001001011,1110000010000000,2
0x7e4a,0x1e4b,0111111001001010,0001111001001011,0110000000000001,2
0x6949,0x6c49,0110100101001001,0110110001001001,0000010100000000,2
0x5848,0x57e8,0101100001001000,0101011111101000,0000111110100000,2
0x4647,0x3637,0100011001000111,0011011000110111,0111000001110000,2
0x3606,0x3645,0011011000000110,0011011001000101,0000000001000011,2
0x2845,0x0045,0010100001000101,0000000001000101,0010100000000000,2
0x3046,0x1044,0011000001000110,0001000001000100,0010000000000010,2
0xf642,0xfd42,1111011001000010,1111110101000010,0000101100000000,2
0xea41,0xea19,1110101001000001,1110101000011001,0000000001011000,2
0xd040,0xd838,1101000001000000,1101100000111000,0000100001111000,2
0xc43a,0xc43f,1100010000111010,1100010000111111,0000000000000101,2
0xb23f,0xaa3e,1011001000111111,1010101000111110,0001100000000001,2
0x9e3d,0x7e1d,1001111000111101,0111111000011101,1110000000100000,2
0x8c3c,0x843b,1000110000111100,1000010000111011,0000100000000111,2
0x7c3b,0x7b39,0111110000111011,0111101100111001,0000011100000010,2
0x6638,0x65ba,0110011000111000,0110010110111010,0000001110000010,2
0x5239,0x1639,0101001000111001,0001011000111001,0100010000000000,2
0x4238,0xc137,0100001000111000,1100000100110111,1000001100001111,2|3
0x3017,0x2037,0011000000010111,0010000000110111,0001000000100000,2
0x2034,0x1fb6,0010000000110100,0001111110110110,0011111110000010,2
0x0c25,0x8c35,0000110000100101,1000110000110101,1000000000010000,2
0xfa33,0xda3b,1111101000110011,1101101000111011,0010000000001000,2
0xea32,0xe822,1110101000110010,1110100000100010,0000001000010000,2
0xd431,0xd3d1,1101010000110001,1101001111010001,0000011111100000,1
0xc430,0x4410,1100010000110000,0100010000010000,1000000000100000,2
0xb03f,0xaf2f,1011000000111111,1010111100101111,0001111100010000,2
0x9e2e,0x9e66,1001111000101110,1001111001100110,0000000001001000,2
0x8a2f,0x8a2b,1000101000101111,1000101000101011,0000000000000100,1
0x7a3c,0x722c,0111101000111100,0111001000101100,0000100000010000,2
0x682b,0x662b,0110100000101011,0110011000101011,0000111000000000,1
0x540a,0x532a,0101010000001010,0101001100101010,0000011100100000,2
0xc429,0x4427,1100010000101001,0100010000100111,1000000000001110,2
0x2e28,0x0e28,0010111000101000,0000111000101000,0010000000000000,1
0x1e27,0x1a37,0001111000100111,0001101000110111,0000010000010000,2
0x0e26,0xcc25,0000111000100110,1100110000100101,1100001000000011,2|3
0xf824,0xf86c,1111100000100100,1111100001101100,0000000001001000,2
0xa823,0xe82b,1010100000100011,1110100000101011,0100000000001000,2
0xd422,0xc3a2,1101010000100010,1100001110100010,0001011110000000,2
0xc221,0x81a1,1100001000100001,1000000110100001,0100001110000000,2
0xaf20,0xae24,1010111100100000,1010111000100100,0000000100000100,2
0x9e1f,0x6e1f,1001111000011111,0110111000011111,1111000000000000,1
0x8c1a,0x8c2e,1000110000011010,1000110000101110,0000000000110100,2
0x781d,0x7a2d,0111100000011101,0111101000101101,0000001000110000,2
0x683c,0x581c,0110100000111100,0101100000011100,0011000000100000,2
0x521b,0x4a2b,0101001000011011,0100101000101011,0001100000110000,2
0x421a,0x3f1a,0100001000011010,0011111100011010,0111110100000000,2
0x3219,0x121d,0011001000011001,0001001000011101,0010000000000100,2
0x1c18,0x9e17,0001110000011000,1001111000010111,1000001000001111,2|3
0x0c17,0x0416,0000110000010111,0000010000010110,0000100000000001,2
0xf817,0xf811,1111100000010111,1111100000010001,0000000000000110,1
0xe694,0xe624,1110011010010100,1110011000100100,0000000010110000,2
0xd213,0xd017,1101001000010011,1101000000010111,0000001000000100,2
0xc612,0xc222,1100011000010010,1100001000100010,0000010000110000,2
0xb111,0xaf91,1011000100010001,1010111110010001,0001111010000000,2
0x9c10,0xac12,1001110000010000,1010110000010010,0011000000000010,2
0x8c8f,0x8b8d,1000110010001111,1000101110001101,0000011100000010,2
0x768e,0x758d,0111011010001110,0111010110001101,0000001100000011,2
0x668d,0xa66d,0110011010001101,1010011001101101,1100000011100000,2
0x56ac,0x568a,0101011010101100,0101011010001010,0000000000100110,2
0x428b,0x400b,0100001010001011,0100000000001011,0000001010000000,2
0x2c8a,0x2c4e,0010110010001010,0010110001001110,0000000011000100,2
0x1c8d,0x1a89,0001110010001101,0001101010001001,0000011000000100,2
0x0a88,0x0248,0000101010001000,0000001001001000,0000100011000000,2
0xf686,0xf705,1111011010000110,1111011100000101,0000000110000011,2
0xe685,0xe645,1110011010000101,1110011001000101,0000000011000000,1
0xd684,0xd384,1101011010000100,1101001110000100,0000010100000000,2
0xc083,0xb087,1100000010000011,1011000010000111,0111000000000100,2
0xb092,0xb092,1011000010010010,1011000010010010,0000000000000000,0
0x9ca1,0x9c41,1001110010100001,1001110001000001,0000000011100000,1
0x8d80,0x8c82,1000110110000000,1000110010000010,0000000100000010,2
0x767f,0x707f,0111011001111111,0111000001111111,0000011000000000,1
0x667e,0x648e,0110011001111110,0110010010001110,0000001011110000,2
0x127d,0x507d,0001001001111101,0101000001111101,0100001000000000,2
0x425c,0x4a7c,0100001001011100,0100101001111100,0000100000100000,2
0x327b,0x2e73,0011001001111011,0010111001110011,0001110000001000,2
0x167a,0x267a,0001011001111010,0010011001111010,0011000000000000,1
0x2f79,0x0e79,0010111101111001,0000111001111001,0010000100000000,2
0xf277,0x7a77,1111001001110111,0111101001110111,1000100000000000,2
0xea76,0xea16,1110101001110110,1110101000010110,0000000001100000,1
0xd475,0x5075,1101010001110101,0101000001110101,1000010000000000,2
0xc534,0xc474,1100010100110100,1100010001110100,0000000101000000,2
0xb0f3,0xb0f3,1011000011110011,1011000011110011,0000000000000000,0
0xa0f2,0x9072,1010000011110010,1001000001110010,0011000010000000,2
0x90f1,0x92d1,1001000011110001,1001001011010001,0000001000100000,2
0x7cf0,0x78ef,0111110011110000,0111100011101111,0000010000011111,2
0xeeef,0x76ef,1110111011101111,0111011011101111,1001100000000000,2
0x5aee,0x5aee,0101101011101110,0101101011101110,0000000000000000,0
0x4aed,0x4ae3,0100101011101101,0100101011100011,0000000000001110,1
0x3aec,0x3b6c,0011101011101100,0011101101101100,0000000110000000,1
0x22eb,0x266b,0010001011101011,0010011001101011,0000010010000000,2
0x16ea,0x16ed,0001011011101010,0001011011101101,0000000000000111,1
0x02e9,0x0ae8,0000001011101001,0000101011101000,0000100000000001,2
0xf2c7,0xd2e7,1111001011000111,1101001011100111,0010000000100000,2
0xdea6,0x9ee6,1101111010100110,1001111011100110,0100000001000000,2
0xcee5,0xcff5,1100111011100101,1100111111110101,0000000100010000,2
0xb864,0xbce4,1011100001100100,1011110011100100,0000010010000000,2
0xace2,0xace2,1010110011100010,1010110011100010,0000000000000000,0
0x9ce2,0x9ca1,1001110011100010,1001110010100001,0000000001000011,2
0x88e1,0x98e1,1000100011100001,1001100011100001,0001000000000000,1
0x78e0,0x78a1,0111100011100000,0111100010100001,0000000001000001,2
0x66df,0x96df,0110011011011111,1001011011011111,1111000000000000,1
0x56ce,0x57de,0101011011001110,0101011111011110,0000000100010000,2
0x42dd,0x32ed,0100001011011101,0011001011101101,0111000000110000,2
0x32dc,0x22da,0011001011011100,0010001011011010,0001000000000110,2
0x24db,0x649b,0010010011011011,0110010010011011,0100000001000000,2
0x50da,0x10d8,0101000011011010,0001000011011000,0100000000000010,2
0x00d8,0x02d9,0000000011011000,0000001011011001,0000001000000001,2
0xfed7,0xeed8,1111111011010111,1110111011011000,0001000000001111,2
0xdf57,0xded6,1101111101010111,1101111011010110,0000000110000001,2
0xcd55,0xcd19,1100110101010101,1100110100011001,0000000001001100,2
0xbd56,0xbcd4,1011110101010110,1011110011010100,0000000110000010,2
0x2b53,0xab63,0010101101010011,1010101101100011,1000000000110000,2
0x9b12,0x9752,1001101100010010,1001011101010010,0000110001000000,2
0x8b51,0xa351,1000101101010001,1010001101010001,0010100000000000,2
0x7958,0x794f,0111100101011000,0111100101001111,0000000000010111,2
0x6b4f,0x6b17,0110101101001111,0110101100010111,0000000001011000,2
0x564e,0x554e,0101011001001110,0101010101001110,0000001100000000,1
0x494f,0x494f,0100100101001111,0100100101001111,0000000000000000,0
0x394c,0x3d2c,0011100101001100,0011110100101100,0000010001100000,2
0xa74b,0x264b,1010011101001011,0010011001001011,1000000100000000,2
0x194a,0x18c6,0001100101001010,0001100011000110,0000000110001100,2
0x0569,0xe548,0000010101101001,1110010101001000,1110000000100001,2|3
0xf757,0x7747,1111011101010111,0111011101000111,1000000000010000,2
0xe546,0xe55a,1110010101000110,1110010101011010,0000000000011100,1
0xd545,0x5506,1101010101000101,0101010100000110,1000000001000011,2|3
0xcf44,0xbf44,1100111101000100,1011111101000100,0111000000000000,1
0xb543,0xb133,1011010101000011,1011000100110011,0000010001110000,2
0xa542,0xe544,1010010101000010,1110010101000100,0100000000000110,2
0xd341,0x8f41,1101001101000001,1000111101000001,0101110000000000,2
0x8540,0x863e,1000010101000000,1000011000111110,0000001101111110,2
0x753f,0x751d,0111010100111111,0111010100011101,0000000000100010,2
0x433a,0x633e,0100001100111010,0110001100111110,0010000000000100,2
0x533c,0x53bd,0101001100111100,0101001110111101,0000000010000001,2
0x44bc,0xc4c0,0100010010111100,1100010011000000,1000000001111100,2
0x313a,0x311b,0011000100111010,0011000100011011,0000000000100001,2
0x233a,0xe337,0010001100111010,1110001100110111,1100000000001101,2|3
0x11b9,0x51b9,0001000110111001,0101000110111001,0100000000000000,1
0x0338,0x0148,0000001100111000,0000000101001000,0000001001110000,2
0xef36,0x6f3b,1110111100110110,0110111100111011,1000000000001101,2|3
0xe135,0x60b6,1110000100110101,0110000010110110,1000000110000011,2|3
0x5334,0xd338,0101001100110100,1101001100111000,1000000000001100,2
0xc1f3,0xe1b3,1100000111110011,1110000110110011,0010000001000000,2
0xb3b2,0xab92,1011001110110010,1010101110010010,0001100000100000,2
0xe5b1,0xa1b1,1110010110110001,1010000110110001,0100010000000000,2
0x93b0,0xa330,1001001110110000,1010001100110000,0011000010000000,2
0x85af,0x87af,1000010110101111,1000011110101111,0000001000000000,1
0x73ae,0x74ad,0111001110101110,0111010010101101,0000011100000011,2
0x662c,0x6e3c,0110011000101100,0110111000111100,0000100000010000,2
0x5a2b,0x502b,0101101000101011,0101000000101011,0000101000000000,2
0x462a,0x402a,0100011000101010,0100000000101010,0000011000000000,1
0x3829,0x3799,0011100000101001,0011011110011001,0000111110110000,2
0x2a28,0x2a24,0010101000101000,0010101000100100,0000000000001100,1
0x1867,0x2827,0001100001100111,0010100000100111,0011000001000000,2
0x0a26,0x0826,0000101000100110,0000100000100110,0000001000000000,1
0xf824,0xe7a4,1111100000100100,1110011110100100,0001111110000000,1
0xea23,0x0a25,1110101000100011,0000101000100101,1110000000000110,2
0xd822,0xd834,1101100000100010,1101100000110100,0000000000010110,2
0xcaa1,0xce91,1100101010100001,1100111010010001,0000010000110000,2
0xb9a3,0xb999,1011100110100011,1011100110011001,0000000000111010,2
0xa7a0,0x9fc0,1010011110100000,1001111111000000,0011100001100000,2
0x971f,0x978f,1001011100011111,1001011110001111,0000000010010000,2
0x891e,0x091a,1000100100011110,0000100100011010,1000000000000100,2
0x751d,0xf11c,0111010100011101,1111000100011100,1000010000000001,2|3
0x671c,0x62dc,0110011100011100,0110001011011100,0000010111000000,2
0xf91b,0x591b,1111100100011011,0101100100011011,1010000000000000,2
0x449a,0x439a,0100010010011010,0100001110011010,0000011100000000,1
0x3799,0x5b99,0011011110011001,0101101110011001,0110110000000000,2
0x2798,0x2768,0010011110011000,0010011101101000,0000000011110000,1
0x1616,0x060e,0001011000010110,0000011000001110,0001000000011000,2
0x0815,0x8815,0000100000010101,1000100000010101,1000000000000000,1
0xf813,0x7614,1111100000010011,0111011000010100,1000111000000111,2|3
0xe692,0x0593,1110011010010010,0000010110010011,1110001100000001,2|3
0xd811,0xd991,1101100000010001,1101100110010001,0000000110000000,1
0xc690,0xc630,1100011010010000,1100011000110000,0000000010100000,2
0xb68f,0xb86f,1011011010001111,1011100001101111,0000111011100000,2
0xa88e,0x298f,1010100010001110,0010100110001111,1000000100000001,2|3
0x1689,0x968d,0001011010001001,1001011010001101,1000000000000100,2
0x890c,0x9114,1000100100001100,1001000100010100,0001100000011000,2
0x7b0b,0x830a,0111101100001011,1000001100001010,1111100000000001,1|2
0x798a,0x6986,0111100110001010,0110100110000110,0001000000001100,2
0x5b89,0x5d09,0101101110001001,0101110100001001,0000011010000000,2
0x4d88,0x2da8,0100110110001000,0010110110101000,0110000000100000,2
0x3c05,0x3be7,0011110000000101,0011101111100111,0000011111100010,2
0x3006,0x300c,0011000000000110,0011000000001100,0000000000001010,2
0x2285,0x2083,0010001010000101,0010000010000011,0000001000000110,2
0x128c,0x1283,0001001010001100,0001001010000011,0000000000001111,1
0x0513,0x04fb,0000010100010011,0000010011111011,0000000111101000,2
0xf901,0x0d02,1111100100000001,0000110100000010,1111010000000011,2|3
0xe700,0xe778,1110011100000000,1110011101111000,0000000001111000,1
0xdaff,0xd9fe,1101101011111111,1101100111111110,0000001100000001,2
0xcdfe,0xccde,1100110111111110,1100110011011110,0000000100100000,2
0xbcfd,0xbe7d,1011110011111101,1011111001111101,0000001010000000,2
0xb0fc,0xcefc,1011000011111100,1100111011111100,0111111000000000,1
0xa2fb,0xa37a,1010001011111011,1010001101111010,0000000110000001,2
0x967a,0xd6fa,1001011001111010,1101011011111010,0100000010000000,2
0x86f9,0x8ee9,1000011011111001,1000111011101001,0000100000010000,2
0x7af8,0x98f8,0111101011111000,1001100011111000,1110001000000000,2
0x68f7,0x6cf6,0110100011110111,0110110011110110,0000010000000001,2
0x5cf6,0xdcf2,0101110011110110,1101110011110010,1000000000000100,2
0xcef5,0x4eed,1100111011110101,0100111011101101,1000000000011000,2
0xc2f4,0x46f4,1100001011110100,0100011011110100,1000010000000000,2
0x32f7,0x3373,0011001011110111,0011001101110011,0000000110000100,2
0x24f2,0x22f2,0010010011110010,0010001011110010,0000011000000000,1
0x18f0,0x18d1,0001100011110000,0001100011010001,0000000000100001,2
0x0cf0,0x0bd0,0000110011110000,0000101111010000,0000011100100000,2
0xfcee,0xfaae,1111110011101110,1111101010101110,0000011001000000,2
0xf0ed,0xeef1,1111000011101101,1110111011110001,0001111000011100,2
0xe5ec,0xe46c,1110010111101100,1110010001101100,0000000110000000,1
0xd8fb,0xe0eb,1101100011111011,1110000011101011,0011100000010000,2
0xc86a,0x08eb,1100100001101010,0000100011101011,1100000010000001,2|3
0x3ce9,0xbca9,0011110011101001,1011110010101001,1000000001000000,2
0xb2e8,0xafe8,1011001011101000,1010111111101000,0001110100000000,2
0xa4e7,0xbce7,1010010011100111,1011110011100111,0001100000000000,1
0x94e6,0x94ae,1001010011100110,1001010010101110,0000000001001000,2
0x88e5,0x7ee5,1000100011100101,0111111011100101,1111011000000000,2
0x5ce4,0x7ce5,0101110011100100,0111110011100101,0010000000000001,2
0x6d63,0xb563,0110110101100011,1011010101100011,1101100000000000,2
0x6362,0x6122,0110001101100010,0110000100100010,0000001001000000,2
0x5541,0x54e1,0101010101000001,0101010011100001,0000000110100000,2
0x4960,0x491f,0100100101100000,0100100100011111,0000000001111111,1
0x3f5f,0xbfdf,0011111101011111,1011111111011111,1000000010000000,2
0x2f5e,0x2d60,0010111101011110,0010110101100000,0000001000111110,2
0x23dd,0x236d,0010001111011101,0010001101101101,0000000010110000,2
0x175c,0x535c,0001011101011100,0101001101011100,0100010000000000,2
0x0b5b,0x135b,0000101101011011,0001001101011011,0001100000000000,1
0x015a,0x115e,0000000101011010,0001000101011110,0001000000000100,2
0xf558,0xf15a,1111010101011000,1111000101011010,0000010000000010,2
0xe557,0xeb57,1110010101010111,1110101101010111,0000111000000000,1
0xd956,0xd8d8,1101100101010110,1101100011011000,0000000110001110,2
0x8f55,0xcf59,1000111101010101,1100111101011001,0100000000001100,2
0xc35c,0xc356,1100001101011100,1100001101010110,0000000000001010,2
0xb353,0x3334,1011001101010011,0011001100110100,1000000001100111,2|3
0xa752,0xb753,1010011101010010,1011011101010011,0001000000000001,2
0xbd51,0x9d61,1011110101010001,1001110101100001,0010000000110000,2
0x1150,0x8d50,0001000101010000,1000110101010000,1001110000000000,2
0x854f,0x804f,1000010101001111,1000000001001111,0000010100000000,2
0x7b4e,0x830e,0111101101001110,1000001100001110,1111100001000000,2
0x6b4d,0x6d4d,0110101101001101,0110110101001101,0000011000000000,1
0x5f4c,0x5f4c,0101111101001100,0101111101001100,0000000000000000,0
0x53cb,0x532b,0101001111001011,0101001100101011,0000000011100000,1
0x494a,0x472a,0100100101001010,0100011100101010,0000111001100000,2
0x3d4d,0x4149,0011110101001101,0100000101001001,0111110000000100,2
0xb148,0xf147,1011000101001000,1111000101000111,0100000000001111,2
0x2346,0x1f47,0010001101000110,0001111101000111,0011110000000001,2
0x1b46,0x2326,0001101101000110,0010001100100110,0011100001100000,2
0x4b45,0x0b46,0100101101000101,0000101101000110,0100000000000011,2
0xff43,0x0345,1111111101000011,0000001101000101,1111110000000110,2
0xf542,0xd540,1111010101000010,1101010101000000,0010000000000010,2
0xe941,0xd943,1110100101000001,1101100101000011,0011000000000010,2
0xdd40,0xdc42,1101110101000000,1101110001000010,0000000100000010,2
0xd13f,0xd03e,1101000100111111,1101000000111110,0000000100000001,2
0xc73e,0xc76e,1100011100111110,1100011101101110,0000000001010000,2
0xb73d,0xb7be,1011011100111101,1011011110111110,0000000010000011,2
0xab3e,0xbb3c,1010101100111110,1011101100111100,0001000000000010,2
0x9f3b,0x9f57,1001111100111011,1001111101010111,0000000001101100,2
0x953a,0x94fa,1001010100111010,1001010011111010,0000000111000000,1
0x8939,0x892d,1000100100111001,1000100100101101,0000000000010100,2
0x7d38,0x7d79,0111110100111000,0111110101111001,0000000001000001,2
0x7127,0x6937,0111000100100111,0110100100110111,0001100000010000,2
0x67b6,0x6734,0110011110110110,0110011100110100,0000000010000010,2
0x5b35,0x5b35,0101101100110101,0101101100110101,0000000000000000,0
0x5fb4,0x4bb4,0101111110110100,0100101110110100,0001010000000000,2
0x45b3,0xc5ae,0100010110110011,1100010110101110,1000000000011101,2|3
0x3832,0x39b2,0011100000110010,0011100110110010,0000000110000000,1
0x29b1,0x3991,0010100110110001,0011100110010001,0001000000100000,2
0x23b4,0x23ac,0010001110110100,0010001110101100,0000000000011000,1
0x13a7,0x11af,0001001110100111,0001000110101111,0000001000001000,2
0x17ae,0x07be,0001011110101110,0000011110111110,0001000000010000,2
0xfbac,0xf9bc,1111101110101100,1111100110111100,0000001000010000,2
0xf1ab,0x41ac,1111000110101011,0100000110101100,1011000000000111,2|3
0xe58a,0xe1aa,1110010110001010,1110000110101010,0000010000100000,2
0xd9a9,0xd9ba,1101100110101001,1101100110111010,0000000000010011,2
0xcfa8,0x0fa9,1100111110101000,0000111110101001,1100000000000001,1|2
0xe3a7,0xb3a7,1110001110100111,1011001110100111,0101000000000000,2
0x37a6,0xb826,0011011110100110,1011100000100110,1000111110000000,2
0xada5,0xb5a7,1010110110100101,1011010110100111,0001100000000010,2
0xa1a4,0x93a4,1010000110100100,1001001110100100,0011001000000000,2
0x95a3,0xd5a5,1001010110100011,1101010110100101,0100000000000110,2
0x8ba2,0x0ba2,1000101110100010,0000101110100010,1000000000000000,1
0xffa1,0x7f91,1111111110100001,0111111110010001,1000000000110000,2
0x73a0,0x72a2,0111001110100000,0111001010100010,0000000100000010,2
0x639d,0x679f,0110001110011101,0110011110011111,0000010000000010,2
0x1d9e,0x5d9d,0001110110011110,0101110110011101,0100000000000011,2
0x519d,0x4f9d,0101000110011101,0100111110011101,0001111000000000,1
0x451c,0x459b,0100010100011100,0100010110011011,0000000010000111,2
0x3b9b,0x3b95,0011101110011011,0011101110010101,0000000000001110,1
0x2f9a,0x479a,0010111110011010,0100011110011010,0110100000000000,2
0x2399,0x23d1,0010001110011001,0010001111010001,0000000001001000,2
0x1998,0x1918,0001100110011000,0001100100011000,0000000010000000,1
0x0d97,0x0b97,0000110110010111,0000101110010111,0000011000000000,1
0x0516,0x0196,0000010100010110,0000000110010110,0000010010000000,2
0xe794,0xf78c,1110011110010100,1111011110001100,0001000000011000,2
0xef91,0x2f94,1110111110010001,0010111110010100,1100000000000101,2|3
0xe592,0xe372,1110010110010010,1110001101110010,0000011011100000,2
0xd991,0xd991,1101100110010001,1101100110010001,0000000000000000,0
0xcd90,0xcba0,1100110110010000,1100101110100000,0000011000110000,2
0xc3df,0xc38f,1100001111011111,1100001110001111,0000000001010000,2
0xb79e,0xb786,1011011110011110,1011011110000110,0000000000011000,1
0xab8f,0x2b8e,1010101110001111,0010101110001110,1000000000000001,1|2
0xa18c,0xa1cc,1010000110001100,1010000111001100,0000000001000000,1
0xb58b,0x9d8b,1011010110001011,1001110110001011,0010100000000000,2
0x8b0a,0x8b82,1000101100001010,1000101110000010,0000000010001000,2
0x7fa9,0x7f85,0111111110101001,0111111110000101,0000000000101100,2
0x7388,0x748a,0111001110001000,0111010010001010,0000011100000010,2
0x2d87,0x6d97,0010110110000111,0110110110010111,0100000000010000,2
0xe186,0x6182,1110000110000110,0110000110000010,1000000000000100,2
0x5585,0x4d45,0101010110000101,0100110101000101,0001100011000000,2
0x4b86,0x4b86,0100101110000110,0100101110000110,0000000000000000,0
0x3f83,0xbf83,0011111110000011,1011111110000011,1000000000000000,1
0x3382,0x2b84,0011001110000010,0010101110000100,0001100000000110,2
0x2901,0x28f5,0010100100000001,0010100011110101,0000000111110100,2
0x1d00,0x5c80,0001110100000000,0101110010000000,0100000110000000,2
0x10fb,0x18ff,0001000011111011,0001100011111111,0000100000000100,2
0x08fe,0x0cde,0000100011111110,0000110011011110,0000010000100000,2
0xfefc,0x0efd,1111111011111100,0000111011111101,1111000000000001,1|2
0xf2fb,0x72eb,1111001011111011,0111001011101011,1000000000010000,2
0x66fa,0xe6f2,0110011011111010,1110011011110010,1000000000001000,2
0xdafd,0xfaf9,1101101011111101,1111101011111001,0010000000000100,2
0xeef8,0xceb8,1110111011111000,1100111010111000,0010000001000000,2
0xc4f7,0xc475,1100010011110111,1100010001110101,0000000010000010,2
0xbef6,0x7cf6,1011111011110110,0111110011110110,1100001000000000,2
0xb075,0xf065,1011000001110101,1111000001100101,0100000000010000,2
0xa474,0xa234,1010010001110100,1010001000110100,0000011001000000,2
0x9873,0x9867,1001100001110011,1001100001100111,0000000000010100,2
0x8c60,0x8c72,1000110001100000,1000110001110010,0000000000010010,2
0x8071,0x8273,1000000001110001,1000001001110011,0000001000000010,2
0x76f0,0x7870,0111011011110000,0111100001110000,0000111010000000,2
0x69ef,0x59ff,0110100111101111,0101100111111111,0011000000010000,2
0x5dee,0x620e,0101110111101110,0110001000001110,0011111111100000,1
0x51ed,0x51ec,0101000111101101,0101000111101100,0000000000000001,1
0x43ec,0x536c,0100001111101100,0101001101101100,0001000010000000,2
0x3beb,0x39ef,0011101111101011,0011100111101111,0000001000000100,2
0x2f7a,0x0f6a,0010111101111010,0000111101101010,0010000000010000,2
0x2069,0x20e9,0010000001101001,0010000011101001,0000000010000000,1
0x156a,0x1566,0001010101101010,0001010101100110,0000000000001100,1
0x0765,0x075f,0000011101100101,0000011101011111,0000000000111010,2
0xf96d,0xf95d,1111100101101101,1111100101011101,0000000000110000,1
0xf164,0xf170,1111000101100100,1111000101110000,0000000000010100,2
0xe2a3,0xe2db,1110001010100011,1110001011011011,0000000001111000,1
0xd4e2,0xd4b2,1101010011100010,1101010010110010,0000000001010000,2
0xc6e1,0xd2e1,1100011011100001,1101001011100001,0001010000000000,2
0xbcc0,0xbee0,1011110011000000,1011111011100000,0000001000100000,2
0xa6df,0xaee3,1010011011011111,1010111011100011,0000100000111100,2
0xa0de,0x9cd6,1010000011011110,1001110011010110,0011110000001000,2
0x92d5,0x12de,1001001011010101,0001001011011110,1000000000001011,2|3
0x84dc,0x809c,1000010011011100,1000000010011100,0000010001000000,2
0x7adb,0x825b,0111101011011011,1000001001011011,1111100010000000,2
0x6cda,0x6cba,0110110011011010,0110110010111010,0000000001100000,1
0x5659,0x5ed9,0101011001011001,0101111011011001,0000100010000000,2
0x4ed8,0x4ed8,0100111011011000,0100111011011000,0000000000000000,0
0x44d6,0x84d7,0100010011010110,1000010011010111,1100000000000001,1|2
0x3652,0x3616,0011011001010010,0011011000010110,0000000001000100,2
0x2855,0x2051,0010100001010101,0010000001010001,0000100000000100,2
0x18d4,0x3854,0001100011010100,0011100001010100,0010000010000000,2
0x0a53,0x0acb,0000101001010011,0000101011001011,0000000010011000,2
0xfe51,0xfd49,1111111001010001,1111110101001001,0000001100011000,2
0xf050,0xf020,1111000001010000,1111000000100000,0000000001110000,1
0xe24f,0xe237,1110001001001111,1110001000110111,0000000001111000,1
0x964e,0xd5ce,1001011001001110,1101010111001110,0100001110000000,2
0xc84d,0xcb4d,1100100001001101,1100101101001101,0000001100000000,1
0xb84c,0xf844,1011100001001100,1111100001000100,0100000000001000,2
0x8a4b,0xa9cb,1000101001001011,1010100111001011,0010001110000000,2
0x9a4a,0xa25a,1001101001001010,1010001001011010,0011100000010000,2
0x904b,0x9249,1001000001001011,1001001001001001,0000001000000010,2
0x8848,0x8049,1000100001001000,1000000001001001,0000100000000001,2
0x7247,0x7268,0111001001000111,0111001001101000,0000000000101111,2
0x6046,0xa246,0110000001000110,1010001001000110,1100001000000000,2
0xd7c5,0x57c3,1101011111000101,0101011111000011,1000000000000110,2
0x4744,0x3704,0100011101000100,0011011100000100,0111000001000000,2
0x36c4,0x1644,0011011011000100,0001011001000100,0010000010000000,2
0x2443,0x2345,0010010001000011,0010001101000101,0000011100000110,2
0x17c2,0xb7c1,0001011111000010,1011011111000001,1010000000000011,2|3
0x04c1,0xc480,0000010011000001,1100010010000000,1100000001000001,2|3
0xf23f,0xf3ff,1111001000111111,1111001111111111,0000000111000000,1
0xe03e,0xdf7e,1110000000111110,1101111101111110,0011111101000000,2
0xd1bd,0x59be,1101000110111101,0101100110111110,1000100000000011,2|3
0xbfbc,0xb7ba,1011111110111100,1011011110111010,0000100000000110,2
0xadbb,0xa9b3,1010110110111011,1010100110110011,0000010000001000,2
0x9bba,0x9b3e,1001101110111010,1001101100111110,0000000010000100,2
0x8db9,0x4fb9,1000110110111001,0100111110111001,1100001000000000,2
0x7bb8,0x7bb4,0111101110111000,0111101110110100,0000000000001100,1
0x6bb7,0x2b37,0110101110110111,0010101100110111,0100000010000000,2
0x4a36,0x5e36,0100101000110110,0101111000110110,0001010000000000,2
0x4835,0x4835,0100100000110101,0100100000110101,0000000000000000,0
0x3a34,0x7234,0011101000110100,0111001000110100,0100100000000000,2
0x2033,0x282f,0010000000110011,0010100000101111,0000100000011100,2
0x1632,0x1852,0001011000110010,0001100001010010,0000111001100000,2
0x4633,0x0631,0100011000110011,0000011000110001,0100000000000010,2
0xf82f,0x0028,1111100000101111,0000000000101000,1111100000000111,1|2
0xe62e,0xe8ae,1110011000101110,1110100010101110,0000111010000000,2
0xd42d,0xb42c,1101010000101101,1011010000101100,0110000000000001,2
0xc22d,0xbe2c,1100001000101101,1011111000101100,0111110000000001,2
0xba2b,0xba2b,1011101000101011,1011101000101011,0000000000000000,0
0x242a,0x842a,0010010000101010,1000010000101010,1010000000000000,2
0x9229,0x92a7,1001001000101001,1001001010100111,0000000010001110,2
0x8029,0x0029,1000000000101001,0000000000101001,1000000000000000,1
0x6e27,0x6e19,0110111000100111,0110111000011001,0000000000111110,1
0x6026,0x5fc6,0110000000100110,0101111111000110,0011111111100000,1
0x5025,0x51e5,0101000000100101,0101000111100101,0000000111000000,1
0x3e24,0xfe1f,0011111000100100,1111111000011111,1100000000111011,2|3
0x2c22,0xac22,0010110000100010,1010110000100010,1000000000000000,1
0x1b32,0x1a22,0001101100110010,0001101000100010,0000000100010000,2
0x0821,0x05e1,0000100000100001,0000010111100001,0000110111000000,2
0xfa1f,0xfb9f,1111101000011111,1111101110011111,0000000110000000,1
0xea1e,0x6a1c,1110101000011110,0110101000011100,1000000000000010,2
0xd81d,0xd721,1101100000011101,1101011100100001,0000111100111100,2
0xc614,0xc60c,1100011000010100,1100011000001100,0000000000011000,1
0xb41b,0xb414,1011010000011011,1011010000010100,0000000000001111,1
0xae1a,0xaa1a,1010111000011010,1010101000011010,0000010000000000,1
0xf419,0x9419,1111010000011001,1001010000011001,0110000000000000,1
0x8418,0x9410,1000010000011000,1001010000010000,0001000000001000,2
0x7297,0x6217,0111001010010111,0110001000010111,0001000010000000,2
0x6416,0x6457,0110010000010110,0110010001010111,0000000001000001,2
0x5215,0x4216,0101001000010101,0100001000010110,0001000000000011,2
0x4016,0x4013,0100000000010110,0100000000010011,0000000000000101,2
0x3e13,0x2e0f,0011111000010011,0010111000001111,0001000000011100,2
0x1c12,0x1612,0001110000010010,0001011000010010,0000101000000000,2
0x0d11,0x0e11,0000110100010001,0000111000010001,0000001100000000,1
0xfe0f,0x7d8f,1111111000001111,0111110110001111,1000001110000000,2
0xec0e,0x0c8f,1110110000001110,0000110010001111,1110000010000001,2|3
0xd80d,0xdc8d,1101100000001101,1101110010001101,0000010010000000,2
0xca0c,0x4a15,1100101000001100,0100101000010101,1000000000011001,2|3
0xba0b,0xb40b,1011101000001011,1011010000001011,0000111000000000,1
0xa60a,0xa589,1010011000001010,1010010110001001,0000001110000011,2
0x9a09,0xbc09,1001101000001001,1011110000001001,0010011000000000,2
0x8008,0x8809,1000000000001000,1000100000001001,0000100000000001,2
0x7607,0xb5c7,0111011000000111,1011010111000111,1100001111000000,2
0x6406,0x83e6,0110010000000110,1000001111100110,1110011111100000,2
0x5405,0x54a5,0101010000000101,0101010010100101,0000000010100000,2
0x4284,0x4280,0100001010000100,0100001010000000,0000000000000100,1
0x3483,0x33ff,0011010010000011,0011001111111111,0000011101111100,2
0x2283,0x2272,0010001010000011,0010001001110010,0000000011110001,2
0x1281,0xd27c,0001001010000001,1101001001111100,1100000011111101,2|3
0x0080,0x0488,0000000010000000,0000010010001000,0000010000001000,2
0xee7e,0xf276,1110111001111110,1111001001110110,0001110000001000,2
0xde7d,0xee8d,1101111001111101,1110111010001101,0011000011110000,2
0xd07c,0x108d,1101000001111100,0001000010001101,1100000011110001,2|3
0xc47b,0xbffb,1100010001111011,1011111111111011,0111101110000000,2
0xae7a,0xae68,1010111001111010,1010111001101000,0000000000010010,2
0x9c79,0x9479,1001110001111001,1001010001111001,0000100000000000,1
0x9c78,0x8c88,1001110001111000,1000110010001000,0001000011110000,2
0x7a75,0x7a57,0111101001110101,0111101001010111,0000000000100010,2
0x4c76,0x7476,0100110001110110,0111010001110110,0011100000000000,1
0x5c75,0x1c6d,0101110001110101,0001110001101101,0100000000011000,2
0x4a72,0x4a74,0100101001110010,0100101001110100,0000000000000110,1
0x387f,0x3873,0011100001111111,0011100001110011,0000000000001100,1
0x3832,0x2872,0011100000110010,0010100001110010,0001000001000000,2
0x1675,0x1631,0001011001110101,0001011000110001,0000000001000100,2
0x04f0,0x0450,0000010011110000,0000010001010000,0000000010100000,2
0xf26e,0xb270,1111001001101110,1011001001110000,0100000000011110,2
0xe66d,0x65ed,1110011001101101,0110010111101101,1000001110000000,2
0xd46c,0xc06c,1101010001101100,1100000001101100,0001010000000000,2
0xe26b,0xa26b,1110001001101011,1010001001101011,0100000000000000,1
0xb1ea,0xb1e6,1011000111101010,1011000111100110,0000000000001100,1
0x9fe9,0x97e8,1001111111101001,1001011111101000,0000100000000001,2
0x85e8,0x8dc8,1000010111101000,1000110111001000,0000100000100000,2
0x7ba7,0x7be6,0111101110100111,0111101111100110,0000000001000001,2
0x6de6,0x6dd6,0110110111100110,0110110111010110,0000000000110000,1
0x5de5,0xe1e5,0101110111100101,1110000111100101,1011110000000000,2
0x4ae4,0x4be3,0100101011100100,0100101111100011,0000000100000111,2
0x39e3,0x69e3,0011100111100011,0110100111100011,0101000000000000,2
0x27e2,0x26e4,0010011111100010,0010011011100100,0000000100000110,2
0x17e0,0x17d9,0001011111100000,0001011111011001,0000000000111001,2
0x05e0,0xf5ef,0000010111100000,1111010111101111,1111000000001111,1|2
0xf3de,0xd5de,1111001111011110,1101010111011110,0010011000000000,2
0xe5dd,0xe5d3,1110010111011101,1110010111010011,0000000000001110,1
0xd5dc,0xf7dc,1101010111011100,1111011111011100,0010001000000000,2
0xc3df,0xc5db,1100001111011111,1100010111011011,0000011000000100,2
0xb1da,0xb158,1011000111011010,1011000101011000,0000000010000010,2
0x9fd9,0x9f9a,1001111111011001,1001111110011010,0000000001000011,2
0x8dd8,0x8fd6,1000110111011000,1000111111010110,0000001000001110,2
0x7dd7,0x7dd7,0111110111010111,0111110111010111,0000000000000000,0
0x6fd6,0x8fc6,0110111111010110,1000111111000110,1110000000010000,2
0x5dd5,0x1dd9,0101110111010101,0001110111011001,0100000000001100,2
0x4dd4,0x0cd4,0100110111010100,0000110011010100,0100000100000000,2
0x3bd1,0x3bc3,0011101111010001,0011101111000011,0000000000010010,2
0x39c2,0x29d2,0011100111000010,0010100111010010,0001000000010000,2
0x17d1,0x16b1,0001011111010001,0001011010110001,0000000101100000,2
0x0dd0,0x05cf,0000110111010000,0000010111001111,0000100000011111,2
0x75ce,0xf5be,0111010111001110,1111010110111110,1000000001110000,2
0xe3cd,0xe3d0,1110001111001101,1110001111010000,0000000000011101,2
0xd1dc,0xf1cc,1101000111011100,1111000111001100,0010000000010000,2
0xbfcf,0xbfca,1011111111001111,1011111111001010,0000000000000101,2
0xb1ca,0x71ba,1011000111001010,0111000110111010,1100000001110000,2
0x9fd9,0x1fc9,1001111111011001,0001111111001001,1000000000010000,2
0x8dc8,0x85d8,1000110111001000,1000010111011000,0000100000010000,2
0x6bc6,0x7bc7,0110101111000110,0111101111000111,0001000000000001,2
0x6b46,0xeb46,0110101101000110,1110101101000110,1000000000000000,1
0x5905,0x5944,0101100100000101,0101100101000100,0000000001000001,2
0x4740,0x8744,0100011101000000,1000011101000100,1100000000000100,2
0x3543,0x2541,0011010101000011,0010010101000001,0001000000000010,2
0x2342,0x2342,0010001101000010,0010001101000010,0000000000000000,0
0x1943,0x1141,0001100101000011,0001000101000001,0000100000000010,2
0x0340,0xe343,0000001101000000,1110001101000011,1110000000000011,1|2
0xf13e,0xf95e,1111000100111110,1111100101011110,0000100001100000,2
0xdf3d,0xdb41,1101111100111101,1101101101000001,0000010001111100,2
0xcdbc,0xc9b8,1100110110111100,1100100110111000,0000010000000100,2
0xbbbb,0xdabb,1011101110111011,1101101010111011,0110000100000000,2
0xa83a,0xa93c,1010100000111010,1010100100111100,0000000100000110,2
0x9739,0x9959,1001011100111001,1001100101011001,0000111001100000,2
0x8538,0x8538,1000010100111000,1000010100111000,0000000000000000,0
0xf337,0x7b37,1111001100110111,0111101100110111,1000100000000000,2
0x6036,0x6116,0110000000110110,0110000100010110,0000000100100000,2
0x4f2d,0x4f35,0100111100101101,0100111100110101,0000000000011000,1
0x3db4,0x5d34,0011110110110100,0101110100110100,0110000010000000,2
0x2b33,0x2733,0010101100110011,0010011100110011,0000110000000000,1
0x98b2,0x18b1,1001100010110010,0001100010110001,1000000000000011,1|2
0x06b1,0x02af,0000011010110001,0000001010101111,0000010000011110,2
0xf8af,0xf79f,1111100010101111,1111011110011111,0000111100110000,2
0xe6ae,0xe690,1110011010101110,1110011010010000,0000000000111110,1
0xd6ad,0xc2ad,1101011010101101,1100001010101101,0001010000000000,2
0x40ac,0xbfac,0100000010101100,1011111110101100,1111111100000000,1
0xaaab,0xae6b,1010101010101011,1010111001101011,0000010011000000,2
0x9caa,0x9ea6,1001110010101010,1001111010100110,0000001000001100,2
0x8aab,0x8ca9,1000101010101011,1000110010101001,0000011000000010,2
0x78a8,0x68a0,0111100010101000,0110100010100000,0001000000001000,2
0x64a7,0x64c6,0110010010100111,0110010011000110,0000000001100001,2
0xf2a6,0x52a6,1111001010100110,0101001010100110,1010000000000000,2
0x40a4,0x4025,0100000010100100,0100000000100101,0000000010000001,2
0x6ea4,0x2da4,0110111010100100,0010110110100100,0100001100000000,2
0x1ca3,0x0ce3,0001110010100011,0000110011100011,0001000001000000,2
0x48a2,0x08b2,0100100010100010,0000100010110010,0100000000010000,2
0xf6a0,0xf71f,1111011010100000,1111011100011111,0000000110111111,2
0xe41f,0xe09f,1110010000011111,1110000010011111,0000010010000000,2
0xd21e,0xb41e,1101001000011110,1011010000011110,0110011000000000,2
0xbe1f,0x9e1d,1011111000011111,1001111000011101,0010000000000010,2
0xac14,0xab1c,1010110000010100,1010101100011100,0000011100001000,2
0x921b,0x921b,1001001000011011,1001001000011011,0000000000000000,0
0x881a,0x8818,1000100000011010,1000100000011000,0000000000000010,1
0x7419,0x7315,0111010000011001,0111001100010101,0000011100001100,2
0x6218,0x8214,0110001000011000,1000001000010100,1110000000001100,2
0x5013,0x5417,0101000000010011,0101010000010111,0000010000000100,2
0x3c16,0x3c27,0011110000010110,0011110000100111,0000000000110001,2
0x2a15,0x29b5,0010101000010101,0010100110110101,0000001110100000,2
0x1814,0x17d0,0001100000010100,0001011111010000,0000111111000100,2
0x0693,0x060b,0000011010010011,0000011000001011,0000000010011000,2
0xf211,0xe213,1111001000010001,1110001000010011,0001000000000010,2
0xe018,0xdf10,1110000000011000,1101111100010000,0011111100001000,2
0xce0f,0xcddf,1100111000001111,1100110111011111,0000001111010000,2
0xa80e,0xa71e,1010100000001110,1010011100011110,0000111100010000,2
0xd68d,0x960d,1101011010001101,1001011000001101,0100000010000000,2
0x810c,0x820c,1000000100001100,1000001000001100,0000001100000000,1
0x700b,0x7005,0111000000001011,0111000000000101,0000000000001110,1
0x5e0a,0x5d89,0101111000001010,0101110110001001,0000001110000011,2
0xca09,0x4a01,1100101000001001,0100101000000001,1000000000001000,2
0x3908,0x3708,0011100100001000,0011011100001000,0000111000000000,1
0x2607,0x2827,0010011000000111,0010100000100111,0000111000100000,2
0x1226,0x1208,0001001000100110,0001001000001000,0000000000101110,2
0x0007,0xe004,0000000000000111,1110000000000100,1110000000000011,1|2
0xce03,0xee02,1100111000000011,1110111000000010,0010000000000001,2
0xda02,0xd982,1101101000000010,1101100110000010,0000001110000000,1
0xc841,0xc811,1100100001000001,1100100000010001,0000000001010000,2
0xb601,0xb5e0,1011011000000001,1011010111100000,0000001111100001,2
0xa3ff,0xa440,1010001111111111,1010010001000000,0000011110111111,2
0x907e,0x9100,1001000001111110,1001000100000000,0000000101111110,2
0x7e7d,0x5e7c,0111111001111101,0101111001111100,0010000000000001,2
0x6c7c,0x6c7f,0110110001111100,0110110001111111,0000000000000011,1
0x5e73,0x5a7b,0101111001110011,0101101001111011,0000010000001000,2
0x45fa,0x44f8,0100010111111010,0100010011111000,0000000100000010,2
0x3379,0x3409,0011001101111001,0011010000001001,0000011101110000,2
0x1f68,0x2778,0001111101101000,0010011101111000,0011100000010000,2
0x0cf7,0x0ce7,0000110011110111,0000110011100111,0000000000010000,1
0xf8f7,0xf8f3,1111100011110111,1111100011110011,0000000000000100,1
0xe0f4,0xd104,1110000011110100,1101000100000100,0011000111110000,2
0xd8f3,0xb0f3,1101100011110011,1011000011110011,0110100000000000,2
0xba72,0x7a72,1011101001110010,0111101001110010,1100000000000000,1
0xa771,0xa5f1,1010011101110001,1010010111110001,0000001010000000,2
0x9270,0x126c,1001001001110000,0001001001101100,1000000000011100,2
0x7def,0x7dd0,0111110111101111,0111110111010000,0000000000111111,1
0x69ee,0x51ee,0110100111101110,0101000111101110,0011100000000000,1
0x55ed,0x49ed,0101010111101101,0100100111101101,0001110000000000,1
0x41ec,0x23ec,0100000111101100,0010001111101100,0110001000000000,2
0x2dab,0x2feb,0010110110101011,0010111111101011,0000001001000000,2
0x19ea,0xd9a9,0001100111101010,1101100110101001,1100000001000011,2|3
0x1569,0xe568,0001010101101001,1110010101101000,1111000000000001,1|2
0xeb67,0xeb55,1110101101100111,1110101101010101,0000000000110010,2
0xdb66,0x5b62,1101101101100110,0101101101100010,1000000000000100,2
0xc365,0x7b65,1100001101100101,0111101101100101,1011100000000000,2
0xab64,0xaf54,1010101101100100,1010111101010100,0000010000110000,2
0x9be3,0x9963,1001101111100011,1001100101100011,0000001010000000,2
0x8502,0x8562,1000010100000010,1000010101100010,0000000001100000,1
0xf161,0x7061,1111000101100001,0111000001100001,1000000100000000,2
0x7ce0,0x5de0,0111110011100000,0101110111100000,0010000100000000,2
0x48df,0x38e3,0100100011011111,0011100011100011,0111000000111100,2
0x2ede,0x16de,0010111011011110,0001011011011110,0011100000000000,1
0x185d,0x1add,0001100001011101,0001101011011101,0000001010000000,2
0x06dc,0x86ec,0000011011011100,1000011011101100,1000000000110000,2
0xf2da,0xf6d8,1111001011011010,1111011011011000,0000010000000010,2
0xdcd9,0xd0d9,1101110011011001,1101000011011001,0000110000000000,1
0xc8d8,0xa898,1100100011011000,1010100010011000,0110000001000000,2
0xb2d7,0x72d3,1011001011010111,0111001011010011,1100000000000100,2
0x9ed6,0xa2d7,1001111011010110,1010001011010111,0011110000000001,2
0x86d7,0x86cd,1000011011010111,1000011011001101,0000000000011010,2
0x7054,0x30d4,0111000001010100,0011000011010100,0100000010000000,2
0x5cd3,0x5c8b,0101110011010011,0101110010001011,0000000001011000,2
0x46d2,0x4292,0100011011010010,0100001010010010,0000010001000000,2
0x30d1,0xb2d0,0011000011010001,1011001011010000,1000001000000001,2|3
0x1ad8,0x1ad4,0001101011011000,0001101011010100,0000000000001100,1
0x044f,0xfc46,0000010001001111,1111110001000110,1111100000001001,2|3
0xf04d,0xefce,1111000001001101,1110111111001110,0001111110000011,2
0xda44,0xda0c,1101101001000100,1101101000001100,0000000001001000,2
0xe64b,0xc84b,1110011001001011,1100100001001011,0010111000000000,2
0xac4a,0xa842,1010110001001010,1010100001000010,0000010000001000,2
0x9849,0x904d,1001100001001001,1001000001001101,0000100000000100,2
0x8248,0x7ec8,1000001001001000,0111111011001000,1111110010000000,2
0x6e47,0x6e47,0110111001000111,0110111001000111,0000000000000000,0
0x5a46,0x1a4a,0101101001000110,0001101001001010,0100000000001100,2
0x4047,0x4245,0100000001000111,0100001001000101,0000001000000010,2
0x2c44,0x3244,0010110001000100,0011001001000100,0001111000000000,1
0x1643,0x13c3,0001011001000011,0001001111000011,0000010110000000,2
0x0242,0x0236,0000001001000010,0000001000110110,0000000001110100,2
0xf840,0xe83e,1111100001000000,1110100000111110,0001000001111110,2
0xd4bf,0xd4c6,1101010010111111,1101010011000110,0000000001111001,2
0xc03e,0xca3e,1100000000111110,1100101000111110,0000101000000000,2
0xaa2d,0xaa41,1010101000101101,1010101001000001,0000000001101100,2
0x923c,0x91f8,1001001000111100,1001000111111000,0000001111000100,2
0x7c3b,0x7e37,0111110000111011,0111111000110111,0000001000001100,2
0x603a,0x684a,0110000000111010,0110100001001010,0000100001110000,2
0x5239,0x51f1,0101001000111001,0101000111110001,0000001111001000,2
0x3a38,0xbb37,0011101000111000,1011101100110111,1000000100001111,2|3
0x2433,0x2037,0010010000110011,0010000000110111,0000010000000100,2
0x10b6,0x2036,0001000010110110,0010000000110110,0011000010000000,2
0xf434,0xf5b4,1111010000110100,1111010110110100,0000000110000000,1
0xe333,0xe1b3,1110001100110011,1110000110110011,0000001010000000,2
0xce32,0x4e42,1100111000110010,0100111001000010,1000000001110000,2
0xb831,0x9829,1011100000110001,1001100000101001,0010000000011000,2
0xa030,0xa0b0,1010000000110000,1010000010110000,0000000010000000,1
0x822f,0x89ef,1000001000101111,1000100111101111,0000101111000000,2
0x762e,0x682e,0111011000101110,0110100000101110,0001111000000000,1
0xdc2d,0x5c31,1101110000101101,0101110000110001,1000000000011100,2
0x4c2c,0xc82c,0100110000101100,1100100000101100,1000010000000000,2
0x342b,0x3433,0011010000101011,0011010000110011,0000000000011000,1
0x1a2a,0x9a39,0001101000101010,1001101000111001,1000000000010011,2|3
0x0629,0x8829,0000011000101001,1000100000101001,1000111000000000,2
0xe027,0xf01f,1110000000100111,1111000000011111,0001000000111000,2
0xd826,0x5824,1101100000100110,0101100000100100,1000000000000010,2
0xc224,0xc1a5,1100001000100100,1100000110100101,0000001110000001,2
0xa624,0xae04,1010011000100100,1010111000000100,0000100000100000,2
0x9421,0x9421,1001010000100001,1001010000100001,0000000000000000,0
0x7da2,0x75a2,0111110110100010,0111010110100010,0000100000000000,1
0x6d21,0xe920,0110110100100001,1110100100100000,1000010000000001,2|3
0x4f20,0x4f90,0100111100100000,0100111110010000,0000000010110000,2
0xb91d,0x391f,1011100100011101,0011100100011111,1000000000000010,2
0x1f0e,0x1e9e,0001111100001110,0001111010011110,0000000110010000,2
0x0b9d,0xfb5c,0000101110011101,1111101101011100,1111000011000001,2|3
0xf61b,0xee23,1111011000011011,1110111000100011,0001100000111000,2
0xde1a,0xde26,1101111000011010,1101111000100110,0000000000111100,1
0xd899,0xc898,1101100010011001,1100100010011000,0001000000000001,2
0xb498,0xb49f,1011010010011000,1011010010011111,0000000000000111,1
0x9c95,0x9b97,1001110010010101,1001101110010111,0000011100000010,2
0x8916,0x8918,1000100100010110,1000100100011000,0000000000001110,1
0x7115,0x6915,0111000100010101,0110100100010101,0001100000000000,1
0x5b14,0x6c14,0101101100010100,0110110000010100,0011011100000000,2
0x4313,0x40f3,0100001100010011,0100000011110011,0000001111100000,1
0x2e92,0x2792,0010111010010010,0010011110010010,0000100100000000,2
0x1b91,0x1c8f,0001101110010001,0001110010001111,0000011100011110,2
0x0390,0x2590,0000001110010000,0010010110010000,0010011000000000,2
0xf18e,0x338f,1111000110001110,0011001110001111,1100001000000001,2|3
0xd98d,0xc58d,1101100110001101,1100010110001101,0001110000000000,1
0xc60c,0xc40a,1100011000001100,1100010000001010,0000001000000110,2
0xb20b,0xb40d,1011001000001011,1011010000001101,0000011000000110,2
0x9a0a,0x898a,1001101000001010,1000100110001010,0001001110000000,2
0x8609,0xc5f9,1000011000001001,1100010111111001,0100001111110000,2
0x7028,0x6f08,0111000000101000,0110111100001000,0001111100100000,2
0x5c07,0x1bc7,0101110000000111,0001101111000111,0100011111000000,2
0x4486,0x6086,0100010010000110,0110000010000110,0010010000000000,2
0x3085,0xae84,0011000010000101,1010111010000100,1001111000000001,2|3
0x1a94,0x1a74,0001101010010100,0001101001110100,0000000011100000,1
0x0683,0xe602,0000011010000011,1110011000000010,1110000010000001,2|3
0xf281,0x7292,1111001010000001,0111001010010010,1000000000010011,2|3
0xdc80,0xdc83,1101110010000000,1101110010000011,0000000000000011,1
0xc47d,0xc3ff,1100010001111101,1100001111111111,0000011110000010,2
0xb27e,0xb386,1011001001111110,1011001110000110,0000000111111000,1
0x9e7d,0x9d6d,1001111001111101,1001110101101101,0000001100010000,2
0x867d,0x865c,1000011001111101,1000011001011100,0000000000100001,2
0x747b,0x74b9,0111010001111011,0111010010111001,0000000011000010,2
0x5c7a,0x5c9e,0101110001111010,0101110010011110,0000000011100100,2
0x4af9,0x42fa,0100101011111001,0100001011111010,0000100000000011,2
0x36f8,0x2ef8,0011011011111000,0010111011111000,0001100000000000,1
0x1af7,0xfef6,0001101011110111,1111111011110110,1110010000000001,2|3
0x08f6,0x8975,0000100011110110,1000100101110101,1000000110000011,2|3
0xf4f4,0xf934,1111010011110100,1111100100110100,0000110111000000,2
0xdef3,0xdef5,1101111011110011,1101111011110101,0000000000000110,1
0xc2f2,0xc2f2,1100001011110010,1100001011110010,0000000000000000,0
0xb6b1,0xb4f1,1011011010110001,1011010011110001,0000001001000000,2
0xa0f0,0x9eec,1010000011110000,1001111011101100,0011111000011100,2
0x8aff,0x8bef,1000101011111111,1000101111101111,0000000100010000,2
0x76ee,0x6efe,0111011011101110,0110111011111110,0001100000010000,2
0x61ed,0x61ed,0110000111101101,0110000111101101,0000000000000000,0
0x4cec,0x3c6c,0100110011101100,0011110001101100,0111000010000000,2
0xb6eb,0xb6eb,1011011011101011,1011011011101011,0000000000000000,0
0xa2ea,0x232a,1010001011101010,0010001100101010,1000000111000000,2
0x0ce9,0x8ce4,0000110011101001,1000110011100100,1000000000001101,2|3
0xf8e7,0xb0e7,1111100011100111,1011000011100111,0100100000000000,2
0xe2e6,0x9ee6,1110001011100110,1001111011100110,0111110000000000,1
0xb8e5,0xb9e9,1011100011100101,1011100111101001,0000000100001100,2
0xa2f4,0xa4e4,1010001011110100,1010010011100100,0000011000010000,2
0x8ee3,0x7f63,1000111011100011,0111111101100011,1111000110000000,2
0x78e2,0x80e6,0111100011100010,1000000011100110,1111100000000100,2
0x64e3,0x64df,0110010011100011,0110010011011111,0000000000111100,1
0x5ee0,0x4ea0,0101111011100000,0100111010100000,0001000001000000,2
0x3bde,0x3adf,0011101111011110,0011101011011111,0000000100000001,2
0x26de,0x04de,0010011011011110,0000010011011110,0010001000000000,2
0x52dd,0x14dd,0101001011011101,0001010011011101,0100011000000000,2
0xeadb,0xfaeb,1110101011011011,1111101011101011,0001000000110000,2
0xe0db,0xe4da,1110000011011011,1110010011011010,0000010000000001,2
0x9099,0xd0d9,1001000010011001,1101000011011001,0100000001000000,2
0xb6d8,0xb958,1011011011011000,1011100101011000,0000111110000000,1
0xa4d7,0xa8f7,1010010011010111,1010100011110111,0000110000100000,2
0x98d6,0x90d8,1001100011010110,1001000011011000,0000100000001110,2
0x7edd,0x7cd5,0111111011011101,0111110011010101,0000001000001000,2
0x66d4,0xe6cb,0110011011010100,1110011011001011,1000000000011111,1|2
0x54d3,0x5093,0101010011010011,0101000010010011,0000010001000000,2
0x3cd2,0x2bd2,0011110011010010,0010101111010010,0001011100000000,2
0x26d1,0x27d2,0010011011010001,0010011111010010,0000000100000011,2
0x12d0,0x0e90,0001001011010000,0000111010010000,0001110001000000,2
0x7c8e,0xfcce,0111110010001110,1111110011001110,1000000001000000,2
0x68cd,0xe0cd,0110100011001101,1110000011001101,1000100000000000,2
0xd24c,0xc2cc,1101001001001100,1100001011001100,0001000010000000,2
0xbeca,0xbed3,1011111011001010,1011111011010011,0000000000011001,2
0xa8ca,0xa8ca,1010100011001010,1010100011001010,0000000000000000,0
0x96c9,0x92c1,1001011011001001,1001001011000001,0000010000001000,2
0x7ec8,0x7ec8,0111111011001000,0111111011001000,0000000000000000,0
0x60c7,0x68c8,0110000011000111,0110100011001000,0000100000001111,2
0x50c6,0x50c7,0101000011000110,0101000011000111,0000000000000001,1
0x3ec1,0x3ea5,0011111011000001,0011111010100101,0000000001100100,2
0x28e4,0x08c4,0010100011100100,0000100011000100,0010000000100000,2
0x14c3,0x14c8,0001010011000011,0001010011001000,0000000000001011,2
0xfec1,0xeec3,1111111011000001,1110111011000011,0001000000000010,2
0xe6c0,0xe6dc,1110011011000000,1110011011011100,0000000000011100,1
0xd4bf,0xd4bf,1101010010111111,1101010010111111,0000000000000000,0
0xbcae,0xbc9e,1011110010101110,1011110010011110,0000000000110000,1
0xaab5,0x2abe,1010101010110101,0010101010111110,1000000000001011,2|3
0x92bc,0x92bf,1001001010111100,1001001010111111,0000000000000011,1
0xfcbb,0x7c7b,1111110010111011,0111110001111011,1000000011000000,2
0x6aba,0x4ac2,0110101010111010,0100101011000010,0010000001111000,2
0x52b9,0x10b9,0101001010111001,0001000010111001,0100001000000000,2
0x40a8,0x40b9,0100000010101000,0100000010111001,0000000000010001,2
0x28b7,0x28bf,0010100010110111,0010100010111111,0000000000001000,1
0x1ab6,0x1336,0001101010110110,0001001100110110,0000100110000000,2
0xfcb4,0xfeb5,1111110010110100,1111111010110101,0000001000000001,2
0xe8b3,0xeab5,1110100010110011,1110101010110101,0000001000000110,2
0xd2b2,0xd472,1101001010110010,1101010001110010,0000011011000000,2
0xbeb3,0x3eb1,1011111010110011,0011111010110001,1000000000000010,2
0x28b2,0xa8b0,0010100010110010,1010100010110000,1000000000000010,2
0x90af,0x1030,1001000010101111,0001000000110000,1000000010011111,2|3
0x7cee,0x7eae,0111110011101110,0111111010101110,0000001001000000,2
0x50ad,0x4eac,0101000010101101,0100111010101100,0001111000000001,2
0x3cbc,0x3c6c,0011110010111100,0011110001101100,0000000011010000,2
0x26ab,0xe6aa,0010011010101011,1110011010101010,1100000000000001,1|2
0x50aa,0x10a9,0101000010101010,0001000010101001,0100000000000011,2
0xe6aa,0xe6a0,1110011010101010,1110011010100000,0000000000001010,2
0xcea7,0xbec7,1100111010100111,1011111011000111,0111000001100000,2
0xbea6,0xc0a6,1011111010100110,1100000010100110,0111111000000000,1
0xa485,0xa49d,1010010010000101,1010010010011101,0000000000011000,1
0x8eac,0x8ee4,1000111010101100,1000111011100100,0000000001001000,2
0x6ca3,0x7c9b,0110110010100011,0111110010011011,0001000000111000,2
0x64aa,0x6492,0110010010101010,0110010010010010,0000000000111000,1
0x4e81,0xcea1,0100111010000001,1100111010100001,1000000000100000,2
0x3a20,0x36a0,0011101000100000,0011011010100000,0000110010000000,2
0x2c9d,0x249f,0010110010011101,0010010010011111,0000100000000010,2
0x0d1e,0x0c9e,0000110100011110,0000110010011110,0000000110000000,1
0xfb5c,0xfb1e,1111101101011100,1111101100011110,0000000001000010,2
0xe49b,0x6499,1110010010011011,0110010010011001,1000000000000010,2
0xcc9a,0xd69a,1100110010011010,1101011010011010,0001101000000000,2
0xb699,0xae59,1011011010011001,1010111001011001,0001100011000000,2
0xa298,0xa488,1010001010011000,1010010010001000,0000011000010000,2
0x8c97,0x888f,1000110010010111,1000100010001111,0000010000011000,2
0x7516,0x7508,0111010100010110,0111010100001000,0000000000011110,1
0xdf15,0x5e15,1101111100010101,0101111000010101,1000000100000000,2
0x4d54,0x4d12,0100110101010100,0100110100010010,0000000001000110,2
0x3693,0x349b,0011011010010011,0011010010011011,0000001000001000,2
0x1e92,0x1e92,0001111010010010,0001111010010010,0000000000000000,0
0x0a91,0x0995,0000101010010001,0000100110010101,0000001100000100,2
0xf48f,0xd88f,1111010010001111,1101100010001111,0010110000000000,2
0xdd0e,0xe30e,1101110100001110,1110001100001110,0011111000000000,1
0xc70d,0xc6fd,1100011100001101,1100011011111101,0000000111110000,1
0xb48c,0x74cc,1011010010001100,0111010011001100,1100000001000000,2
0x9d83,0x9d0b,1001110110000011,1001110100001011,0000000010001000,2
0x870a,0x860b,1000011100001010,1000011000001011,0000000100000001,2
0xf509,0x7309,1111010100001001,0111001100001001,1000011000000000,2
0x5d08,0x7c88,0101110100001000,0111110010001000,0010000110000000,2
0x4707,0x467f,0100011100000111,0100011001111111,0000000101111000,2
0x2f04,0xef05,0010111100000100,1110111100000101,1100000000000001,1|2
0x1d05,0x1dc5,0001110100000101,0001110111000101,0000000011000000,1
0x0704,0x0884,0000011100000100,0000100010000100,0000111110000000,1
0xee8a,0xf682,1110111010001010,1111011010000010,0001100000001000,2
0xd8a1,0xe881,1101100010100001,1110100010000001,0011000000100000,2
0xc480,0xc082,1100010010000000,1100000010000010,0000010000000010,2
0xae4f,0xae7f,1010111001001111,1010111001111111,0000000000110000,1
0x987e,0x9776,1001100001111110,1001011101110110,0000111100001000,2
0x807d,0x807d,1000000001111101,1000000001111101,0000000000000000,0
0x6e7c,0x6e3b,0110111001111100,0110111000111011,0000000001000111,2
0x567b,0x447b,0101011001111011,0100010001111011,0001001000000000,2
0x405a,0x407c,0100000001011010,0100000001111100,0000000000100110,2
0x2a79,0x2875,0010101001111001,0010100001110101,0000001000001100,2
0x127c,0x12b8,0001001001111100,0001001010111000,0000000011000100,2
0xdc76,0xdc76,1101110001110110,1101110001110110,0000000000000000,0
0x3d3a,0x3a3a,0011110100111010,0011101000111010,0000011100000000,1
