0x55a6,0x4566,0101010110100110,0100010101100110,0001000011000000,2
0x3fa5,0x2f65,0011111110100101,0010111101100101,0001000011000000,2
0x29a4,0x3964,0010100110100100,0011100101100100,0001000011000000,2
0x19a3,0x2963,0001100110100011,0010100101100011,0011000011000000,2
0x03a2,0x1362,0000001110100010,0001001101100010,0001000011000000,2
0xefa0,0xff60,1110111110100000,1111111101100000,0001000011000000,2
0xd99f,0xc95f,1101100110011111,1100100101011111,0001000011000000,2
0xc59e,0xb55e,1100010110011110,1011010101011110,0111000011000000,2
0xaf9d,0x9f5d,1010111110011101,1001111101011101,0011000011000000,2
0x9b9c,0xab5c,1001101110011100,1010101101011100,0011000011000000,2
0x899b,0x995b,1000100110011011,1001100101011011,0001000011000000,2
0x739a,0x835a,0111001110011010,1000001101011010,1111000011000000,2
0x5f99,0x4f59,0101111110011001,0100111101011001,0001000011000000,2
0x4998,0x3958,0100100110011000,0011100101011000,0111000011000000,2
0x3597,0x2557,0011010110010111,0010010101010111,0001000011000000,2
0x1f96,0x2f56,0001111110010110,0010111101010110,0011000011000000,2
0x0b95,0x1b55,0000101110010101,0001101101010101,0001000011000000,2
0xf993,0x0954,1111100110010011,0000100101010100,1111000011000111,2|3
0xe592,0xd552,1110010110010010,1101010101010010,0011000011000000,2
0xcf91,0xbf51,1100111110010001,1011111101010001,0111000011000000,2
0xbb90,0xab50,1011101110010000,1010101101010000,0001000011000000,2
0x918f,0xa14f,1001000110001111,1010000101001111,0011000011000000,2
0x7b8e,0x8b4e,0111101110001110,1000101101001110,1111000011000000,2
0x678d,0x774d,0110011110001101,0111011101001101,0001000011000000,2
0x518c,0x414c,0101000110001100,0100000101001100,0001000011000000,2
0x3d8b,0x2d4b,0011110110001011,0010110101001011,0001000011000000,2
0x278a,0x174a,0010011110001010,0001011101001010,0011000011000000,2
0x1409,0x23c9,0001010000001001,0010001111001001,0011011111000000,2
0x0408,0x13c8,0000010000001000,0001001111001000,0001011111000000,2
0xf006,0xffc6,1111000000000110,1111111111000110,0000111111000000,1
0xc685,0xb645,1100011010000101,1011011001000101,0111000011000000,2
0x9e84,0x8e44,1001111010000100,1000111001000100,0001000011000000,2
0x8883,0x9843,1000100010000011,1001100001000011,0001000011000000,2
0x7482,0x8442,0111010010000010,1000010001000010,1111000011000000,2
0x6081,0x7041,0110000010000001,0111000001000001,0001000011000000,2
0x4c80,0x5c40,0100110010000000,0101110001000000,0001000011000000,2
0x367f,0x263f,0011011001111111,0010011000111111,0001000001000000,2
0x227e,0x123e,0010001001111110,0001001000111110,0011000001000000,2
0x0e7d,0xfe3c,0000111001111101,1111111000111100,1111000001000001,2|3
0xfa7b,0x0a3c,1111101001111011,0000101000111100,1111000001000111,2|3
0xd07a,0xe03a,1101000001111010,1110000000111010,0011000001000000,2
0x0000,0xeeff,0000000000000000,1110111011111111,1110111011111111,2|3
0xbc79,0xcc39,1011110001111001,1100110000111001,0111000001000000,2
0xa878,0x9838,1010100001111000,1001100000111000,0011000001000000,2
0x9477,0x8437,1001010001110111,1000010000110111,0001000001000000,2
0x7e76,0x6e36,0111111001110110,0110111000110110,0001000001000000,2
0x6a75,0x7a35,0110101001110101,0111101000110101,0001000001000000,2
0x5674,0x6634,0101011001110100,0110011000110100,0011000001000000,2
0x4273,0x5233,0100001001110011,0101001000110011,0001000001000000,2
0x2e72,0x3e32,0010111001110010,0011111000110010,0001000001000000,2
0x1871,0x0831,0001100001110001,0000100000110001,0001000001000000,2
0x0470,0xf42f,0000010001110000,1111010000101111,1111000001011111,2|3
0xf06e,0xe02e,1111000001101110,1110000000101110,0001000001000000,2
0xdc6d,0xcc2d,1101110001101101,1100110000101101,0001000001000000,2
0xc86c,0xd82c,1100100001101100,1101100000101100,0001000001000000,2
0xb26b,0xc22b,1011001001101011,1100001000101011,0111000001000000,2
0x8a6a,0x7a2a,1000101001101010,0111101000101010,1111000001000000,2
0x7269,0x6229,0111001001101001,0110001000101001,0001000001000000,2
0x6068,0x5028,0110000001101000,0101000000101000,0011000001000000,2
0x4867,0x3827,0100100001100111,0011100000100111,0111000001000000,2
0x3466,0x4426,0011010001100110,0100010000100110,0111000001000000,2
0x2065,0x3025,0010000001100101,0011000000100101,0001000001000000,2
0x0a64,0x1a24,0000101001100100,0001101000100100,0001000001000000,2
0xf5e2,0xe5a2,1111010111100010,1110010110100010,0001000001000000,2
0xe1e1,0xd1a1,1110000111100001,1101000110100001,0011000001000000,2
0xcde0,0xbda0,1100110111100000,1011110110100000,0111000001000000,2
0xb7df,0xa79f,1011011111011111,1010011110011111,0001000001000000,2
0xa3de,0xb39e,1010001111011110,1011001110011110,0001000001000000,2
0x8fdd,0x9f9d,1000111111011101,1001111110011101,0001000001000000,2
0x7bdc,0x8b9c,0111101111011100,1000101110011100,1111000001000000,2
0x65db,0x559b,0110010111011011,0101010110011011,0011000001000000,2
0x4e5a,0x3e1a,0100111001011010,0011111000011010,0111000001000000,2
0x3a59,0x2a19,0011101001011001,0010101000011001,0001000001000000,2
0x2658,0x1618,0010011001011000,0001011000011000,0011000001000000,2
0x1057,0x2017,0001000001010111,0010000000010111,0011000001000000,2
0xfc55,0x0c16,1111110001010101,0000110000010110,1111000001000011,2|3
0xe854,0xf814,1110100001010100,1111100000010100,0001000001000000,2
0xd453,0xe413,1101010001010011,1110010000010011,0011000001000000,2
0xba52,0xaa12,1011101001010010,1010101000010010,0001000001000000,2
0xa651,0x9611,1010011001010001,1001011000010001,0011000001000000,2
0x9250,0x8210,1001001001010000,1000001000010000,0001000001000000,2
0x7e4f,0x8e0f,0111111001001111,1000111000001111,1111000001000000,2
0x6a4e,0x7a0e,0110101001001110,0111101000001110,0001000001000000,2
0x53cd,0x638d,0101001111001101,0110001110001101,0011000001000000,2
0x3f4c,0x4f0c,0011111101001100,0100111100001100,0111000001000000,2
0x294b,0x190b,0010100101001011,0001100100001011,0011000001000000,2
0x0eca,0xfe89,0000111011001010,1111111010001001,1111000001000011,2|3
0xfac8,0xea88,1111101011001000,1110101010001000,0001000001000000,2
0xe547,0xf507,1110010101000111,1111010100000111,0001000001000000,2
0xd1c6,0xe186,1101000111000110,1110000110000110,0011000001000000,2
0xbdc5,0xcd85,1011110111000101,1100110110000101,0111000001000000,2
0xaa44,0x9a04,1010101001000100,1001101000000100,0011000001000000,2
0x9243,0x8203,1001001001000011,1000001000000011,0001000001000000,2
0x7ec2,0x6e82,0111111011000010,0110111010000010,0001000001000000,2
0x6ac1,0x5a81,0110101011000001,0101101010000001,0011000001000000,2
0x56c0,0x6680,0101011011000000,0110011010000000,0011000001000000,2
0x3f3f,0x4eff,0011111100111111,0100111011111111,0111000111000000,2
0x2b3e,0x3afe,0010101100111110,0011101011111110,0001000111000000,2
0x173d,0x26fd,0001011100111101,0010011011111101,0011000111000000,2
0x053c,0x14fc,0000010100111100,0001010011111100,0001000111000000,2
0xf1ba,0xe17a,1111000110111010,1110000101111010,0001000011000000,2
0xc7b9,0xb779,1100011110111001,1011011101111001,0111000011000000,2
0xb3b8,0xa378,1011001110111000,1010001101111000,0001000011000000,2
0x9fb7,0xaf77,1001111110110111,1010111101110111,0011000011000000,2
0x8a36,0x99f6,1000101000110110,1001100111110110,0001001111000000,2
0x7635,0x85f5,0111011000110101,1000010111110101,1111001111000000,2
0x5034,0x5ff4,0101000000110100,0101111111110100,0000111111000000,1
0x3e33,0x4df3,0011111000110011,0100110111110011,0111001111000000,2
0x2832,0x17f2,0010100000110010,0001011111110010,0011111111000000,1
0x02b1,0xf270,0000001010110001,1111001001110000,1111000011000001,2|3
0xf0af,0xe06f,1111000010101111,1110000001101111,0001000011000000,2
0xd8ae,0xc86e,1101100010101110,1100100001101110,0001000011000000,2
0xb52d,0xc4ed,1011010100101101,1100010011101101,0111000111000000,2
0x8d2c,0x9cec,1000110100101100,1001110011101100,0001000111000000,2
0x672b,0x76eb,0110011100101011,0111011011101011,0001000111000000,2
0x552a,0x64ea,0101010100101010,0110010011101010,0011000111000000,2
0x3f29,0x4ee9,0011111100101001,0100111011101001,0111000111000000,2
0x2d28,0x1ce8,0010110100101000,0001110011101000,0011000111000000,2
0x0727,0xf6e6,0000011100100111,1111011011100110,1111000111000001,2|3
0xdf25,0xcee5,1101111100100101,1100111011100101,0001000111000000,2
0xcda4,0xbd64,1100110110100100,1011110101100100,0111000011000000,2
0xb7a3,0xa763,1011011110100011,1010011101100011,0001000011000000,2
0xa5a2,0xb562,1010010110100010,1011010101100010,0001000011000000,2
0x93a1,0xa361,1001001110100001,1010001101100001,0011000011000000,2
0x6ba0,0x7b60,0110101110100000,0111101101100000,0001000011000000,2
0x599f,0x695f,0101100110011111,0110100101011111,0011000011000000,2
0x481e,0x57de,0100100000011110,0101011111011110,0001111111000000,1
0x381d,0x47dd,0011100000011101,0100011111011101,0111111111000000,1
0x229c,0x325c,0010001010011100,0011001001011100,0001000011000000,2
0x009b,0x105b,0000000010011011,0001000001011011,0001000011000000,2
0xea99,0xda59,1110101010011001,1101101001011001,0011000011000000,2
0xd898,0xc858,1101100010011000,1100100001011000,0001000011000000,2
0xc897,0xb857,1100100010010111,1011100001010111,0111000011000000,2
0xb296,0xa256,1011001010010110,1010001001010110,0001000011000000,2
0xa095,0x9055,1010000010010101,1001000001010101,0011000011000000,2
0x8e94,0x7e54,1000111010010100,0111111001010100,1111000011000000,2
0x7a93,0x6a53,0111101010010011,0110101001010011,0001000011000000,2
0x6892,0x5852,0110100010010010,0101100001010010,0011000011000000,2
0x5691,0x4651,0101011010010001,0100011001010001,0001000011000000,2
0x3090,0x2050,0011000010010000,0010000001010000,0001000011000000,2
0x1e8f,0x2e4f,0001111010001111,0010111001001111,0011000011000000,2
0x0e8e,0x1e4e,0000111010001110,0001111001001110,0001000011000000,2
0xe68c,0xf64c,1110011010001100,1111011001001100,0001000011000000,2
0xd48b,0xe44b,1101010010001011,1110010001001011,0011000011000000,2
0xc08a,0xd04a,1100000010001010,1101000001001010,0001000011000000,2
0x9c89,0xac49,1001110010001001,1010110001001001,0011000011000000,2
0x7688,0x8648,0111011010001000,1000011001001000,1111000011000000,2
0x6487,0x7447,0110010010000111,0111010001000111,0001000011000000,2
0x5086,0x6046,0101000010000110,0110000001000110,0011000011000000,2
0x3e85,0x2e45,0011111010000101,0010111001000101,0001000011000000,2
0x2e84,0x1e44,0010111010000100,0001111001000100,0011000011000000,2
0x1883,0x0843,0001100010000011,0000100001000011,0001000011000000,2
0x0682,0xf641,0000011010000010,1111011001000001,1111000011000011,2|3
0xf680,0xe640,1111011010000000,1110011001000000,0001000011000000,2
0xe47f,0xd43f,1110010001111111,1101010000111111,0011000001000000,2
0xce7e,0xbe3e,1100111001111110,1011111000111110,0111000001000000,2
0xbe7d,0xae3d,1011111001111101,1010111000111101,0001000001000000,2
0x987c,0x883c,1001100001111100,1000100000111100,0001000001000000,2
0x86fb,0x76bb,1000011011111011,0111011010111011,1111000001000000,2
0x74fa,0x64ba,0111010011111010,0110010010111010,0001000001000000,2
0x4ef9,0x5eb9,0100111011111001,0101111010111001,0001000001000000,2
0x3ef8,0x4eb8,0011111011111000,0100111010111000,0111000001000000,2
0x28f7,0x38b7,0010100011110111,0011100010110111,0001000001000000,2
0x18f6,0x28b6,0001100011110110,0010100010110110,0011000001000000,2
0x06f5,0x16b5,0000011011110101,0001011010110101,0001000001000000,2
0xf2f3,0x02b4,1111001011110011,0000001010110100,1111000001000111,2|3
0xe0f2,0xf0b2,1110000011110010,1111000010110010,0001000001000000,2
0xbaf1,0xcab1,1011101011110001,1100101010110001,0111000001000000,2
0x98f0,0xa8b0,1001100011110000,1010100010110000,0011000001000000,2
0x84ef,0x94af,1000010011101111,1001010010101111,0001000001000000,2
0x72ee,0x82ae,0111001011101110,1000001010101110,1111000001000000,2
0x5eed,0x6ead,0101111011101101,0110111010101101,0011000001000000,2
0x4cec,0x5cac,0100110011101100,0101110010101100,0001000001000000,2
0x3ceb,0x4cab,0011110011101011,0100110010101011,0111000001000000,2
0x26ea,0x16aa,0010011011101010,0001011010101010,0011000001000000,2
0x0469,0xf428,0000010001101001,1111010000101000,1111000001000001,2|3
0xee67,0xde27,1110111001100111,1101111000100111,0011000001000000,2
0xde66,0xce26,1101111001100110,1100111000100110,0001000001000000,2
0xb5e5,0xa5a5,1011010111100101,1010010110100101,0001000001000000,2
0xa3e4,0x93a4,1010001111100100,1001001110100100,0011000001000000,2
0x91e3,0x81a3,1001000111100011,1000000110100011,0001000001000000,2
0x6be2,0x5ba2,0110101111100010,0101101110100010,0011000001000000,2
0x43e1,0x53a1,0100001111100001,0101001110100001,0001000001000000,2
0x31e0,0x41a0,0011000111100000,0100000110100000,0111000001000000,2
0x21df,0x319f,0010000111011111,0011000110011111,0001000001000000,2
0xf9dd,0x099e,1111100111011101,0000100110011110,1111000001000011,2|3
0xe3dc,0xf39c,1110001111011100,1111001110011100,0001000001000000,2
0xd1db,0xe19b,1101000111011011,1110000110011011,0011000001000000,2
0xc1da,0xd19a,1100000111011010,1101000110011010,0001000001000000,2
0xabd9,0xbb99,1010101111011001,1011101110011001,0001000001000000,2
0x99d8,0x8998,1001100111011000,1000100110011000,0001000001000000,2
0x87d7,0x7797,1000011111010111,0111011110010111,1111000001000000,2
0x73d6,0x6396,0111001111010110,0110001110010110,0001000001000000,2
0x61d5,0x5195,0110000111010101,0101000110010101,0011000001000000,2
0x4fd4,0x3f94,0100111111010100,0011111110010100,0111000001000000,2
0x3c53,0x2c13,0011110001010011,0010110000010011,0001000001000000,2
0x2a52,0x1a12,0010101001010010,0001101000010010,0011000001000000,2
0x0251,0xf210,0000001001010001,1111001000010000,1111000001000001,2|3
0xee4f,0xde0f,1110111001001111,1101111000001111,0011000001000000,2
0xca4e,0xda0e,1100101001001110,1101101000001110,0001000001000000,2
0xb64d,0xc60d,1011011001001101,1100011000001101,0111000001000000,2
0xa44c,0xb40c,1010010001001100,1011010000001100,0001000001000000,2
0x944b,0xa40b,1001010001001011,1010010000001011,0011000001000000,2
0x7e4a,0x8e0a,0111111001001010,1000111000001010,1111000001000000,2
0x6c49,0x7c09,0110110001001001,0111110000001001,0001000001000000,2
0x5848,0x6808,0101100001001000,0110100000001000,0011000001000000,2
0x4647,0x5607,0100011001000111,0101011000000111,0001000001000000,2
0x3646,0x4606,0011011001000110,0100011000000110,0111000001000000,2
0x2045,0x3005,0010000001000101,0011000000000101,0001000001000000,2
0x1044,0x2004,0001000001000100,0010000000000100,0011000001000000,2
0xfe42,0x0e03,1111111001000010,0000111000000011,1111000001000001,2|3
0xea41,0xfa01,1110101001000001,1111101000000001,0001000001000000,2
0xd840,0xe800,1101100001000000,1110100000000000,0011000001000000,2
0xc43f,0xd3ff,1100010000111111,1101001111111111,0001011111000000,2
0xb23e,0xa1fe,1011001000111110,1010000111111110,0001001111000000,2
0x9e3d,0x8dfd,1001111000111101,1000110111111101,0001001111000000,2
0x8c3c,0x7bfc,1000110000111100,0111101111111100,1111011111000000,2
0x7c3b,0x6bfb,0111110000111011,0110101111111011,0001011111000000,2
0x663a,0x55fa,0110011000111010,0101010111111010,0011001111000000,2
0x5639,0x45f9,0101011000111001,0100010111111001,0001001111000000,2
0x4238,0x31f8,0100001000111000,0011000111111000,0111001111000000,2
0x3037,0x1ff7,0011000000110111,0001111111110111,0010111111000000,2
0x2036,0x0ff6,0010000000110110,0000111111110110,0010111111000000,2
0x0c35,0xfbf4,0000110000110101,1111101111110100,1111011111000001,2|3
0xfa33,0xe9f3,1111101000110011,1110100111110011,0001001111000000,2
0xea32,0xd9f2,1110101000110010,1101100111110010,0011001111000000,2
0xd431,0xc3f1,1101010000110001,1100001111110001,0001011111000000,2
0xc430,0xb3f0,1100010000110000,1011001111110000,0111011111000000,2
0xb02f,0x9fef,1011000000101111,1001111111101111,0010111111000000,2
0x9e2e,0x8dee,1001111000101110,1000110111101110,0001001111000000,2
0x8a2d,0x79ed,1000101000101101,0111100111101101,1111001111000000,2
0x7a2c,0x69ec,0111101000101100,0110100111101100,0001001111000000,2
0x682b,0x57eb,0110100000101011,0101011111101011,0011111111000000,1
0x542a,0x43ea,0101010000101010,0100001111101010,0001011111000000,2
0x4429,0x33e9,0100010000101001,0011001111101001,0111011111000000,2
0x2e28,0x3de8,0010111000101000,0011110111101000,0001001111000000,2
0x1e27,0x2de7,0001111000100111,0010110111100111,0011001111000000,2
0x0e26,0x1de6,0000111000100110,0001110111100110,0001001111000000,2
0xf824,0x07e5,1111100000100100,0000011111100101,1111111111000001,1|2
0xe823,0xf7e3,1110100000100011,1111011111100011,0001111111000000,1
0xd422,0xe3e2,1101010000100010,1110001111100010,0011011111000000,2
0xc221,0xd1e1,1100001000100001,1101000111100001,0001001111000000,2
0xae20,0xbde0,1010111000100000,1011110111100000,0001001111000000,2
0x9e1f,0xaddf,1001111000011111,1010110111011111,0011001111000000,2
0x8c1e,0x9bde,1000110000011110,1001101111011110,0001011111000000,2
0x781d,0x87dd,0111100000011101,1000011111011101,1111111111000000,1
0x681c,0x77dc,0110100000011100,0111011111011100,0001111111000000,1
0x521b,0x61db,0101001000011011,0110000111011011,0011001111000000,2
0x421a,0x51da,0100001000011010,0101000111011010,0001001111000000,2
0x3219,0x41d9,0011001000011001,0100000111011001,0111001111000000,2
0x1c18,0x2bd8,0001110000011000,0010101111011000,0011011111000000,2
0x0c17,0x1bd7,0000110000010111,0001101111010111,0001011111000000,2
0xf815,0x07d6,1111100000010101,0000011111010110,1111111111000011,1|2
0xe614,0xf5d4,1110011000010100,1111010111010100,0001001111000000,2
0xd213,0xe1d3,1101001000010011,1110000111010011,0011001111000000,2
0xc212,0xd1d2,1100001000010010,1101000111010010,0001001111000000,2
0xb011,0xbfd1,1011000000010001,1011111111010001,0000111111000000,1
0x9c10,0xabd0,1001110000010000,1010101111010000,0011011111000000,2
0x8c8f,0x9c4f,1000110010001111,1001110001001111,0001000011000000,2
0x768e,0x664e,0111011010001110,0110011001001110,0001000011000000,2
0x668d,0x564d,0110011010001101,0101011001001101,0011000011000000,2
0x568c,0x464c,0101011010001100,0100011001001100,0001000011000000,2
0x408b,0x304b,0100000010001011,0011000001001011,0111000011000000,2
0x2c8a,0x1c4a,0010110010001010,0001110001001010,0011000011000000,2
0x1c89,0x0c49,0001110010001001,0000110001001001,0001000011000000,2
0x0a88,0xfa47,0000101010001000,1111101001000111,1111000011001111,2|3
0xf686,0xe646,1111011010000110,1110011001000110,0001000011000000,2
0xe685,0xd645,1110011010000101,1101011001000101,0011000011000000,2
0xd284,0xc244,1101001010000100,1100001001000100,0001000011000000,2
0xc083,0xb043,1100000010000011,1011000001000011,0111000011000000,2
0xb082,0xa042,1011000010000010,1010000001000010,0001000011000000,2
0x9c81,0x8c41,1001110010000001,1000110001000001,0001000011000000,2
0x8c80,0x7c40,1000110010000000,0111110001000000,1111000011000000,2
0x767f,0x663f,0111011001111111,0110011000111111,0001000001000000,2
0x667e,0x563e,0110011001111110,0101011000111110,0011000001000000,2
0x527d,0x423d,0101001001111101,0100001000111101,0001000001000000,2
0x427c,0x323c,0100001001111100,0011001000111100,0111000001000000,2
0x327b,0x223b,0011001001111011,0010001000111011,0001000001000000,2
0x1e7a,0x0e3a,0001111001111010,0000111000111010,0001000001000000,2
0x0e79,0xfe38,0000111001111001,1111111000111000,1111000001000001,2|3
0xfa77,0xea37,1111101001110111,1110101000110111,0001000001000000,2
0xea76,0xda36,1110101001110110,1101101000110110,0011000001000000,2
0xd475,0xc435,1101010001110101,1100010000110101,0001000001000000,2
0xc474,0xb434,1100010001110100,1011010000110100,0111000001000000,2
0xb0f3,0xa0b3,1011000011110011,1010000010110011,0001000001000000,2
0xa0f2,0x90b2,1010000011110010,1001000010110010,0011000001000000,2
0x90f1,0x80b1,1001000011110001,1000000010110001,0001000001000000,2
0x7cf0,0x6cb0,0111110011110000,0110110010110000,0001000001000000,2
0x6eef,0x5eaf,0110111011101111,0101111010101111,0011000001000000,2
0x5aee,0x4aae,0101101011101110,0100101010101110,0001000001000000,2
0x4aed,0x3aad,0100101011101101,0011101010101101,0111000001000000,2
0x3aec,0x2aac,0011101011101100,0010101010101100,0001000001000000,2
0x26eb,0x16ab,0010011011101011,0001011010101011,0011000001000000,2
0x16ea,0x06aa,0001011011101010,0000011010101010,0001000001000000,2
0x02e9,0xf2a8,0000001011101001,1111001010101000,1111000001000001,2|3
0xf2e7,0xe2a7,1111001011100111,1110001010100111,0001000001000000,2
0xdee6,0xcea6,1101111011100110,1100111010100110,0001000001000000,2
0xcee5,0xbea5,1100111011100101,1011111010100101,0111000001000000,2
0xbce4,0xaca4,1011110011100100,1010110010100100,0001000001000000,2
0xace3,0x9ca3,1010110011100011,1001110010100011,0011000001000000,2
0x9ce2,0x8ca2,1001110011100010,1000110010100010,0001000001000000,2
0x88e1,0x78a1,1000100011100001,0111100010100001,1111000001000000,2
0x78e0,0x68a0,0111100011100000,0110100010100000,0001000001000000,2
0x66df,0x569f,0110011011011111,0101011010011111,0011000001000000,2
0x56de,0x469e,0101011011011110,0100011010011110,0001000001000000,2
0x42dd,0x329d,0100001011011101,0011001010011101,0111000001000000,2
0x32dc,0x229c,0011001011011100,0010001010011100,0001000001000000,2
0x24db,0x149b,0010010011011011,0001010010011011,0011000001000000,2
0x10da,0x009a,0001000011011010,0000000010011010,0001000001000000,2
0x00d9,0xf098,0000000011011001,1111000010011000,1111000001000001,2|3
0xeed7,0xde97,1110111011010111,1101111010010111,0011000001000000,2
0xdf56,0xcf16,1101111101010110,1100111100010110,0001000001000000,2
0xcd55,0xdd15,1100110101010101,1101110100010101,0001000001000000,2
0xbd54,0xcd14,1011110101010100,1100110100010100,0111000001000000,2
0xab53,0xbb13,1010101101010011,1011101100010011,0001000001000000,2
0x9b52,0xab12,1001101101010010,1010101100010010,0011000001000000,2
0x8b51,0x9b11,1000101101010001,1001101100010001,0001000001000000,2
0x7950,0x8910,0111100101010000,1000100100010000,1111000001000000,2
0x6b4f,0x7b0f,0110101101001111,0111101100001111,0001000001000000,2
0x574e,0x670e,0101011101001110,0110011100001110,0011000001000000,2
0x494d,0x590d,0100100101001101,0101100100001101,0001000001000000,2
0x394c,0x490c,0011100101001100,0100100100001100,0111000001000000,2
0x274b,0x370b,0010011101001011,0011011100001011,0001000001000000,2
0x194a,0x290a,0001100101001010,0010100100001010,0011000001000000,2
0x0549,0x1509,0000010101001001,0001010100001001,0001000001000000,2
0xf747,0x0708,1111011101000111,0000011100001000,1111000001001111,2|3
0xe546,0xd506,1110010101000110,1101010100000110,0011000001000000,2
0xd545,0xc505,1101010101000101,1100010100000101,0001000001000000,2
0xc744,0xb704,1100011101000100,1011011100000100,0111000001000000,2
0xb543,0xa503,1011010101000011,1010010100000011,0001000001000000,2
0xa542,0x9502,1010010101000010,1001010100000010,0011000001000000,2
0x9341,0x8301,1001001101000001,1000001100000001,0001000001000000,2
0x8540,0x7500,1000010101000000,0111010100000000,1111000001000000,2
0x753f,0x64ff,0111010100111111,0110010011111111,0001000111000000,2
0x633e,0x52fe,0110001100111110,0101001011111110,0011000111000000,2
0x533d,0x42fd,0101001100111101,0100001011111101,0001000111000000,2
0x44bc,0x347c,0100010010111100,0011010001111100,0111000011000000,2
0x313b,0x20fb,0011000100111011,0010000011111011,0001000111000000,2
0x233a,0x12fa,0010001100111010,0001001011111010,0011000111000000,2
0x11b9,0x2179,0001000110111001,0010000101111001,0011000011000000,2
0x0338,0x12f8,0000001100111000,0001001011111000,0001000111000000,2
0xef36,0xfef6,1110111100110110,1111111011110110,0001000111000000,2
0xe135,0xf0f5,1110000100110101,1111000011110101,0001000111000000,2
0xd334,0xe2f4,1101001100110100,1110001011110100,0011000111000000,2
0xc1b3,0xd173,1100000110110011,1101000101110011,0001000011000000,2
0xb3b2,0xc372,1011001110110010,1100001101110010,0111000011000000,2
0xa1b1,0xb171,1010000110110001,1011000101110001,0001000011000000,2
0x93b0,0xa370,1001001110110000,1010001101110000,0011000011000000,2
0x85af,0x756f,1000010110101111,0111010101101111,1111000011000000,2
0x73ae,0x636e,0111001110101110,0110001101101110,0001000011000000,2
0x662c,0x55ec,0110011000101100,0101010111101100,0011001111000000,2
0x582b,0x47eb,0101100000101011,0100011111101011,0001111111000000,1
0x462a,0x35ea,0100011000101010,0011010111101010,0111001111000000,2
0x3829,0x27e9,0011100000101001,0010011111101001,0001111111000000,1
0x2a28,0x19e8,0010101000101000,0001100111101000,0011001111000000,2
0x1827,0x07e7,0001100000100111,0000011111100111,0001111111000000,1
0x0a26,0x19e6,0000101000100110,0001100111100110,0001001111000000,2
0xf824,0x07e5,1111100000100100,0000011111100101,1111111111000001,1|2
0xea23,0xf9e3,1110101000100011,1111100111100011,0001001111000000,2
0xd822,0xe7e2,1101100000100010,1110011111100010,0011111111000000,1
0xcaa1,0xda61,1100101010100001,1101101001100001,0001000011000000,2
0xb9a1,0xc961,1011100110100001,1100100101100001,0111000011000000,2
0xa7a0,0xb760,1010011110100000,1011011101100000,0001000011000000,2
0x979f,0xa75f,1001011110011111,1010011101011111,0011000011000000,2
0x891e,0x98de,1000100100011110,1001100011011110,0001000111000000,2
0x751d,0x84dd,0111010100011101,1000010011011101,1111000111000000,2
0x671c,0x76dc,0110011100011100,0111011011011100,0001000111000000,2
0x591b,0x48db,0101100100011011,0100100011011011,0001000111000000,2
0x459a,0x355a,0100010110011010,0011010101011010,0111000011000000,2
0x3799,0x2759,0011011110011001,0010011101011001,0001000011000000,2
0x2798,0x1758,0010011110011000,0001011101011000,0011000011000000,2
0x1616,0x05d6,0001011000010110,0000010111010110,0001001111000000,2
0x0815,0xf7d4,0000100000010101,1111011111010100,1111111111000001,1|2
0xf813,0xe7d3,1111100000010011,1110011111010011,0001111111000000,1
0xe692,0xd652,1110011010010010,1101011001010010,0011000011000000,2
0xd891,0xc851,1101100010010001,1100100001010001,0001000011000000,2
0xc690,0xb650,1100011010010000,1011011001010000,0111000011000000,2
0xb68f,0xa64f,1011011010001111,1010011001001111,0001000011000000,2
0xa88e,0x984e,1010100010001110,1001100001001110,0011000011000000,2
0x968d,0xa64d,1001011010001101,1010011001001101,0011000011000000,2
0x890c,0x98cc,1000100100001100,1001100011001100,0001000111000000,2
0x7b0b,0x8acb,0111101100001011,1000101011001011,1111000111000000,2
0x698a,0x794a,0110100110001010,0111100101001010,0001000011000000,2
0x5b89,0x6b49,0101101110001001,0110101101001001,0011000011000000,2
0x4d88,0x5d48,0100110110001000,0101110101001000,0001000011000000,2
0x3c07,0x4bc7,0011110000000111,0100101111000111,0111011111000000,2
0x3006,0x1fc6,0011000000000110,0001111111000110,0010111111000000,2
0x2285,0x1245,0010001010000101,0001001001000101,0011000011000000,2
0x1284,0x0244,0001001010000100,0000001001000100,0001000011000000,2
0x0503,0xf4c2,0000010100000011,1111010011000010,1111000111000001,2|3
0xf901,0xe8c1,1111100100000001,1110100011000001,0001000111000000,2
0xe700,0xd6c0,1110011100000000,1101011011000000,0011000111000000,2
0xdaff,0xeabf,1101101011111111,1110101010111111,0011000001000000,2
0xccfe,0xdcbe,1100110011111110,1101110010111110,0001000001000000,2
0xbcfd,0xccbd,1011110011111101,1100110010111101,0111000001000000,2
0xb0fc,0xc0bc,1011000011111100,1100000010111100,0111000001000000,2
0xa2fb,0xb2bb,1010001011111011,1011001010111011,0001000001000000,2
0x96fa,0x86ba,1001011011111010,1000011010111010,0001000001000000,2
0x86f9,0x76b9,1000011011111001,0111011010111001,1111000001000000,2
0x78f8,0x68b8,0111100011111000,0110100010111000,0001000001000000,2
0x6cf7,0x5cb7,0110110011110111,0101110010110111,0011000001000000,2
0x5cf6,0x6cb6,0101110011110110,0110110010110110,0011000001000000,2
0x4ef5,0x5eb5,0100111011110101,0101111010110101,0001000001000000,2
0x42f4,0x52b4,0100001011110100,0101001010110100,0001000001000000,2
0x32f3,0x42b3,0011001011110011,0100001010110011,0111000001000000,2
0x26f2,0x36b2,0010011011110010,0011011010110010,0001000001000000,2
0x18f1,0x08b1,0001100011110001,0000100010110001,0001000001000000,2
0x0cf0,0xfcaf,0000110011110000,1111110010101111,1111000001011111,2|3
0xfcee,0xecae,1111110011101110,1110110010101110,0001000001000000,2
0xf0ed,0xe0ad,1111000011101101,1110000010101101,0001000001000000,2
0xe4ec,0xf4ac,1110010011101100,1111010010101100,0001000001000000,2
0xd8eb,0xe8ab,1101100011101011,1110100010101011,0011000001000000,2
0xc8ea,0xd8aa,1100100011101010,1101100010101010,0001000001000000,2
0xbce9,0xcca9,1011110011101001,1100110010101001,0111000001000000,2
0xb0e8,0xa0a8,1011000011101000,1010000010101000,0001000001000000,2
0xa4e7,0x94a7,1010010011100111,1001010010100111,0011000001000000,2
0x94e6,0x84a6,1001010011100110,1000010010100110,0001000001000000,2
0x88e5,0x78a5,1000100011100101,0111100010100101,1111000001000000,2
0x7ce4,0x8ca4,0111110011100100,1000110010100100,1111000001000000,2
0x6d63,0x7d23,0110110101100011,0111110100100011,0001000001000000,2
0x6162,0x7122,0110000101100010,0111000100100010,0001000001000000,2
0x5561,0x6521,0101010101100001,0110010100100001,0011000001000000,2
0x4960,0x3920,0100100101100000,0011100100100000,0111000001000000,2
0x3f5f,0x2f1f,0011111101011111,0010111100011111,0001000001000000,2
0x2f5e,0x1f1e,0010111101011110,0001111100011110,0011000001000000,2
0x235d,0x131d,0010001101011101,0001001100011101,0011000001000000,2
0x175c,0x271c,0001011101011100,0010011100011100,0011000001000000,2
0x0b5b,0x1b1b,0000101101011011,0001101100011011,0001000001000000,2
0x015a,0x111a,0000000101011010,0001000100011010,0001000001000000,2
0xf158,0xe118,1111000101011000,1110000100011000,0001000001000000,2
0xe557,0xd517,1110010101010111,1101010100010111,0011000001000000,2
0xd956,0xc916,1101100101010110,1100100100010110,0001000001000000,2
0xcf55,0xbf15,1100111101010101,1011111100010101,0111000001000000,2
0xc354,0xd314,1100001101010100,1101001100010100,0001000001000000,2
0xb353,0xc313,1011001101010011,1100001100010011,0111000001000000,2
0xa752,0xb712,1010011101010010,1011011100010010,0001000001000000,2
0x9d51,0x8d11,1001110101010001,1000110100010001,0001000001000000,2
0x9150,0x8110,1001000101010000,1000000100010000,0001000001000000,2
0x854f,0x750f,1000010101001111,0111010100001111,1111000001000000,2
0x7b4e,0x6b0e,0111101101001110,0110101100001110,0001000001000000,2
0x6b4d,0x7b0d,0110101101001101,0111101100001101,0001000001000000,2
0x5f4c,0x6f0c,0101111101001100,0110111100001100,0011000001000000,2
0x534b,0x630b,0101001101001011,0110001100001011,0011000001000000,2
0x494a,0x390a,0100100101001010,0011100100001010,0111000001000000,2
0x3d49,0x2d09,0011110101001001,0010110100001001,0001000001000000,2
0x3148,0x2108,0011000101001000,0010000100001000,0001000001000000,2
0x2347,0x1307,0010001101000111,0001001100000111,0011000001000000,2
0x1b46,0x2b06,0001101101000110,0010101100000110,0011000001000000,2
0x0b45,0x1b05,0000101101000101,0001101100000101,0001000001000000,2
0xff43,0x0f04,1111111101000011,0000111100000100,1111000001000111,2|3
0xf542,0xe502,1111010101000010,1110010100000010,0001000001000000,2
0xe941,0xd901,1110100101000001,1101100100000001,0011000001000000,2
0xdd40,0xcd00,1101110101000000,1100110100000000,0001000001000000,2
0xd13f,0xc0ff,1101000100111111,1100000011111111,0001000111000000,2
0xc73e,0xd6fe,1100011100111110,1101011011111110,0001000111000000,2
0xb73d,0xc6fd,1011011100111101,1100011011111101,0111000111000000,2
0xab3c,0xbafc,1010101100111100,1011101011111100,0001000111000000,2
0x9f3b,0xaefb,1001111100111011,1010111011111011,0011000111000000,2
0x953a,0x84fa,1001010100111010,1000010011111010,0001000111000000,2
0x8939,0x78f9,1000100100111001,0111100011111001,1111000111000000,2
0x7d38,0x6cf8,0111110100111000,0110110011111000,0001000111000000,2
0x7137,0x80f7,0111000100110111,1000000011110111,1111000111000000,2
0x6736,0x76f6,0110011100110110,0111011011110110,0001000111000000,2
0x5b35,0x6af5,0101101100110101,0110101011110101,0011000111000000,2
0x4fb4,0x5f74,0100111110110100,0101111101110100,0001000011000000,2
0x45b3,0x3573,0100010110110011,0011010101110011,0111000011000000,2
0x39b2,0x2972,0011100110110010,0010100101110010,0001000011000000,2
0x29b1,0x1971,0010100110110001,0001100101110001,0011000011000000,2
0x23b0,0x3370,0010001110110000,0011001101110000,0001000011000000,2
0x13af,0x236f,0001001110101111,0010001101101111,0011000011000000,2
0x07ae,0x176e,0000011110101110,0001011101101110,0001000011000000,2
0xfbac,0x0b6d,1111101110101100,0000101101101101,1111000011000001,2|3
0xf1ab,0xe16b,1111000110101011,1110000101101011,0001000011000000,2
0xe5aa,0xd56a,1110010110101010,1101010101101010,0011000011000000,2
0xd9a9,0xc969,1101100110101001,1100100101101001,0001000011000000,2
0xcfa8,0xdf68,1100111110101000,1101111101101000,0001000011000000,2
0xc3a7,0xd367,1100001110100111,1101001101100111,0001000011000000,2
0xb7a6,0xc766,1011011110100110,1100011101100110,0111000011000000,2
0xada5,0x9d65,1010110110100101,1001110101100101,0011000011000000,2
0xa1a4,0x9164,1010000110100100,1001000101100100,0011000011000000,2
0x95a3,0x8563,1001010110100011,1000010101100011,0001000011000000,2
0x8ba2,0x7b62,1000101110100010,0111101101100010,1111000011000000,2
0x7fa1,0x8f61,0111111110100001,1000111101100001,1111000011000000,2
0x73a0,0x8360,0111001110100000,1000001101100000,1111000011000000,2
0x679f,0x775f,0110011110011111,0111011101011111,0001000011000000,2
0x5d9e,0x4d5e,0101110110011110,0100110101011110,0001000011000000,2
0x519d,0x415d,0101000110011101,0100000101011101,0001000011000000,2
0x459c,0x355c,0100010110011100,0011010101011100,0111000011000000,2
0x3b9b,0x2b5b,0011101110011011,0010101101011011,0001000011000000,2
0x2f9a,0x3f5a,0010111110011010,0011111101011010,0001000011000000,2
0x2399,0x3359,0010001110011001,0011001101011001,0001000011000000,2
0x1998,0x2958,0001100110011000,0010100101011000,0011000011000000,2
0x0d97,0xfd56,0000110110010111,1111110101010110,1111000011000001,2|3
0x0196,0xf155,0000000110010110,1111000101010101,1111000011000011,2|3
0xf794,0xe754,1111011110010100,1110011101010100,0001000011000000,2
0xef93,0xdf53,1110111110010011,1101111101010011,0011000011000000,2
0xe592,0xf552,1110010110010010,1111010101010010,0001000011000000,2
0xd991,0xe951,1101100110010001,1110100101010001,0011000011000000,2
0xcd90,0xdd50,1100110110010000,1101110101010000,0001000011000000,2
0xc38f,0xb34f,1100001110001111,1011001101001111,0111000011000000,2
0xb78e,0xa74e,1011011110001110,1010011101001110,0001000011000000,2
0xab8d,0x9b4d,1010101110001101,1001101101001101,0011000011000000,2
0xa18c,0xb14c,1010000110001100,1011000101001100,0001000011000000,2
0x958b,0xa54b,1001010110001011,1010010101001011,0011000011000000,2
0x8b8a,0x9b4a,1000101110001010,1001101101001010,0001000011000000,2
0x7f89,0x8f49,0111111110001001,1000111101001001,1111000011000000,2
0x7388,0x6348,0111001110001000,0110001101001000,0001000011000000,2
0x6d87,0x5d47,0110110110000111,0101110101000111,0011000011000000,2
0x6186,0x5146,0110000110000110,0101000101000110,0011000011000000,2
0x5585,0x6545,0101010110000101,0110010101000101,0011000011000000,2
0x4b84,0x5b44,0100101110000100,0101101101000100,0001000011000000,2
0x3f83,0x4f43,0011111110000011,0100111101000011,0111000011000000,2
0x3382,0x4342,0011001110000010,0100001101000010,0111000011000000,2
0x2901,0x18c1,0010100100000001,0001100011000001,0011000111000000,2
0x1d00,0x0cc0,0001110100000000,0000110011000000,0001000111000000,2
0x10ff,0x00bf,0001000011111111,0000000010111111,0001000001000000,2
0x08fe,0x18be,0000100011111110,0001100010111110,0001000001000000,2
0xfefc,0x0ebd,1111111011111100,0000111010111101,1111000001000001,2|3
0xf2fb,0x02bc,1111001011111011,0000001010111100,1111000001000111,2|3
0xe6fa,0xf6ba,1110011011111010,1111011010111010,0001000001000000,2
0xdaf9,0xcab9,1101101011111001,1100101010111001,0001000001000000,2
0xcef8,0xbeb8,1100111011111000,1011111010111000,0111000001000000,2
0xc4f7,0xb4b7,1100010011110111,1011010010110111,0111000001000000,2
0xbcf6,0xccb6,1011110011110110,1100110010110110,0111000001000000,2
0xb075,0xc035,1011000001110101,1100000000110101,0111000001000000,2
0xa474,0xb434,1010010001110100,1011010000110100,0001000001000000,2
0x9873,0xa833,1001100001110011,1010100000110011,0011000001000000,2
0x8c72,0x7c32,1000110001110010,0111110000110010,1111000001000000,2
0x8071,0x7031,1000000001110001,0111000000110001,1111000001000000,2
0x7670,0x6630,0111011001110000,0110011000110000,0001000001000000,2
0x69ef,0x59af,0110100111101111,0101100110101111,0011000001000000,2
0x5dee,0x4dae,0101110111101110,0100110110101110,0001000001000000,2
0x51ed,0x61ad,0101000111101101,0110000110101101,0011000001000000,2
0x43ec,0x53ac,0100001111101100,0101001110101100,0001000001000000,2
0x3beb,0x4bab,0011101111101011,0100101110101011,0111000001000000,2
0x2f6a,0x3f2a,0010111101101010,0011111100101010,0001000001000000,2
0x2169,0x3129,0010000101101001,0011000100101001,0001000001000000,2
0x1568,0x0528,0001010101101000,0000010100101000,0001000001000000,2
0x0767,0xf726,0000011101100111,1111011100100110,1111000001000001,2|3
0xf965,0xe925,1111100101100101,1110100100100101,0001000001000000,2
0xf164,0xe124,1111000101100100,1110000100100100,0001000001000000,2
0xe2e3,0xd2a3,1110001011100011,1101001010100011,0011000001000000,2
0xd4e2,0xc4a2,1101010011100010,1100010010100010,0001000001000000,2
0xc6e1,0xd6a1,1100011011100001,1101011010100001,0001000001000000,2
0xbce0,0xcca0,1011110011100000,1100110010100000,0111000001000000,2
0xaedf,0xbe9f,1010111011011111,1011111010011111,0001000001000000,2
0xa0de,0xb09e,1010000011011110,1011000010011110,0001000001000000,2
0x92dd,0xa29d,1001001011011101,1010001010011101,0011000001000000,2
0x84dc,0x949c,1000010011011100,1001010010011100,0001000001000000,2
0x7adb,0x8a9b,0111101011011011,1000101010011011,1111000001000000,2
0x6cda,0x7c9a,0110110011011010,0111110010011010,0001000001000000,2
0x5ed9,0x4e99,0101111011011001,0100111010011001,0001000001000000,2
0x4ed8,0x3e98,0100111011011000,0011111010011000,0111000001000000,2
0x44d7,0x3497,0100010011010111,0011010010010111,0111000001000000,2
0x3656,0x2616,0011011001010110,0010011000010110,0001000001000000,2
0x2855,0x1815,0010100001010101,0001100000010101,0011000001000000,2
0x1854,0x0814,0001100001010100,0000100000010100,0001000001000000,2
0x0a53,0xfa12,0000101001010011,1111101000010010,1111000001000001,2|3
0xfe51,0xee11,1111111001010001,1110111000010001,0001000001000000,2
0xf050,0xe010,1111000001010000,1110000000010000,0001000001000000,2
0xe24f,0xd20f,1110001001001111,1101001000001111,0011000001000000,2
0xd64e,0xc60e,1101011001001110,1100011000001110,0001000001000000,2
0xc84d,0xb80d,1100100001001101,1011100000001101,0111000001000000,2
0xb84c,0xa80c,1011100001001100,1010100000001100,0001000001000000,2
0xaa4b,0xba0b,1010101001001011,1011101000001011,0001000001000000,2
0x9a4a,0xaa0a,1001101001001010,1010101000001010,0011000001000000,2
0x9049,0xa009,1001000001001001,1010000000001001,0011000001000000,2
0x8048,0x9008,1000000001001000,1001000000001000,0001000001000000,2
0x7247,0x8207,0111001001000111,1000001000000111,1111000001000000,2
0x6246,0x7206,0110001001000110,0111001000000110,0001000001000000,2
0x57c5,0x6785,0101011111000101,0110011110000101,0011000001000000,2
0x4744,0x5704,0100011101000100,0101011100000100,0001000001000000,2
0x36c4,0x4684,0011011011000100,0100011010000100,0111000001000000,2
0x2443,0x3403,0010010001000011,0011010000000011,0001000001000000,2
0x17c2,0x2782,0001011111000010,0010011110000010,0011000001000000,2
0x04c1,0x1481,0000010011000001,0001010010000001,0001000001000000,2
0xf23f,0x0200,1111001000111111,0000001000000000,1111000000111111,1|2
0xe03e,0xcffe,1110000000111110,1100111111111110,0010111111000000,2
0xd1bd,0xc17d,1101000110111101,1100000101111101,0001000011000000,2
0xbfbc,0xaf7c,1011111110111100,1010111101111100,0001000011000000,2
0xadbb,0x9d7b,1010110110111011,1001110101111011,0011000011000000,2
0x9bba,0x8b7a,1001101110111010,1000101101111010,0001000011000000,2
0x8db9,0x7d79,1000110110111001,0111110101111001,1111000011000000,2
0x7bb8,0x6b78,0111101110111000,0110101101111000,0001000011000000,2
0x6bb7,0x5b77,0110101110110111,0101101101110111,0011000011000000,2
0x5a36,0x49f6,0101101000110110,0100100111110110,0001001111000000,2
0x4835,0x57f5,0100100000110101,0101011111110101,0001111111000000,1
0x3a34,0x49f4,0011101000110100,0100100111110100,0111001111000000,2
0x2833,0x37f3,0010100000110011,0011011111110011,0001111111000000,1
0x1632,0x25f2,0001011000110010,0010010111110010,0011001111000000,2
0x0631,0x15f1,0000011000110001,0001010111110001,0001001111000000,2
0xf82f,0x07f0,1111100000101111,0000011111110000,1111111111011111,1|2
0xe62e,0xf5ee,1110011000101110,1111010111101110,0001001111000000,2
0xd42d,0xe3ed,1101010000101101,1110001111101101,0011011111000000,2
0xc22c,0xd1ec,1100001000101100,1101000111101100,0001001111000000,2
0xb22b,0xc1eb,1011001000101011,1100000111101011,0111001111000000,2
0xa42a,0x93ea,1010010000101010,1001001111101010,0011011111000000,2
0x9229,0x81e9,1001001000101001,1000000111101001,0001001111000000,2
0x8028,0x6fe8,1000000000101000,0110111111101000,1110111111000000,2
0x6e27,0x5de7,0110111000100111,0101110111100111,0011001111000000,2
0x6026,0x4fe6,0110000000100110,0100111111100110,0010111111000000,2
0x5025,0x3fe5,0101000000100101,0011111111100101,0110111111000000,2
0x3e24,0x2de4,0011111000100100,0010110111100100,0001001111000000,2
0x2c23,0x1be3,0010110000100011,0001101111100011,0011011111000000,2
0x1a22,0x09e2,0001101000100010,0000100111100010,0001001111000000,2
0x0821,0x17e1,0000100000100001,0001011111100001,0001111111000000,1
0xfa1f,0x09e0,1111101000011111,0000100111100000,1111001111111111,1|2
0xea1e,0xf9de,1110101000011110,1111100111011110,0001001111000000,2
0xd81d,0xe7dd,1101100000011101,1110011111011101,0011111111000000,1
0xc61c,0xd5dc,1100011000011100,1101010111011100,0001001111000000,2
0xb41b,0xc3db,1011010000011011,1100001111011011,0111011111000000,2
0xa61a,0xb5da,1010011000011010,1011010111011010,0001001111000000,2
0x9419,0xa3d9,1001010000011001,1010001111011001,0011011111000000,2
0x8418,0x93d8,1000010000011000,1001001111011000,0001011111000000,2
0x7217,0x81d7,0111001000010111,1000000111010111,1111001111000000,2
0x6416,0x53d6,0110010000010110,0101001111010110,0011011111000000,2
0x5215,0x41d5,0101001000010101,0100000111010101,0001001111000000,2
0x4014,0x2fd4,0100000000010100,0010111111010100,0110111111000000,2
0x2e13,0x1dd3,0010111000010011,0001110111010011,0011001111000000,2
0x1e12,0x0dd2,0001111000010010,0000110111010010,0001001111000000,2
0x0c11,0xfbd0,0000110000010001,1111101111010000,1111011111000001,2|3
0xfe0f,0xedcf,1111111000001111,1110110111001111,0001001111000000,2
0xec0e,0xdbce,1110110000001110,1101101111001110,0011011111000000,2
0xdc0d,0xcbcd,1101110000001101,1100101111001101,0001011111000000,2
0xca0c,0xb9cc,1100101000001100,1011100111001100,0111001111000000,2
0xb80b,0xc7cb,1011100000001011,1100011111001011,0111111111000000,1
0xa60a,0xb5ca,1010011000001010,1011010111001010,0001001111000000,2
0x9a09,0xa9c9,1001101000001001,1010100111001001,0011001111000000,2
0x8808,0x97c8,1000100000001000,1001011111001000,0001111111000000,1
0x7607,0x85c7,0111011000000111,1000010111000111,1111001111000000,2
0x6406,0x73c6,0110010000000110,0111001111000110,0001011111000000,2
0x5405,0x63c5,0101010000000101,0110001111000101,0011011111000000,2
0x4284,0x5244,0100001010000100,0101001001000100,0001000011000000,2
0x3483,0x4443,0011010010000011,0100010001000011,0111000011000000,2
0x2282,0x3242,0010001010000010,0011001001000010,0001000011000000,2
0x1281,0x2241,0001001010000001,0010001001000001,0011000011000000,2
0x0080,0xf03f,0000000010000000,1111000000111111,1111000010111111,2|3
0xee7e,0xde3e,1110111001111110,1101111000111110,0011000001000000,2
0xde7d,0xce3d,1101111001111101,1100111000111101,0001000001000000,2
0xd07c,0xc03c,1101000001111100,1100000000111100,0001000001000000,2
0xc07b,0xb03b,1100000001111011,1011000000111011,0111000001000000,2
0xae7a,0x9e3a,1010111001111010,1001111000111010,0011000001000000,2
0x9c79,0x8c39,1001110001111001,1000110000111001,0001000001000000,2
0x8c78,0x7c38,1000110001111000,0111110000111000,1111000001000000,2
0x7a77,0x6a37,0111101001110111,0110101000110111,0001000001000000,2
0x6c76,0x5c36,0110110001110110,0101110000110110,0011000001000000,2
0x5c75,0x4c35,0101110001110101,0100110000110101,0001000001000000,2
0x4a74,0x3a34,0100101001110100,0011101000110100,0111000001000000,2
0x3873,0x4833,0011100001110011,0100100000110011,0111000001000000,2
0x2872,0x3832,0010100001110010,0011100000110010,0001000001000000,2
0x1671,0x2631,0001011001110001,0010011000110001,0011000001000000,2
0x0470,0x1430,0000010001110000,0001010000110000,0001000001000000,2
0xf26e,0x022f,1111001001101110,0000001000101111,1111000001000001,2|3
0xe66d,0xf62d,1110011001101101,1111011000101101,0001000001000000,2
0xd46c,0xe42c,1101010001101100,1110010000101100,0011000001000000,2
0xc26b,0xd22b,1100001001101011,1101001000101011,0001000001000000,2
0xb1ea,0xc1aa,1011000111101010,1100000110101010,0111000001000000,2
0x9fe9,0xafa9,1001111111101001,1010111110101001,0011000001000000,2
0x8de8,0x9da8,1000110111101000,1001110110101000,0001000001000000,2
0x7be7,0x6ba7,0111101111100111,0110101110100111,0001000001000000,2
0x6de6,0x5da6,0110110111100110,0101110110100110,0011000001000000,2
0x5de5,0x4da5,0101110111100101,0100110110100101,0001000001000000,2
0x4be4,0x3ba4,0100101111100100,0011101110100100,0111000001000000,2
0x39e3,0x29a3,0011100111100011,0010100110100011,0001000001000000,2
0x27e2,0x17a2,0010011111100010,0001011110100010,0011000001000000,2
0x17e1,0x07a1,0001011111100001,0000011110100001,0001000001000000,2
0x05e0,0xf59f,0000010111100000,1111010110011111,1111000001111111,1|2
0xf3de,0xe39e,1111001111011110,1110001110011110,0001000001000000,2
0xe5dd,0xd59d,1110010111011101,1101010110011101,0011000001000000,2
0xd5dc,0xc59c,1101010111011100,1100010110011100,0001000001000000,2
0xc3db,0xd39b,1100001111011011,1101001110011011,0001000001000000,2
0xb1da,0xc19a,1011000111011010,1100000110011010,0111000001000000,2
0x9fd9,0xaf99,1001111111011001,1010111110011001,0011000001000000,2
0x8fd8,0x9f98,1000111111011000,1001111110011000,0001000001000000,2
0x7dd7,0x8d97,0111110111010111,1000110110010111,1111000001000000,2
0x6fd6,0x7f96,0110111111010110,0111111110010110,0001000001000000,2
0x5dd5,0x6d95,0101110111010101,0110110110010101,0011000001000000,2
0x4dd4,0x5d94,0100110111010100,0101110110010100,0001000001000000,2
0x3bd3,0x4b93,0011101111010011,0100101110010011,0111000001000000,2
0x29d2,0x3992,0010100111010010,0011100110010010,0001000001000000,2
0x17d1,0x0791,0001011111010001,0000011110010001,0001000001000000,2
0x05d0,0xf58f,0000010111010000,1111010110001111,1111000001011111,2|3
0xf5ce,0xe58e,1111010111001110,1110010110001110,0001000001000000,2
0xe3cd,0xd38d,1110001111001101,1101001110001101,0011000001000000,2
0xd1cc,0xc18c,1101000111001100,1100000110001100,0001000001000000,2
0xbfcb,0xaf8b,1011111111001011,1010111110001011,0001000001000000,2
0xb1ca,0xa18a,1011000111001010,1010000110001010,0001000001000000,2
0x9fc9,0x8f89,1001111111001001,1000111110001001,0001000001000000,2
0x8dc8,0x7d88,1000110111001000,0111110110001000,1111000001000000,2
0x7bc7,0x8b87,0111101111000111,1000101110000111,1111000001000000,2
0x6b46,0x7b06,0110101101000110,0111101100000110,0001000001000000,2
0x5945,0x6905,0101100101000101,0110100100000101,0011000001000000,2
0x4744,0x5704,0100011101000100,0101011100000100,0001000001000000,2
0x3543,0x4503,0011010101000011,0100010100000011,0111000001000000,2
0x2342,0x3302,0010001101000010,0011001100000010,0001000001000000,2
0x1141,0x2101,0001000101000001,0010000100000001,0011000001000000,2
0x0340,0x1300,0000001101000000,0001001100000000,0001000001000000,2
0xf13e,0x00ff,1111000100111110,0000000011111111,1111000111000001,2|3
0xdf3d,0xcefd,1101111100111101,1100111011111101,0001000111000000,2
0xcdbc,0xbd7c,1100110110111100,1011110101111100,0111000011000000,2
0xbbbb,0xab7b,1011101110111011,1010101101111011,0001000011000000,2
0xa93a,0x98fa,1010100100111010,1001100011111010,0011000111000000,2
0x9739,0x86f9,1001011100111001,1000011011111001,0001000111000000,2
0x8538,0x74f8,1000010100111000,0111010011111000,1111000111000000,2
0x7337,0x62f7,0111001100110111,0110001011110111,0001000111000000,2
0x6136,0x50f6,0110000100110110,0101000011110110,0011000111000000,2
0x4f35,0x5ef5,0100111100110101,0101111011110101,0001000111000000,2
0x3d34,0x4cf4,0011110100110100,0100110011110100,0111000111000000,2
0x2b33,0x3af3,0010101100110011,0011101011110011,0001000111000000,2
0x18b2,0x2872,0001100010110010,0010100001110010,0011000011000000,2
0x06b1,0x1671,0000011010110001,0001011001110001,0001000011000000,2
0xf8af,0x0870,1111100010101111,0000100001110000,1111000011011111,2|3
0xe6ae,0xf66e,1110011010101110,1111011001101110,0001000011000000,2
0xd2ad,0xc26d,1101001010101101,1100001001101101,0001000011000000,2
0xc0ac,0xb06c,1100000010101100,1011000001101100,0111000011000000,2
0xaeab,0x9e6b,1010111010101011,1001111001101011,0011000011000000,2
0x9caa,0x8c6a,1001110010101010,1000110001101010,0001000011000000,2
0x8aa9,0x7a69,1000101010101001,0111101001101001,1111000011000000,2
0x78a8,0x6868,0111100010101000,0110100001101000,0001000011000000,2
0x64a7,0x5467,0110010010100111,0101010001100111,0011000011000000,2
0x52a6,0x6266,0101001010100110,0110001001100110,0011000011000000,2
0x40a5,0x5065,0100000010100101,0101000001100101,0001000011000000,2
0x2ea4,0x3e64,0010111010100100,0011111001100100,0001000011000000,2
0x1ca3,0x2c63,0001110010100011,0010110001100011,0011000011000000,2
0x08a2,0x1862,0000100010100010,0001100001100010,0001000011000000,2
0xf6a0,0x0661,1111011010100000,0000011001100001,1111000011000001,2|3
0xe49f,0xf45f,1110010010011111,1111010001011111,0001000011000000,2
0xd21e,0xc1de,1101001000011110,1100000111011110,0001001111000000,2
0xbe1d,0xaddd,1011111000011101,1010110111011101,0001001111000000,2
0xac1c,0x9bdc,1010110000011100,1001101111011100,0011011111000000,2
0x9a1b,0x89db,1001101000011011,1000100111011011,0001001111000000,2
0x881a,0x77da,1000100000011010,0111011111011010,1111111111000000,1
0x7419,0x63d9,0111010000011001,0110001111011001,0001011111000000,2
0x6218,0x71d8,0110001000011000,0111000111011000,0001001111000000,2
0x5017,0x5fd7,0101000000010111,0101111111010111,0000111111000000,1
0x3c16,0x4bd6,0011110000010110,0100101111010110,0111011111000000,2
0x2a15,0x39d5,0010101000010101,0011100111010101,0001001111000000,2
0x1814,0x27d4,0001100000010100,0010011111010100,0011111111000000,1
0x0613,0x15d3,0000011000010011,0001010111010011,0001001111000000,2
0xf211,0xe1d1,1111001000010001,1110000111010001,0001001111000000,2
0xe010,0xcfd0,1110000000010000,1100111111010000,0010111111000000,2
0xce0f,0xbdcf,1100111000001111,1011110111001111,0111001111000000,2
0xa80e,0x97ce,1010100000001110,1001011111001110,0011111111000000,1
0x960d,0x85cd,1001011000001101,1000010111001101,0001001111000000,2
0x820c,0x91cc,1000001000001100,1001000111001100,0001001111000000,2
0x700b,0x7fcb,0111000000001011,0111111111001011,0000111111000000,1
0x5e0a,0x6dca,0101111000001010,0110110111001010,0011001111000000,2
0x4a09,0x59c9,0100101000001001,0101100111001001,0001001111000000,2
0x3808,0x47c8,0011100000001000,0100011111001000,0111111111000000,1
0x2607,0x35c7,0010011000000111,0011010111000111,0001001111000000,2
0x1206,0x01c6,0001001000000110,0000000111000110,0001001111000000,2
0x0005,0xefc4,0000000000000101,1110111111000100,1110111111000001,2|3
0xee03,0xddc3,1110111000000011,1101110111000011,0011001111000000,2
0xda02,0xc9c2,1101101000000010,1100100111000010,0001001111000000,2
0xc801,0xb7c1,1100100000000001,1011011111000001,0111111111000000,1
0xb600,0xa5c0,1011011000000000,1010010111000000,0001001111000000,2
0xa3ff,0x93bf,1010001111111111,1001001110111111,0011000001000000,2
0x907e,0xa03e,1001000001111110,1010000000111110,0011000001000000,2
0x7e7d,0x8e3d,0111111001111101,1000111000111101,1111000001000000,2
0x6c7c,0x7c3c,0110110001111100,0111110000111100,0001000001000000,2
0x5a7b,0x6a3b,0101101001111011,0110101000111011,0011000001000000,2
0x45fa,0x55ba,0100010111111010,0101010110111010,0001000001000000,2
0x3379,0x4339,0011001101111001,0100001100111001,0111000001000000,2
0x1f78,0x0f38,0001111101111000,0000111100111000,0001000001000000,2
0x0cf7,0xfcb6,0000110011110111,1111110010110110,1111000001000001,2|3
0xf8f5,0xe8b5,1111100011110101,1110100010110101,0001000001000000,2
0xe0f4,0xd0b4,1110000011110100,1101000010110100,0011000001000000,2
0xd0f3,0xe0b3,1101000011110011,1110000010110011,0011000001000000,2
0xba72,0xca32,1011101001110010,1100101000110010,0111000001000000,2
0xa671,0xb631,1010011001110001,1011011000110001,0001000001000000,2
0x9270,0xa230,1001001001110000,1010001000110000,0011000001000000,2
0x7def,0x8daf,0111110111101111,1000110110101111,1111000001000000,2
0x69ee,0x59ae,0110100111101110,0101100110101110,0011000001000000,2
0x55ed,0x45ad,0101010111101101,0100010110101101,0001000001000000,2
0x41ec,0x31ac,0100000111101100,0011000110101100,0111000001000000,2
0x2deb,0x1dab,0010110111101011,0001110110101011,0011000001000000,2
0x19ea,0x29aa,0001100111101010,0010100110101010,0011000001000000,2
0x0569,0x1529,0000010101101001,0001010100101001,0001000001000000,2
0xeb67,0xfb27,1110101101100111,1111101100100111,0001000001000000,2
0xdb66,0xcb26,1101101101100110,1100101100100110,0001000001000000,2
0xc365,0xb325,1100001101100101,1011001100100101,0111000001000000,2
0xaf64,0x9f24,1010111101100100,1001111100100100,0011000001000000,2
0x9b63,0x8b23,1001101101100011,1000101100100011,0001000001000000,2
0x8562,0x9522,1000010101100010,1001010100100010,0001000001000000,2
0x7161,0x8121,0111000101100001,1000000100100001,1111000001000000,2
0x5ce0,0x6ca0,0101110011100000,0110110010100000,0011000001000000,2
0x48df,0x589f,0100100011011111,0101100010011111,0001000001000000,2
0x2ede,0x1e9e,0010111011011110,0001111010011110,0011000001000000,2
0x1add,0x0a9d,0001101011011101,0000101010011101,0001000001000000,2
0x06dc,0xf69b,0000011011011100,1111011010011011,1111000001000111,2|3
0xf2da,0x029b,1111001011011010,0000001010011011,1111000001000001,2|3
0xdcd9,0xec99,1101110011011001,1110110010011001,0011000001000000,2
0xc8d8,0xd898,1100100011011000,1101100010011000,0001000001000000,2
0xb2d7,0xa297,1011001011010111,1010001010010111,0001000001000000,2
0x9ed6,0x8e96,1001111011010110,1000111010010110,0001000001000000,2
0x86d5,0x7695,1000011011010101,0111011010010101,1111000001000000,2
0x70d4,0x6094,0111000011010100,0110000010010100,0001000001000000,2
0x5cd3,0x6c93,0101110011010011,0110110010010011,0011000001000000,2
0x46d2,0x5692,0100011011010010,0101011010010010,0001000001000000,2
0x32d1,0x4291,0011001011010001,0100001010010001,0111000001000000,2
0x1ad0,0x0a90,0001101011010000,0000101010010000,0001000001000000,2
0x044f,0xf40e,0000010001001111,1111010000001110,1111000001000001,2|3
0xf04d,0xe00d,1111000001001101,1110000000001101,0001000001000000,2
0xda4c,0xea0c,1101101001001100,1110101000001100,0011000001000000,2
0xc64b,0xd60b,1100011001001011,1101011000001011,0001000001000000,2
0xac4a,0xbc0a,1010110001001010,1011110000001010,0001000001000000,2
0x9849,0xa809,1001100001001001,1010100000001001,0011000001000000,2
0x8248,0x7208,1000001001001000,0111001000001000,1111000001000000,2
0x6e47,0x5e07,0110111001000111,0101111000000111,0011000001000000,2
0x5a46,0x4a06,0101101001000110,0100101000000110,0001000001000000,2
0x4045,0x5005,0100000001000101,0101000000000101,0001000001000000,2
0x2c44,0x3c04,0010110001000100,0011110000000100,0001000001000000,2
0x1643,0x2603,0001011001000011,0010011000000011,0011000001000000,2
0x0242,0xf201,0000001001000010,1111001000000001,1111000001000011,2|3
0xe840,0xd800,1110100001000000,1101100000000000,0011000001000000,2
0xd4bf,0xc47f,1101010010111111,1100010001111111,0001000011000000,2
0xc03e,0xaffe,1100000000111110,1010111111111110,0110111111000000,2
0xaa3d,0xb9fd,1010101000111101,1011100111111101,0001001111000000,2
0x923c,0xa1fc,1001001000111100,1010000111111100,0011001111000000,2
0x7c3b,0x8bfb,0111110000111011,1000101111111011,1111011111000000,2
0x683a,0x57fa,0110100000111010,0101011111111010,0011111111000000,1
0x5239,0x41f9,0101001000111001,0100000111111001,0001001111000000,2
0x3a38,0x29f8,0011101000111000,0010100111111000,0001001111000000,2
0x2437,0x33f7,0010010000110111,0011001111110111,0001011111000000,2
0x1036,0x1ff6,0001000000110110,0001111111110110,0000111111000000,1
0xf634,0x05f5,1111011000110100,0000010111110101,1111001111000001,2|3
0xe233,0xd1f3,1110001000110011,1101000111110011,0011001111000000,2
0xce32,0xbdf2,1100111000110010,1011110111110010,0111001111000000,2
0xb831,0xa7f1,1011100000110001,1010011111110001,0001111111000000,1
0xa030,0x8ff0,1010000000110000,1000111111110000,0010111111000000,2
0x8a2f,0x99ef,1000101000101111,1001100111101111,0001001111000000,2
0x762e,0x85ee,0111011000101110,1000010111101110,1111001111000000,2
0x5c2d,0x6bed,0101110000101101,0110101111101101,0011011111000000,2
0x482c,0x37ec,0100100000101100,0011011111101100,0111111111000000,1
0x342b,0x23eb,0011010000101011,0010001111101011,0001011111000000,2
0x1a2a,0x09ea,0001101000101010,0000100111101010,0001001111000000,2
0x0629,0x15e9,0000011000101001,0001010111101001,0001001111000000,2
0xf027,0xffe7,1111000000100111,1111111111100111,0000111111000000,1
0xd826,0xe7e6,1101100000100110,1110011111100110,0011111111000000,1
0xc225,0xb1e5,1100001000100101,1011000111100101,0111001111000000,2
0xae24,0x9de4,1010111000100100,1001110111100100,0011001111000000,2
0x9423,0x83e3,1001010000100011,1000001111100011,0001011111000000,2
0x7da2,0x8d62,0111110110100010,1000110101100010,1111000011000000,2
0x6921,0x78e1,0110100100100001,0111100011100001,0001000111000000,2
0x4f20,0x5ee0,0100111100100000,0101111011100000,0001000111000000,2
0x391f,0x28df,0011100100011111,0010100011011111,0001000111000000,2
0x1f1e,0x0ede,0001111100011110,0000111011011110,0001000111000000,2
0x0b9d,0xfb5c,0000101110011101,1111101101011100,1111000011000001,2|3
0xf61b,0x05dc,1111011000011011,0000010111011100,1111001111000111,2|3
0xde1a,0xedda,1101111000011010,1110110111011010,0011001111000000,2
0xc899,0xd859,1100100010011001,1101100001011001,0001000011000000,2
0xb498,0xc458,1011010010011000,1100010001011000,0111000011000000,2
0x9c97,0x8c57,1001110010010111,1000110001010111,0001000011000000,2
0x8916,0x78d6,1000100100010110,0111100011010110,1111000111000000,2
0x7115,0x60d5,0111000100010101,0110000011010101,0001000111000000,2
0x5b14,0x6ad4,0101101100010100,0110101011010100,0011000111000000,2
0x4313,0x52d3,0100001100010011,0101001011010011,0001000111000000,2
0x2f92,0x3f52,0010111110010010,0011111101010010,0001000011000000,2
0x1b91,0x2b51,0001101110010001,0010101101010001,0011000011000000,2
0x0390,0xf34f,0000001110010000,1111001101001111,1111000011011111,2|3
0xf18e,0xe14e,1111000110001110,1110000101001110,0001000011000000,2
0xd98d,0xc94d,1101100110001101,1100100101001101,0001000011000000,2
0xc60c,0xb5cc,1100011000001100,1011010111001100,0111001111000000,2
0xb20b,0xa1cb,1011001000001011,1010000111001011,0001001111000000,2
0x9a0a,0xa9ca,1001101000001010,1010100111001010,0011001111000000,2
0x8609,0x95c9,1000011000001001,1001010111001001,0001001111000000,2
0x7008,0x7fc8,0111000000001000,0111111111001000,0000111111000000,1
0x5c07,0x6bc7,0101110000000111,0110101111000111,0011011111000000,2
0x4486,0x3446,0100010010000110,0011010001000110,0111000011000000,2
0x3085,0x2045,0011000010000101,0010000001000101,0001000011000000,2
0x1a84,0x0a44,0001101010000100,0000101001000100,0001000011000000,2
0x0683,0xf642,0000011010000011,1111011001000010,1111000011000001,2|3
0xf281,0xe241,1111001010000001,1110001001000001,0001000011000000,2
0xdc80,0xec40,1101110010000000,1110110001000000,0011000011000000,2
0xc47f,0xd43f,1100010001111111,1101010000111111,0001000001000000,2
0xb27e,0xc23e,1011001001111110,1100001000111110,0111000001000000,2
0x9e7d,0xae3d,1001111001111101,1010111000111101,0011000001000000,2
0x867c,0x963c,1000011001111100,1001011000111100,0001000001000000,2
0x747b,0x643b,0111010001111011,0110010000111011,0001000001000000,2
0x5c7a,0x4c3a,0101110001111010,0100110000111010,0001000001000000,2
0x4af9,0x3ab9,0100101011111001,0011101010111001,0111000001000000,2
0x32f8,0x22b8,0011001011111000,0010001010111000,0001000001000000,2
0x1ef7,0x0eb7,0001111011110111,0000111010110111,0001000001000000,2
0x08f6,0x18b6,0000100011110110,0001100010110110,0001000001000000,2
0xf4f4,0x04b5,1111010011110100,0000010010110101,1111000001000001,2|3
0xdef3,0xeeb3,1101111011110011,1110111010110011,0011000001000000,2
0xcaf2,0xdab2,1100101011110010,1101101010110010,0001000001000000,2
0xb4f1,0xc4b1,1011010011110001,1100010010110001,0111000001000000,2
0xa0f0,0x90b0,1010000011110000,1001000010110000,0011000001000000,2
0x8aef,0x7aaf,1000101011101111,0111101010101111,1111000001000000,2
0x76ee,0x66ae,0111011011101110,0110011010101110,0001000001000000,2
0x60ed,0x50ad,0110000011101101,0101000010101101,0011000001000000,2
0x4cec,0x3cac,0100110011101100,0011110010101100,0111000001000000,2
0x36eb,0x26ab,0011011011101011,0010011010101011,0001000001000000,2
0x22ea,0x32aa,0010001011101010,0011001010101010,0001000001000000,2
0x0ce9,0x1ca9,0000110011101001,0001110010101001,0001000001000000,2
0xf8e7,0x08a8,1111100011100111,0000100010101000,1111000001001111,2|3
0xe2e6,0xf2a6,1110001011100110,1111001010100110,0001000001000000,2
0xb8e5,0xa8a5,1011100011100101,1010100010100101,0001000001000000,2
0xa2e4,0x92a4,1010001011100100,1001001010100100,0011000001000000,2
0x8ee3,0x7ea3,1000111011100011,0111111010100011,1111000001000000,2
0x78e2,0x68a2,0111100011100010,0110100010100010,0001000001000000,2
0x64e1,0x54a1,0110010011100001,0101010010100001,0011000001000000,2
0x4ee0,0x3ea0,0100111011100000,0011111010100000,0111000001000000,2
0x3adf,0x4a9f,0011101011011111,0100101010011111,0111000001000000,2
0x24de,0x349e,0010010011011110,0011010010011110,0001000001000000,2
0x12dd,0x229d,0001001011011101,0010001010011101,0011000001000000,2
0xfadb,0x0a9c,1111101011011011,0000101010011100,1111000001000111,2|3
0xe4da,0xf49a,1110010011011010,1111010010011010,0001000001000000,2
0xd0d9,0xc099,1101000011011001,1100000010011001,0001000001000000,2
0xb6d8,0xa698,1011011011011000,1010011010011000,0001000001000000,2
0xa4d7,0x9497,1010010011010111,1001010010010111,0011000001000000,2
0x90d6,0x8096,1001000011010110,1000000010010110,0001000001000000,2
0x7cd5,0x6c95,0111110011010101,0110110010010101,0001000001000000,2
0x66d4,0x5694,0110011011010100,0101011010010100,0011000001000000,2
0x50d3,0x6093,0101000011010011,0110000010010011,0011000001000000,2
0x3cd2,0x4c92,0011110011010010,0100110010010010,0111000001000000,2
0x26d1,0x3691,0010011011010001,0011011010010001,0001000001000000,2
0x12d0,0x2290,0001001011010000,0010001010010000,0011000001000000,2
0xfcce,0x0c8f,1111110011001110,0000110010001111,1111000001000001,2|3
0xe8cd,0xd88d,1110100011001101,1101100010001101,0011000001000000,2
0xd2cc,0xc28c,1101001011001100,1100001010001100,0001000001000000,2
0xbecb,0xae8b,1011111011001011,1010111010001011,0001000001000000,2
0xa8ca,0x988a,1010100011001010,1001100010001010,0011000001000000,2
0x92c9,0x8289,1001001011001001,1000001010001001,0001000001000000,2
0x7ec8,0x6e88,0111111011001000,0110111010001000,0001000001000000,2
0x68c7,0x7887,0110100011000111,0111100010000111,0001000001000000,2
0x50c6,0x6086,0101000011000110,0110000010000110,0011000001000000,2
0x3ec5,0x4e85,0011111011000101,0100111010000101,0111000001000000,2
0x28c4,0x3884,0010100011000100,0011100010000100,0001000001000000,2
0x14c3,0x2483,0001010011000011,0010010010000011,0011000001000000,2
0xfec1,0x0e82,1111111011000001,0000111010000010,1111000001000011,2|3
0xe6c0,0xd680,1110011011000000,1101011010000000,0011000001000000,2
0xd4bf,0xc47f,1101010010111111,1100010001111111,0001000011000000,2
0xbcbe,0xac7e,1011110010111110,1010110001111110,0001000011000000,2
0xaabd,0x9a7d,1010101010111101,1001101001111101,0011000011000000,2
0x92bc,0x827c,1001001010111100,1000001001111100,0001000011000000,2
0x7cbb,0x8c7b,0111110010111011,1000110001111011,1111000011000000,2
0x6aba,0x7a7a,0110101010111010,0111101001111010,0001000011000000,2
0x52b9,0x6279,0101001010111001,0110001001111001,0011000011000000,2
0x40b8,0x5078,0100000010111000,0101000001111000,0001000011000000,2
0x28b7,0x3877,0010100010110111,0011100001110111,0001000011000000,2
0x12b6,0x2276,0001001010110110,0010001001110110,0011000011000000,2
0xfeb4,0xee74,1111111010110100,1110111001110100,0001000011000000,2
0xe8b3,0xd873,1110100010110011,1101100001110011,0011000011000000,2
0xd2b2,0xc272,1101001010110010,1100001001110010,0001000011000000,2
0xbeb1,0xae71,1011111010110001,1010111001110001,0001000011000000,2
0xa8b0,0x9870,1010100010110000,1001100001110000,0011000011000000,2
0x90af,0xa06f,1001000010101111,1010000001101111,0011000011000000,2
0x7eae,0x8e6e,0111111010101110,1000111001101110,1111000011000000,2
0x50ad,0x60ed,0101000010101101,0110000011101101,0011000001000000,2
0x3cac,0x4cec,0011110010101100,0100110011101100,0111000001000000,2
0x26ab,0x36eb,0010011010101011,0011011011101011,0001000001000000,2
0x10aa,0x00ea,0001000010101010,0000000011101010,0001000001000000,2
0xe6a8,0xd6e8,1110011010101000,1101011011101000,0011000001000000,2
0xcea7,0xbee7,1100111010100111,1011111011100111,0111000001000000,2
0xbca6,0xace6,1011110010100110,1010110011100110,0001000001000000,2
0xa4a5,0xb4e5,1010010010100101,1011010011100101,0001000001000000,2
0x8ea4,0x9ee4,1000111010100100,1001111011100100,0001000001000000,2
0x7ca3,0x8ce3,0111110010100011,1000110011100011,1111000001000000,2
0x64a2,0x74e2,0110010010100010,0111010011100010,0001000001000000,2
0x4ea1,0x5ee1,0100111010100001,0101111011100001,0001000001000000,2
0x3aa0,0x4ae0,0011101010100000,0100101011100000,0111000001000000,2
0x249f,0x14df,0010010010011111,0001010011011111,0011000001000000,2
0x0c9e,0xfcdd,0000110010011110,1111110011011101,1111000001000011,2|3
0x0000,0xeeff,0000000000000000,1110111011111111,1110111011111111,2|3
0xfb1c,0xeb5c,1111101100011100,1110101101011100,0001000001000000,2
0xe49b,0xd4db,1110010010011011,1101010011011011,0011000001000000,2
0xcc9a,0xbcda,1100110010011010,1011110011011010,0111000001000000,2
0xb699,0xa6d9,1011011010011001,1010011011011001,0001000001000000,2
0xa298,0xb2d8,1010001010011000,1011001011011000,0001000001000000,2
0x8c97,0x9cd7,1000110010010111,1001110011010111,0001000001000000,2
0x7516,0x8556,0111010100010110,1000010101010110,1111000001000000,2
0x5f15,0x6f55,0101111100010101,0110111101010101,0011000001000000,2
0x4d14,0x5d54,0100110100010100,0101110101010100,0001000001000000,2
0x3493,0x24d3,0011010010010011,0010010011010011,0001000001000000,2
0x1e92,0x0ed2,0001111010010010,0000111011010010,0001000001000000,2
0x0a91,0xfad0,0000101010010001,1111101011010000,1111000001000001,2|3
0xf48f,0xe4cf,1111010010001111,1110010011001111,0001000001000000,2
0xdd0e,0xcd4e,1101110100001110,1100110101001110,0001000001000000,2
0xc70d,0xb74d,1100011100001101,1011011101001101,0111000001000000,2
0xb48c,0xc4cc,1011010010001100,1100010011001100,0111000001000000,2
0x9d0b,0xad4b,1001110100001011,1010110101001011,0011000001000000,2
0x870a,0x974a,1000011100001010,1001011101001010,0001000001000000,2
0x7509,0x8549,0111010100001001,1000010101001001,1111000001000000,2
0x5d08,0x6d48,0101110100001000,0110110101001000,0011000001000000,2
0x4707,0x5747,0100011100000111,0101011101000111,0001000001000000,2
0x2f06,0x1f46,0010111100000110,0001111101000110,0011000001000000,2
0x1d05,0x0d45,0001110100000101,0000110101000101,0001000001000000,2
0x0704,0xf743,0000011100000100,1111011101000011,1111000001000111,2|3
0xee82,0xdec2,1110111010000010,1101111011000010,0011000001000000,2
0xd881,0xc8c1,1101100010000001,1100100011000001,0001000001000000,2
0xc080,0xd0c0,1100000010000000,1101000011000000,0001000001000000,2
0xae7f,0xbebf,1010111001111111,1011111010111111,0001000011000000,2
0x987e,0xa8be,1001100001111110,1010100010111110,0011000011000000,2
0x807d,0x90bd,1000000001111101,1001000010111101,0001000011000000,2
0x6e7c,0x7ebc,0110111001111100,0111111010111100,0001000011000000,2
0x567b,0x66bb,0101011001111011,0110011010111011,0011000011000000,2
0x407a,0x30ba,0100000001111010,0011000010111010,0111000011000000,2
0x2879,0x18b9,0010100001111001,0001100010111001,0011000011000000,2
0x1278,0x02b8,0001001001111000,0000001010111000,0001000011000000,2
0xfc76,0xecb6,1111110001110110,1110110010110110,0001000011000000,2
0x3d3a,0x2cfa,0011110100111010,0010110011111010,0001000111000000,2
0x0000,0xde8c,0000000000000000,1101111010001100,1101111010001100,4
